transaction_id,investor_id,agent_id,fund_id,transaction_type,transaction_status,trade_date,settlement_date,units,price,gross_amount,fee_amount,net_amount,currency_code,created_at,updated_at
1,33,3,2,REDEMPTION,SETTLED,2026-01-01,2026-01-03,257.362642,186.6307,-48031.77,0,-48031.77,USD,2026-01-01T10:00:00,
2,19,1,3,SUBSCRIPTION,SETTLED,2026-01-01,2026-01-03,967.015602,32.4129,31343.78,0,31343.78,USD,2026-01-01T10:00:00,
3,44,1,2,SUBSCRIPTION,SETTLED,2026-01-01,2026-01-03,678.180695,15.8621,10757.37,0,10757.37,USD,2026-01-01T10:00:00,
4,31,2,3,REDEMPTION,SETTLED,2026-01-01,2026-01-03,41.735227,109.4658,-4568.58,0,-4568.58,USD,2026-01-01T10:00:00,
5,46,3,3,SUBSCRIPTION,SETTLED,2026-01-01,2026-01-03,453.199125,45.4171,20582.99,0,20582.99,USD,2026-01-01T10:00:00,
6,49,3,1,REDEMPTION,SETTLED,2026-01-01,2026-01-03,57.753721,202.9864,-11723.22,0,-11723.22,USD,2026-01-01T10:00:00,
7,4,3,3,SUBSCRIPTION,SETTLED,2026-01-01,2026-01-03,356.070223,119.5508,42568.48,0,42568.48,USD,2026-01-01T10:00:00,
8,43,2,3,REDEMPTION,SETTLED,2026-01-01,2026-01-03,126.789729,238.0095,-30177.16,0,-30177.16,USD,2026-01-01T10:00:00,
9,40,2,3,REDEMPTION,SETTLED,2026-01-01,2026-01-03,96.247624,227.6451,-21910.3,0,-21910.3,USD,2026-01-01T10:00:00,
10,11,2,3,REDEMPTION,SETTLED,2026-01-01,2026-01-03,121.062101,190.4264,-23053.42,0,-23053.42,USD,2026-01-01T10:00:00,
11,50,1,3,SUBSCRIPTION,SETTLED,2026-01-01,2026-01-03,110.090128,115.5694,12723.05,0,12723.05,USD,2026-01-01T10:00:00,
12,18,1,2,SUBSCRIPTION,SETTLED,2026-01-02,2026-01-04,635.676629,43.2098,27467.46,0,27467.46,USD,2026-01-02T10:00:00,
13,25,1,3,SUBSCRIPTION,SETTLED,2026-01-02,2026-01-04,104.808508,109.5683,11483.69,0,11483.69,USD,2026-01-02T10:00:00,
14,35,2,2,SUBSCRIPTION,SETTLED,2026-01-02,2026-01-04,100.464206,110.8344,11134.89,0,11134.89,USD,2026-01-02T10:00:00,
15,49,3,3,SUBSCRIPTION,SETTLED,2026-01-02,2026-01-04,13.650512,94.4221,1288.91,0,1288.91,USD,2026-01-02T10:00:00,
16,27,3,3,REDEMPTION,SETTLED,2026-01-02,2026-01-04,179.353743,154.7806,-27760.48,0,-27760.48,USD,2026-01-02T10:00:00,
17,32,2,1,SUBSCRIPTION,SETTLED,2026-01-02,2026-01-04,239.98347,103.3257,24796.46,0,24796.46,USD,2026-01-02T10:00:00,
18,47,3,1,REDEMPTION,SETTLED,2026-01-02,2026-01-04,187.70396,245.3733,-46057.54,0,-46057.54,USD,2026-01-02T10:00:00,
19,26,3,3,SUBSCRIPTION,SETTLED,2026-01-02,2026-01-04,14.172662,164.2599,2328.0,0,2328.0,USD,2026-01-02T10:00:00,
20,30,2,1,SUBSCRIPTION,SETTLED,2026-01-02,2026-01-04,321.983108,60.7985,19576.09,0,19576.09,USD,2026-01-02T10:00:00,
21,22,3,2,SUBSCRIPTION,SETTLED,2026-01-02,2026-01-04,428.232454,111.1756,47609.0,0,47609.0,USD,2026-01-02T10:00:00,
22,31,2,1,REDEMPTION,SETTLED,2026-01-02,2026-01-04,14.896333,238.4607,-3552.19,0,-3552.19,USD,2026-01-02T10:00:00,
23,5,1,3,SUBSCRIPTION,SETTLED,2026-01-03,2026-01-05,36.345244,69.348,2520.47,0,2520.47,USD,2026-01-03T10:00:00,
24,40,2,1,SUBSCRIPTION,SETTLED,2026-01-03,2026-01-05,646.254422,37.4535,24204.49,0,24204.49,USD,2026-01-03T10:00:00,
25,30,2,3,SUBSCRIPTION,SETTLED,2026-01-03,2026-01-05,122.742066,155.4142,19075.86,0,19075.86,USD,2026-01-03T10:00:00,
26,50,1,1,REDEMPTION,SETTLED,2026-01-03,2026-01-05,389.588438,16.1628,-6296.84,0,-6296.84,USD,2026-01-03T10:00:00,
27,37,1,3,REDEMPTION,SETTLED,2026-01-03,2026-01-05,82.177587,235.9529,-19390.04,0,-19390.04,USD,2026-01-03T10:00:00,
28,5,1,3,REDEMPTION,SETTLED,2026-01-03,2026-01-05,921.018217,34.4563,-31734.88,0,-31734.88,USD,2026-01-03T10:00:00,
29,44,1,3,REDEMPTION,SETTLED,2026-01-03,2026-01-05,274.407401,145.8238,-40015.13,0,-40015.13,USD,2026-01-03T10:00:00,
30,23,3,3,SUBSCRIPTION,SETTLED,2026-01-03,2026-01-05,145.764913,131.4306,19157.97,0,19157.97,USD,2026-01-03T10:00:00,
31,1,3,2,REDEMPTION,SETTLED,2026-01-03,2026-01-05,25.651214,240.589,-6171.4,0,-6171.4,USD,2026-01-03T10:00:00,
32,46,3,1,SUBSCRIPTION,SETTLED,2026-01-03,2026-01-05,152.891499,241.7137,36955.97,0,36955.97,USD,2026-01-03T10:00:00,
33,40,2,3,REDEMPTION,SETTLED,2026-01-03,2026-01-05,114.224386,208.1763,-23778.81,0,-23778.81,USD,2026-01-03T10:00:00,
34,21,1,1,REDEMPTION,SETTLED,2026-01-03,2026-01-05,23.676359,221.5915,-5246.48,0,-5246.48,USD,2026-01-03T10:00:00,
35,49,3,2,SUBSCRIPTION,SETTLED,2026-01-03,2026-01-05,371.864943,90.7352,33741.24,0,33741.24,USD,2026-01-03T10:00:00,
36,21,1,1,SUBSCRIPTION,SETTLED,2026-01-03,2026-01-05,255.35063,72.0046,18386.42,0,18386.42,USD,2026-01-03T10:00:00,
37,39,2,3,REDEMPTION,SETTLED,2026-01-03,2026-01-05,210.71464,133.9905,-28233.76,0,-28233.76,USD,2026-01-03T10:00:00,
38,6,1,1,REDEMPTION,SETTLED,2026-01-03,2026-01-05,129.924854,191.9595,-24940.31,0,-24940.31,USD,2026-01-03T10:00:00,
39,42,2,3,SUBSCRIPTION,SETTLED,2026-01-03,2026-01-05,1232.609301,32.3328,39853.71,0,39853.71,USD,2026-01-03T10:00:00,
40,26,3,3,SUBSCRIPTION,SETTLED,2026-01-03,2026-01-05,340.222939,98.5649,33534.04,0,33534.04,USD,2026-01-03T10:00:00,
41,48,1,3,SUBSCRIPTION,SETTLED,2026-01-04,2026-01-06,472.406521,75.0199,35439.89,0,35439.89,USD,2026-01-04T10:00:00,
42,15,1,1,REDEMPTION,SETTLED,2026-01-04,2026-01-06,87.427473,188.2915,-16461.85,0,-16461.85,USD,2026-01-04T10:00:00,
43,13,2,1,REDEMPTION,SETTLED,2026-01-04,2026-01-06,96.029,151.5009,-14548.48,0,-14548.48,USD,2026-01-04T10:00:00,
44,7,3,1,SUBSCRIPTION,SETTLED,2026-01-04,2026-01-06,226.341403,82.5442,18683.17,0,18683.17,USD,2026-01-04T10:00:00,
45,18,1,1,REDEMPTION,SETTLED,2026-01-04,2026-01-06,158.499032,177.3802,-28114.59,0,-28114.59,USD,2026-01-04T10:00:00,
46,41,3,2,SUBSCRIPTION,SETTLED,2026-01-04,2026-01-06,20.462313,78.2414,1601.0,0,1601.0,USD,2026-01-04T10:00:00,
47,29,1,2,SUBSCRIPTION,SETTLED,2026-01-04,2026-01-06,14.913636,235.8553,3517.46,0,3517.46,USD,2026-01-04T10:00:00,
48,8,3,1,SUBSCRIPTION,SETTLED,2026-01-04,2026-01-06,28.745988,161.067,4630.03,0,4630.03,USD,2026-01-04T10:00:00,
49,10,1,1,REDEMPTION,SETTLED,2026-01-04,2026-01-06,1560.507696,30.4434,-47507.16,0,-47507.16,USD,2026-01-04T10:00:00,
50,8,3,3,REDEMPTION,SETTLED,2026-01-04,2026-01-06,153.718581,199.7778,-30709.56,0,-30709.56,USD,2026-01-04T10:00:00,
51,50,1,3,SUBSCRIPTION,SETTLED,2026-01-04,2026-01-06,559.415251,81.3648,45516.71,0,45516.71,USD,2026-01-04T10:00:00,
52,20,2,3,SUBSCRIPTION,SETTLED,2026-01-04,2026-01-06,164.54365,187.6214,30871.91,0,30871.91,USD,2026-01-04T10:00:00,
53,41,3,1,SUBSCRIPTION,SETTLED,2026-01-04,2026-01-06,73.677177,67.5676,4978.19,0,4978.19,USD,2026-01-04T10:00:00,
54,11,2,1,SUBSCRIPTION,SETTLED,2026-01-04,2026-01-06,283.266601,122.779,34779.19,0,34779.19,USD,2026-01-04T10:00:00,
55,19,1,3,SUBSCRIPTION,SETTLED,2026-01-05,2026-01-07,1592.163748,27.0831,43120.73,0,43120.73,USD,2026-01-05T10:00:00,
56,17,3,3,SUBSCRIPTION,SETTLED,2026-01-05,2026-01-07,702.744769,57.4766,40391.38,0,40391.38,USD,2026-01-05T10:00:00,
57,35,2,1,SUBSCRIPTION,SETTLED,2026-01-05,2026-01-07,218.397391,208.3915,45512.16,0,45512.16,USD,2026-01-05T10:00:00,
58,4,3,1,REDEMPTION,SETTLED,2026-01-05,2026-01-07,145.11353,207.8177,-30157.16,0,-30157.16,USD,2026-01-05T10:00:00,
59,29,1,1,SUBSCRIPTION,SETTLED,2026-01-05,2026-01-07,149.157333,106.602,15900.47,0,15900.47,USD,2026-01-05T10:00:00,
60,33,3,3,SUBSCRIPTION,SETTLED,2026-01-05,2026-01-07,252.555375,19.5666,4941.65,0,4941.65,USD,2026-01-05T10:00:00,
61,48,1,2,SUBSCRIPTION,SETTLED,2026-01-05,2026-01-07,34.913977,64.9419,2267.38,0,2267.38,USD,2026-01-05T10:00:00,
62,49,3,3,REDEMPTION,SETTLED,2026-01-05,2026-01-07,151.36772,193.1462,-29236.1,0,-29236.1,USD,2026-01-05T10:00:00,
63,31,2,3,SUBSCRIPTION,SETTLED,2026-01-05,2026-01-07,856.792339,53.5574,45887.57,0,45887.57,USD,2026-01-05T10:00:00,
64,41,3,2,REDEMPTION,SETTLED,2026-01-05,2026-01-07,222.497512,108.0035,-24030.51,0,-24030.51,USD,2026-01-05T10:00:00,
65,43,2,1,REDEMPTION,SETTLED,2026-01-05,2026-01-07,97.236031,176.4817,-17160.38,0,-17160.38,USD,2026-01-05T10:00:00,
66,26,3,3,SUBSCRIPTION,SETTLED,2026-01-06,2026-01-08,75.308215,70.5757,5314.93,0,5314.93,USD,2026-01-06T10:00:00,
67,50,1,2,REDEMPTION,SETTLED,2026-01-06,2026-01-08,4030.772749,10.2763,-41421.43,0,-41421.43,USD,2026-01-06T10:00:00,
68,27,3,1,SUBSCRIPTION,SETTLED,2026-01-06,2026-01-08,97.768426,191.5464,18727.19,0,18727.19,USD,2026-01-06T10:00:00,
69,49,3,1,SUBSCRIPTION,SETTLED,2026-01-06,2026-01-08,119.977562,232.6415,27911.76,0,27911.76,USD,2026-01-06T10:00:00,
70,45,3,2,SUBSCRIPTION,SETTLED,2026-01-06,2026-01-08,311.81989,156.1292,48684.19,0,48684.19,USD,2026-01-06T10:00:00,
71,46,3,1,SUBSCRIPTION,SETTLED,2026-01-06,2026-01-08,15.475204,107.9178,1670.05,0,1670.05,USD,2026-01-06T10:00:00,
72,8,3,2,REDEMPTION,SETTLED,2026-01-06,2026-01-08,697.244058,46.9531,-32737.77,0,-32737.77,USD,2026-01-06T10:00:00,
73,33,3,3,SUBSCRIPTION,SETTLED,2026-01-06,2026-01-08,170.846009,245.2587,41901.47,0,41901.47,USD,2026-01-06T10:00:00,
74,30,2,3,SUBSCRIPTION,SETTLED,2026-01-06,2026-01-08,67.207473,153.8506,10339.91,0,10339.91,USD,2026-01-06T10:00:00,
75,5,1,2,REDEMPTION,SETTLED,2026-01-06,2026-01-08,468.12453,91.5701,-42866.21,0,-42866.21,USD,2026-01-06T10:00:00,
76,1,3,2,REDEMPTION,SETTLED,2026-01-06,2026-01-08,281.779522,149.1816,-42036.32,0,-42036.32,USD,2026-01-06T10:00:00,
77,10,1,2,SUBSCRIPTION,SETTLED,2026-01-06,2026-01-08,125.726835,142.4602,17911.07,0,17911.07,USD,2026-01-06T10:00:00,
78,30,2,2,REDEMPTION,SETTLED,2026-01-06,2026-01-08,728.800401,67.3133,-49057.96,0,-49057.96,USD,2026-01-06T10:00:00,
79,15,1,2,SUBSCRIPTION,SETTLED,2026-01-06,2026-01-08,209.146817,179.2547,37490.55,0,37490.55,USD,2026-01-06T10:00:00,
80,25,1,3,REDEMPTION,SETTLED,2026-01-06,2026-01-08,708.498386,46.5053,-32948.93,0,-32948.93,USD,2026-01-06T10:00:00,
81,9,2,3,REDEMPTION,SETTLED,2026-01-06,2026-01-08,506.57103,34.0875,-17267.74,0,-17267.74,USD,2026-01-06T10:00:00,
82,7,3,3,REDEMPTION,SETTLED,2026-01-06,2026-01-08,39.285562,44.5973,-1752.03,0,-1752.03,USD,2026-01-06T10:00:00,
83,5,1,2,REDEMPTION,SETTLED,2026-01-06,2026-01-08,87.642051,159.5823,-13986.12,0,-13986.12,USD,2026-01-06T10:00:00,
84,6,1,2,REDEMPTION,SETTLED,2026-01-07,2026-01-09,425.956426,101.2023,-43107.77,0,-43107.77,USD,2026-01-07T10:00:00,
85,41,3,3,REDEMPTION,SETTLED,2026-01-07,2026-01-09,178.123235,139.8438,-24909.43,0,-24909.43,USD,2026-01-07T10:00:00,
86,16,2,3,REDEMPTION,SETTLED,2026-01-07,2026-01-09,233.472763,64.5967,-15081.57,0,-15081.57,USD,2026-01-07T10:00:00,
87,28,1,1,REDEMPTION,SETTLED,2026-01-07,2026-01-09,1040.119631,34.1217,-35490.65,0,-35490.65,USD,2026-01-07T10:00:00,
88,45,3,2,REDEMPTION,SETTLED,2026-01-07,2026-01-09,16.180876,201.0744,-3253.56,0,-3253.56,USD,2026-01-07T10:00:00,
89,23,3,2,SUBSCRIPTION,SETTLED,2026-01-07,2026-01-09,119.06864,108.8924,12965.67,0,12965.67,USD,2026-01-07T10:00:00,
90,11,2,1,SUBSCRIPTION,SETTLED,2026-01-07,2026-01-09,275.12759,158.7305,43671.14,0,43671.14,USD,2026-01-07T10:00:00,
91,32,2,3,SUBSCRIPTION,SETTLED,2026-01-07,2026-01-09,332.555606,70.9546,23596.35,0,23596.35,USD,2026-01-07T10:00:00,
92,43,2,1,REDEMPTION,SETTLED,2026-01-07,2026-01-09,301.112593,79.0316,-23797.41,0,-23797.41,USD,2026-01-07T10:00:00,
93,5,1,2,REDEMPTION,SETTLED,2026-01-07,2026-01-09,603.872147,81.797,-49394.93,0,-49394.93,USD,2026-01-07T10:00:00,
94,45,3,2,SUBSCRIPTION,SETTLED,2026-01-07,2026-01-09,63.253868,249.8497,15803.96,0,15803.96,USD,2026-01-07T10:00:00,
95,7,3,1,SUBSCRIPTION,SETTLED,2026-01-07,2026-01-09,229.467198,81.0094,18589.0,0,18589.0,USD,2026-01-07T10:00:00,
96,2,2,3,SUBSCRIPTION,SETTLED,2026-01-07,2026-01-09,6.41864,217.6162,1396.8,0,1396.8,USD,2026-01-07T10:00:00,
97,39,2,3,SUBSCRIPTION,SETTLED,2026-01-07,2026-01-09,575.747459,78.6866,45303.61,0,45303.61,USD,2026-01-07T10:00:00,
98,39,2,2,SUBSCRIPTION,SETTLED,2026-01-07,2026-01-09,147.062169,70.1504,10316.47,0,10316.47,USD,2026-01-07T10:00:00,
99,41,3,1,REDEMPTION,SETTLED,2026-01-07,2026-01-09,388.271639,84.1439,-32670.69,0,-32670.69,USD,2026-01-07T10:00:00,
100,3,3,3,SUBSCRIPTION,SETTLED,2026-01-07,2026-01-09,32.58358,228.3107,7439.18,0,7439.18,USD,2026-01-07T10:00:00,
101,48,1,2,SUBSCRIPTION,SETTLED,2026-01-07,2026-01-09,53.606357,139.4579,7475.83,0,7475.83,USD,2026-01-07T10:00:00,
102,33,3,2,REDEMPTION,SETTLED,2026-01-08,2026-01-10,65.367276,207.9256,-13591.53,0,-13591.53,USD,2026-01-08T10:00:00,
103,19,1,3,REDEMPTION,SETTLED,2026-01-08,2026-01-10,330.127084,122.3995,-40407.39,0,-40407.39,USD,2026-01-08T10:00:00,
104,10,1,1,REDEMPTION,SETTLED,2026-01-08,2026-01-10,148.811943,245.1861,-36486.62,0,-36486.62,USD,2026-01-08T10:00:00,
105,6,1,2,SUBSCRIPTION,SETTLED,2026-01-08,2026-01-10,229.058839,119.1486,27292.04,0,27292.04,USD,2026-01-08T10:00:00,
106,38,2,2,REDEMPTION,SETTLED,2026-01-08,2026-01-10,1307.506854,36.0031,-47074.3,0,-47074.3,USD,2026-01-08T10:00:00,
107,31,2,1,SUBSCRIPTION,SETTLED,2026-01-08,2026-01-10,532.174163,88.7215,47215.29,0,47215.29,USD,2026-01-08T10:00:00,
108,42,2,1,SUBSCRIPTION,SETTLED,2026-01-08,2026-01-10,133.228486,178.2585,23749.11,0,23749.11,USD,2026-01-08T10:00:00,
109,8,3,1,SUBSCRIPTION,SETTLED,2026-01-08,2026-01-10,11.337887,249.0226,2823.39,0,2823.39,USD,2026-01-08T10:00:00,
110,7,3,1,REDEMPTION,SETTLED,2026-01-08,2026-01-10,64.332889,118.8745,-7647.54,0,-7647.54,USD,2026-01-08T10:00:00,
111,38,2,3,REDEMPTION,SETTLED,2026-01-08,2026-01-10,265.491894,167.1813,-44385.28,0,-44385.28,USD,2026-01-08T10:00:00,
112,40,2,2,REDEMPTION,SETTLED,2026-01-08,2026-01-10,83.72225,175.6674,-14707.27,0,-14707.27,USD,2026-01-08T10:00:00,
113,29,1,2,REDEMPTION,SETTLED,2026-01-08,2026-01-10,1268.043528,33.8451,-42917.06,0,-42917.06,USD,2026-01-08T10:00:00,
114,35,2,3,SUBSCRIPTION,SETTLED,2026-01-08,2026-01-10,369.168792,55.5541,20508.84,0,20508.84,USD,2026-01-08T10:00:00,
115,30,2,1,SUBSCRIPTION,SETTLED,2026-01-08,2026-01-10,211.613476,153.315,32443.52,0,32443.52,USD,2026-01-08T10:00:00,
116,4,3,2,SUBSCRIPTION,SETTLED,2026-01-08,2026-01-10,49.280646,145.4987,7170.27,0,7170.27,USD,2026-01-08T10:00:00,
117,49,3,3,SUBSCRIPTION,SETTLED,2026-01-08,2026-01-10,52.95014,218.7269,11581.62,0,11581.62,USD,2026-01-08T10:00:00,
118,39,2,1,SUBSCRIPTION,SETTLED,2026-01-09,2026-01-11,199.255324,247.0066,49217.38,0,49217.38,USD,2026-01-09T10:00:00,
119,12,1,1,SUBSCRIPTION,SETTLED,2026-01-09,2026-01-11,166.8249,13.5665,2263.23,0,2263.23,USD,2026-01-09T10:00:00,
120,38,2,2,SUBSCRIPTION,SETTLED,2026-01-09,2026-01-11,346.419657,40.4221,14003.01,0,14003.01,USD,2026-01-09T10:00:00,
121,34,3,1,REDEMPTION,SETTLED,2026-01-09,2026-01-11,123.706501,196.7241,-24336.05,0,-24336.05,USD,2026-01-09T10:00:00,
122,29,1,3,SUBSCRIPTION,SETTLED,2026-01-09,2026-01-11,168.746705,184.5383,31140.23,0,31140.23,USD,2026-01-09T10:00:00,
123,30,2,3,REDEMPTION,SETTLED,2026-01-09,2026-01-11,31.854809,124.9557,-3980.44,0,-3980.44,USD,2026-01-09T10:00:00,
124,28,1,3,SUBSCRIPTION,SETTLED,2026-01-09,2026-01-11,308.339359,116.455,35907.66,0,35907.66,USD,2026-01-09T10:00:00,
125,21,1,3,SUBSCRIPTION,SETTLED,2026-01-09,2026-01-11,44.942197,159.8362,7183.39,0,7183.39,USD,2026-01-09T10:00:00,
126,25,1,3,SUBSCRIPTION,SETTLED,2026-01-09,2026-01-11,149.592408,155.3024,23232.06,0,23232.06,USD,2026-01-09T10:00:00,
127,45,3,1,REDEMPTION,SETTLED,2026-01-09,2026-01-11,169.081131,194.5511,-32894.92,0,-32894.92,USD,2026-01-09T10:00:00,
128,29,1,1,SUBSCRIPTION,SETTLED,2026-01-10,2026-01-12,393.050394,105.6952,41543.54,0,41543.54,USD,2026-01-10T10:00:00,
129,21,1,2,SUBSCRIPTION,SETTLED,2026-01-10,2026-01-12,56.474402,238.8622,13489.6,0,13489.6,USD,2026-01-10T10:00:00,
130,5,1,1,REDEMPTION,SETTLED,2026-01-10,2026-01-12,167.842836,33.1755,-5568.27,0,-5568.27,USD,2026-01-10T10:00:00,
131,9,2,3,SUBSCRIPTION,SETTLED,2026-01-10,2026-01-12,330.616627,144.804,47874.61,0,47874.61,USD,2026-01-10T10:00:00,
132,27,3,2,REDEMPTION,SETTLED,2026-01-10,2026-01-12,422.541092,111.5048,-47115.36,0,-47115.36,USD,2026-01-10T10:00:00,
133,19,1,3,SUBSCRIPTION,SETTLED,2026-01-10,2026-01-12,46.110761,131.779,6076.43,0,6076.43,USD,2026-01-10T10:00:00,
134,43,2,2,SUBSCRIPTION,SETTLED,2026-01-10,2026-01-12,29.605486,212.8896,6302.7,0,6302.7,USD,2026-01-10T10:00:00,
135,8,3,2,SUBSCRIPTION,SETTLED,2026-01-10,2026-01-12,190.539295,212.8372,40553.85,0,40553.85,USD,2026-01-10T10:00:00,
136,39,2,3,REDEMPTION,SETTLED,2026-01-10,2026-01-12,264.633517,53.2999,-14104.94,0,-14104.94,USD,2026-01-10T10:00:00,
137,22,3,2,SUBSCRIPTION,SETTLED,2026-01-10,2026-01-12,298.959272,145.9171,43623.27,0,43623.27,USD,2026-01-10T10:00:00,
138,5,1,1,REDEMPTION,SETTLED,2026-01-10,2026-01-12,1518.300345,32.0218,-48618.71,0,-48618.71,USD,2026-01-10T10:00:00,
139,25,1,2,SUBSCRIPTION,SETTLED,2026-01-10,2026-01-12,102.756713,84.793,8713.05,0,8713.05,USD,2026-01-10T10:00:00,
140,50,1,3,SUBSCRIPTION,SETTLED,2026-01-10,2026-01-12,935.456662,47.3392,44283.77,0,44283.77,USD,2026-01-10T10:00:00,
141,44,1,1,SUBSCRIPTION,SETTLED,2026-01-10,2026-01-12,264.185501,126.5588,33435.0,0,33435.0,USD,2026-01-10T10:00:00,
142,18,1,1,REDEMPTION,SETTLED,2026-01-11,2026-01-13,58.111863,113.1793,-6577.06,0,-6577.06,USD,2026-01-11T10:00:00,
143,44,1,3,SUBSCRIPTION,SETTLED,2026-01-11,2026-01-13,319.204315,84.0207,26819.77,0,26819.77,USD,2026-01-11T10:00:00,
144,26,3,3,SUBSCRIPTION,SETTLED,2026-01-11,2026-01-13,46.508073,236.8778,11016.73,0,11016.73,USD,2026-01-11T10:00:00,
145,49,3,2,SUBSCRIPTION,SETTLED,2026-01-11,2026-01-13,53.17382,129.3725,6879.23,0,6879.23,USD,2026-01-11T10:00:00,
146,12,1,1,SUBSCRIPTION,SETTLED,2026-01-11,2026-01-13,272.790033,130.063,35479.89,0,35479.89,USD,2026-01-11T10:00:00,
147,5,1,2,REDEMPTION,SETTLED,2026-01-11,2026-01-13,211.947165,14.498,-3072.81,0,-3072.81,USD,2026-01-11T10:00:00,
148,21,1,3,SUBSCRIPTION,SETTLED,2026-01-11,2026-01-13,127.215126,163.634,20816.72,0,20816.72,USD,2026-01-11T10:00:00,
149,8,3,2,SUBSCRIPTION,SETTLED,2026-01-11,2026-01-13,83.599574,202.3173,16913.64,0,16913.64,USD,2026-01-11T10:00:00,
150,45,3,2,SUBSCRIPTION,SETTLED,2026-01-11,2026-01-13,619.622931,68.396,42379.73,0,42379.73,USD,2026-01-11T10:00:00,
151,34,3,1,SUBSCRIPTION,SETTLED,2026-01-11,2026-01-13,177.119406,91.4832,16203.45,0,16203.45,USD,2026-01-11T10:00:00,
152,50,1,1,SUBSCRIPTION,SETTLED,2026-01-11,2026-01-13,233.193515,137.3452,32028.01,0,32028.01,USD,2026-01-11T10:00:00,
153,50,1,2,SUBSCRIPTION,SETTLED,2026-01-11,2026-01-13,290.789012,164.9063,47952.94,0,47952.94,USD,2026-01-11T10:00:00,
154,16,2,1,SUBSCRIPTION,SETTLED,2026-01-11,2026-01-13,69.003816,154.5758,10666.32,0,10666.32,USD,2026-01-11T10:00:00,
155,12,1,3,SUBSCRIPTION,SETTLED,2026-01-11,2026-01-13,197.368359,192.3705,37967.85,0,37967.85,USD,2026-01-11T10:00:00,
156,37,1,3,SUBSCRIPTION,SETTLED,2026-01-12,2026-01-14,145.348571,217.4192,31601.57,0,31601.57,USD,2026-01-12T10:00:00,
157,10,1,2,SUBSCRIPTION,SETTLED,2026-01-12,2026-01-14,274.178156,82.6769,22668.2,0,22668.2,USD,2026-01-12T10:00:00,
158,38,2,1,SUBSCRIPTION,SETTLED,2026-01-12,2026-01-14,38.36624,120.8182,4635.34,0,4635.34,USD,2026-01-12T10:00:00,
159,4,3,2,REDEMPTION,SETTLED,2026-01-12,2026-01-14,21.892282,217.42,-4759.82,0,-4759.82,USD,2026-01-12T10:00:00,
160,40,2,3,SUBSCRIPTION,SETTLED,2026-01-12,2026-01-14,165.502996,143.0359,23672.87,0,23672.87,USD,2026-01-12T10:00:00,
161,29,1,3,SUBSCRIPTION,SETTLED,2026-01-12,2026-01-14,134.955095,124.151,16754.81,0,16754.81,USD,2026-01-12T10:00:00,
162,4,3,2,SUBSCRIPTION,SETTLED,2026-01-12,2026-01-14,487.499716,92.4251,45057.21,0,45057.21,USD,2026-01-12T10:00:00,
163,33,3,3,SUBSCRIPTION,SETTLED,2026-01-12,2026-01-14,114.194434,115.062,13139.44,0,13139.44,USD,2026-01-12T10:00:00,
164,34,3,3,SUBSCRIPTION,SETTLED,2026-01-12,2026-01-14,81.765556,230.3048,18831.0,0,18831.0,USD,2026-01-12T10:00:00,
165,27,3,2,SUBSCRIPTION,SETTLED,2026-01-12,2026-01-14,22.091866,161.4128,3565.91,0,3565.91,USD,2026-01-12T10:00:00,
166,5,1,2,SUBSCRIPTION,SETTLED,2026-01-12,2026-01-14,437.885525,78.1953,34240.59,0,34240.59,USD,2026-01-12T10:00:00,
167,22,3,1,SUBSCRIPTION,SETTLED,2026-01-12,2026-01-14,84.400204,93.957,7929.99,0,7929.99,USD,2026-01-12T10:00:00,
168,9,2,3,REDEMPTION,SETTLED,2026-01-12,2026-01-14,35.737363,144.1413,-5151.23,0,-5151.23,USD,2026-01-12T10:00:00,
169,9,2,3,REDEMPTION,SETTLED,2026-01-12,2026-01-14,190.150947,249.3194,-47408.32,0,-47408.32,USD,2026-01-12T10:00:00,
170,42,2,3,SUBSCRIPTION,SETTLED,2026-01-12,2026-01-14,193.041885,97.0234,18729.58,0,18729.58,USD,2026-01-12T10:00:00,
171,14,1,2,REDEMPTION,SETTLED,2026-01-12,2026-01-14,385.694645,64.3703,-24827.28,0,-24827.28,USD,2026-01-12T10:00:00,
172,10,1,1,SUBSCRIPTION,SETTLED,2026-01-12,2026-01-14,300.487237,131.8455,39617.89,0,39617.89,USD,2026-01-12T10:00:00,
173,43,2,2,REDEMPTION,SETTLED,2026-01-12,2026-01-14,204.015414,153.3391,-31283.54,0,-31283.54,USD,2026-01-12T10:00:00,
174,12,1,3,REDEMPTION,SETTLED,2026-01-13,2026-01-15,817.285952,49.7294,-40643.14,0,-40643.14,USD,2026-01-13T10:00:00,
175,3,3,2,SUBSCRIPTION,SETTLED,2026-01-13,2026-01-15,149.400518,242.7013,36259.7,0,36259.7,USD,2026-01-13T10:00:00,
176,49,3,3,REDEMPTION,SETTLED,2026-01-13,2026-01-15,184.956469,67.4004,-12466.14,0,-12466.14,USD,2026-01-13T10:00:00,
177,13,2,2,SUBSCRIPTION,SETTLED,2026-01-13,2026-01-15,250.127005,115.7434,28950.55,0,28950.55,USD,2026-01-13T10:00:00,
178,50,1,2,SUBSCRIPTION,SETTLED,2026-01-13,2026-01-15,440.020861,48.894,21514.38,0,21514.38,USD,2026-01-13T10:00:00,
179,39,2,1,REDEMPTION,SETTLED,2026-01-13,2026-01-15,28.376886,125.3418,-3556.81,0,-3556.81,USD,2026-01-13T10:00:00,
180,36,2,1,REDEMPTION,SETTLED,2026-01-13,2026-01-15,658.26109,39.9227,-26279.56,0,-26279.56,USD,2026-01-13T10:00:00,
181,49,3,1,SUBSCRIPTION,SETTLED,2026-01-13,2026-01-15,999.918437,45.3637,45360.0,0,45360.0,USD,2026-01-13T10:00:00,
182,6,1,1,REDEMPTION,SETTLED,2026-01-13,2026-01-15,190.074291,233.3133,-44346.86,0,-44346.86,USD,2026-01-13T10:00:00,
183,4,3,2,SUBSCRIPTION,SETTLED,2026-01-13,2026-01-15,50.477811,248.6861,12553.13,0,12553.13,USD,2026-01-13T10:00:00,
184,2,2,2,REDEMPTION,SETTLED,2026-01-14,2026-01-16,253.74714,165.9906,-42119.64,0,-42119.64,USD,2026-01-14T10:00:00,
185,9,2,1,SUBSCRIPTION,SETTLED,2026-01-14,2026-01-16,235.281573,177.0573,41658.32,0,41658.32,USD,2026-01-14T10:00:00,
186,49,3,3,SUBSCRIPTION,SETTLED,2026-01-14,2026-01-16,136.988854,227.4058,31152.06,0,31152.06,USD,2026-01-14T10:00:00,
187,17,3,1,REDEMPTION,SETTLED,2026-01-14,2026-01-16,151.143217,184.5363,-27891.41,0,-27891.41,USD,2026-01-14T10:00:00,
188,8,3,2,SUBSCRIPTION,SETTLED,2026-01-14,2026-01-16,103.689374,67.2255,6970.57,0,6970.57,USD,2026-01-14T10:00:00,
189,5,1,1,REDEMPTION,SETTLED,2026-01-14,2026-01-16,183.852123,138.6529,-25491.63,0,-25491.63,USD,2026-01-14T10:00:00,
190,46,3,1,SUBSCRIPTION,SETTLED,2026-01-14,2026-01-16,11.371966,94.6758,1076.65,0,1076.65,USD,2026-01-14T10:00:00,
191,12,1,3,SUBSCRIPTION,SETTLED,2026-01-14,2026-01-16,276.045032,96.5449,26650.74,0,26650.74,USD,2026-01-14T10:00:00,
192,25,1,2,SUBSCRIPTION,SETTLED,2026-01-14,2026-01-16,200.388181,99.5926,19957.18,0,19957.18,USD,2026-01-14T10:00:00,
193,23,3,1,SUBSCRIPTION,SETTLED,2026-01-14,2026-01-16,229.59149,160.7817,36914.11,0,36914.11,USD,2026-01-14T10:00:00,
194,9,2,1,SUBSCRIPTION,SETTLED,2026-01-14,2026-01-16,107.072038,164.2709,17588.82,0,17588.82,USD,2026-01-14T10:00:00,
195,41,3,1,REDEMPTION,SETTLED,2026-01-15,2026-01-17,20.846806,196.2857,-4091.93,0,-4091.93,USD,2026-01-15T10:00:00,
196,3,3,2,SUBSCRIPTION,SETTLED,2026-01-15,2026-01-17,178.64416,222.5897,39764.35,0,39764.35,USD,2026-01-15T10:00:00,
197,20,2,3,SUBSCRIPTION,SETTLED,2026-01-15,2026-01-17,331.307704,123.6159,40954.9,0,40954.9,USD,2026-01-15T10:00:00,
198,49,3,3,SUBSCRIPTION,SETTLED,2026-01-15,2026-01-17,93.675495,197.402,18491.73,0,18491.73,USD,2026-01-15T10:00:00,
199,18,1,1,REDEMPTION,SETTLED,2026-01-15,2026-01-17,211.410572,106.0052,-22410.62,0,-22410.62,USD,2026-01-15T10:00:00,
200,25,1,2,REDEMPTION,SETTLED,2026-01-15,2026-01-17,195.617191,129.4056,-25313.96,0,-25313.96,USD,2026-01-15T10:00:00,
201,6,1,3,SUBSCRIPTION,SETTLED,2026-01-15,2026-01-17,88.816937,248.8236,22099.75,0,22099.75,USD,2026-01-15T10:00:00,
202,35,2,2,SUBSCRIPTION,SETTLED,2026-01-15,2026-01-17,29.197975,168.6206,4923.38,0,4923.38,USD,2026-01-15T10:00:00,
203,29,1,3,REDEMPTION,SETTLED,2026-01-15,2026-01-17,78.648939,116.538,-9165.59,0,-9165.59,USD,2026-01-15T10:00:00,
204,3,3,3,REDEMPTION,SETTLED,2026-01-15,2026-01-17,73.23167,249.5561,-18275.41,0,-18275.41,USD,2026-01-15T10:00:00,
205,41,3,1,SUBSCRIPTION,SETTLED,2026-01-15,2026-01-17,331.685884,97.1947,32238.11,0,32238.11,USD,2026-01-15T10:00:00,
206,2,2,1,REDEMPTION,SETTLED,2026-01-15,2026-01-17,297.203058,115.1615,-34226.35,0,-34226.35,USD,2026-01-15T10:00:00,
207,5,1,1,REDEMPTION,SETTLED,2026-01-15,2026-01-17,185.994812,101.8851,-18950.1,0,-18950.1,USD,2026-01-15T10:00:00,
208,39,2,1,SUBSCRIPTION,SETTLED,2026-01-15,2026-01-17,478.352329,99.2832,47492.35,0,47492.35,USD,2026-01-15T10:00:00,
209,37,1,1,SUBSCRIPTION,SETTLED,2026-01-15,2026-01-17,123.594559,165.8946,20503.67,0,20503.67,USD,2026-01-15T10:00:00,
210,2,2,3,SUBSCRIPTION,SETTLED,2026-01-16,2026-01-18,115.025069,229.2502,26369.52,0,26369.52,USD,2026-01-16T10:00:00,
211,17,3,2,REDEMPTION,SETTLED,2026-01-16,2026-01-18,73.407162,156.8505,-11513.95,0,-11513.95,USD,2026-01-16T10:00:00,
212,13,2,1,SUBSCRIPTION,SETTLED,2026-01-16,2026-01-18,89.983961,51.4375,4628.55,0,4628.55,USD,2026-01-16T10:00:00,
213,6,1,3,REDEMPTION,SETTLED,2026-01-16,2026-01-18,289.768178,170.2815,-49342.16,0,-49342.16,USD,2026-01-16T10:00:00,
214,36,2,3,SUBSCRIPTION,SETTLED,2026-01-16,2026-01-18,328.3986,47.8013,15697.88,0,15697.88,USD,2026-01-16T10:00:00,
215,24,1,3,SUBSCRIPTION,SETTLED,2026-01-16,2026-01-18,246.239501,200.0958,49271.49,0,49271.49,USD,2026-01-16T10:00:00,
216,32,2,1,SUBSCRIPTION,SETTLED,2026-01-16,2026-01-18,237.70018,122.1774,29041.59,0,29041.59,USD,2026-01-16T10:00:00,
217,40,2,1,SUBSCRIPTION,SETTLED,2026-01-16,2026-01-18,112.651753,182.0641,20509.84,0,20509.84,USD,2026-01-16T10:00:00,
218,34,3,2,REDEMPTION,SETTLED,2026-01-16,2026-01-18,1492.539043,27.7002,-41343.63,0,-41343.63,USD,2026-01-16T10:00:00,
219,5,1,2,SUBSCRIPTION,SETTLED,2026-01-17,2026-01-19,645.844271,40.8003,26350.64,0,26350.64,USD,2026-01-17T10:00:00,
220,50,1,1,SUBSCRIPTION,SETTLED,2026-01-17,2026-01-19,1958.225854,23.2991,45624.9,0,45624.9,USD,2026-01-17T10:00:00,
221,34,3,1,SUBSCRIPTION,SETTLED,2026-01-17,2026-01-19,38.134721,234.3371,8936.38,0,8936.38,USD,2026-01-17T10:00:00,
222,23,3,3,REDEMPTION,SETTLED,2026-01-17,2026-01-19,605.183099,70.1453,-42450.75,0,-42450.75,USD,2026-01-17T10:00:00,
223,9,2,3,SUBSCRIPTION,SETTLED,2026-01-17,2026-01-19,207.785321,130.6176,27140.42,0,27140.42,USD,2026-01-17T10:00:00,
224,38,2,3,SUBSCRIPTION,SETTLED,2026-01-17,2026-01-19,181.894312,182.9519,33277.91,0,33277.91,USD,2026-01-17T10:00:00,
225,37,1,1,REDEMPTION,SETTLED,2026-01-17,2026-01-19,114.309352,20.9108,-2390.3,0,-2390.3,USD,2026-01-17T10:00:00,
226,42,2,1,REDEMPTION,SETTLED,2026-01-17,2026-01-19,131.078754,163.3579,-21412.75,0,-21412.75,USD,2026-01-17T10:00:00,
227,41,3,3,SUBSCRIPTION,SETTLED,2026-01-17,2026-01-19,380.248406,125.9068,47875.86,0,47875.86,USD,2026-01-17T10:00:00,
228,20,2,2,SUBSCRIPTION,SETTLED,2026-01-17,2026-01-19,34.074107,115.5053,3935.74,0,3935.74,USD,2026-01-17T10:00:00,
229,30,2,1,SUBSCRIPTION,SETTLED,2026-01-17,2026-01-19,37.091269,216.7564,8039.77,0,8039.77,USD,2026-01-17T10:00:00,
230,47,3,2,REDEMPTION,SETTLED,2026-01-17,2026-01-19,74.876882,98.9296,-7407.54,0,-7407.54,USD,2026-01-17T10:00:00,
231,21,1,1,SUBSCRIPTION,SETTLED,2026-01-17,2026-01-19,202.964151,69.5005,14106.11,0,14106.11,USD,2026-01-17T10:00:00,
232,4,3,2,REDEMPTION,SETTLED,2026-01-17,2026-01-19,392.778673,110.3523,-43344.03,0,-43344.03,USD,2026-01-17T10:00:00,
233,21,1,3,REDEMPTION,SETTLED,2026-01-17,2026-01-19,213.54478,48.2422,-10301.87,0,-10301.87,USD,2026-01-17T10:00:00,
234,32,2,2,SUBSCRIPTION,SETTLED,2026-01-17,2026-01-19,51.853885,104.3781,5412.41,0,5412.41,USD,2026-01-17T10:00:00,
235,16,2,1,SUBSCRIPTION,SETTLED,2026-01-17,2026-01-19,43.653379,77.5255,3384.25,0,3384.25,USD,2026-01-17T10:00:00,
236,19,1,3,SUBSCRIPTION,SETTLED,2026-01-17,2026-01-19,148.711573,42.1444,6267.36,0,6267.36,USD,2026-01-17T10:00:00,
237,49,3,2,SUBSCRIPTION,SETTLED,2026-01-18,2026-01-20,140.456438,146.8676,20628.5,0,20628.5,USD,2026-01-18T10:00:00,
238,24,1,3,SUBSCRIPTION,SETTLED,2026-01-18,2026-01-20,168.785816,118.0851,19931.09,0,19931.09,USD,2026-01-18T10:00:00,
239,40,2,3,SUBSCRIPTION,SETTLED,2026-01-18,2026-01-20,219.991507,33.2036,7304.51,0,7304.51,USD,2026-01-18T10:00:00,
240,22,3,3,REDEMPTION,SETTLED,2026-01-18,2026-01-20,657.62031,57.7739,-37993.29,0,-37993.29,USD,2026-01-18T10:00:00,
241,33,3,1,SUBSCRIPTION,SETTLED,2026-01-18,2026-01-20,85.786691,89.9298,7714.78,0,7714.78,USD,2026-01-18T10:00:00,
242,34,3,2,SUBSCRIPTION,SETTLED,2026-01-18,2026-01-20,1027.924744,43.5474,44763.45,0,44763.45,USD,2026-01-18T10:00:00,
243,11,2,2,REDEMPTION,SETTLED,2026-01-18,2026-01-20,455.00341,81.8162,-37226.65,0,-37226.65,USD,2026-01-18T10:00:00,
244,33,3,3,SUBSCRIPTION,SETTLED,2026-01-18,2026-01-20,435.977801,81.9497,35728.25,0,35728.25,USD,2026-01-18T10:00:00,
245,24,1,2,SUBSCRIPTION,SETTLED,2026-01-18,2026-01-20,326.573988,150.0885,49015.0,0,49015.0,USD,2026-01-18T10:00:00,
246,39,2,2,SUBSCRIPTION,SETTLED,2026-01-18,2026-01-20,136.148094,243.2936,33123.96,0,33123.96,USD,2026-01-18T10:00:00,
247,47,3,1,SUBSCRIPTION,SETTLED,2026-01-18,2026-01-20,58.118386,160.9661,9355.09,0,9355.09,USD,2026-01-18T10:00:00,
248,10,1,3,SUBSCRIPTION,SETTLED,2026-01-18,2026-01-20,163.121067,178.125,29055.94,0,29055.94,USD,2026-01-18T10:00:00,
249,2,2,2,SUBSCRIPTION,SETTLED,2026-01-18,2026-01-20,47.917853,175.7201,8420.13,0,8420.13,USD,2026-01-18T10:00:00,
250,50,1,3,REDEMPTION,SETTLED,2026-01-19,2026-01-21,234.554442,186.6009,-43768.07,0,-43768.07,USD,2026-01-19T10:00:00,
251,46,3,1,SUBSCRIPTION,SETTLED,2026-01-19,2026-01-21,114.139479,249.5495,28483.45,0,28483.45,USD,2026-01-19T10:00:00,
252,34,3,2,SUBSCRIPTION,SETTLED,2026-01-19,2026-01-21,41.439641,228.9098,9485.94,0,9485.94,USD,2026-01-19T10:00:00,
253,35,2,2,SUBSCRIPTION,SETTLED,2026-01-19,2026-01-21,250.982357,173.379,43515.07,0,43515.07,USD,2026-01-19T10:00:00,
254,40,2,2,SUBSCRIPTION,SETTLED,2026-01-19,2026-01-21,90.866801,143.9408,13079.44,0,13079.44,USD,2026-01-19T10:00:00,
255,20,2,2,REDEMPTION,SETTLED,2026-01-19,2026-01-21,273.410558,127.3607,-34821.76,0,-34821.76,USD,2026-01-19T10:00:00,
256,23,3,3,REDEMPTION,SETTLED,2026-01-19,2026-01-21,528.559642,75.6298,-39974.86,0,-39974.86,USD,2026-01-19T10:00:00,
257,37,1,3,SUBSCRIPTION,SETTLED,2026-01-19,2026-01-21,428.820359,104.6878,44892.26,0,44892.26,USD,2026-01-19T10:00:00,
258,50,1,1,SUBSCRIPTION,SETTLED,2026-01-19,2026-01-21,83.210571,181.3939,15093.89,0,15093.89,USD,2026-01-19T10:00:00,
259,29,1,3,SUBSCRIPTION,SETTLED,2026-01-19,2026-01-21,418.40048,58.4963,24474.88,0,24474.88,USD,2026-01-19T10:00:00,
260,36,2,3,SUBSCRIPTION,SETTLED,2026-01-19,2026-01-21,33.821263,187.8138,6352.1,0,6352.1,USD,2026-01-19T10:00:00,
261,16,2,1,SUBSCRIPTION,SETTLED,2026-01-19,2026-01-21,165.664746,163.1067,27021.03,0,27021.03,USD,2026-01-19T10:00:00,
262,7,3,2,SUBSCRIPTION,SETTLED,2026-01-19,2026-01-21,139.191497,173.4861,24147.79,0,24147.79,USD,2026-01-19T10:00:00,
263,1,3,3,REDEMPTION,SETTLED,2026-01-19,2026-01-21,52.425968,166.6943,-8739.11,0,-8739.11,USD,2026-01-19T10:00:00,
264,31,2,3,SUBSCRIPTION,SETTLED,2026-01-19,2026-01-21,553.877805,87.0802,48231.79,0,48231.79,USD,2026-01-19T10:00:00,
265,50,1,1,SUBSCRIPTION,SETTLED,2026-01-19,2026-01-21,66.096074,187.2848,12378.79,0,12378.79,USD,2026-01-19T10:00:00,
266,27,3,1,REDEMPTION,SETTLED,2026-01-20,2026-01-22,13.197901,210.6888,-2780.65,0,-2780.65,USD,2026-01-20T10:00:00,
267,12,1,3,REDEMPTION,SETTLED,2026-01-20,2026-01-22,210.399631,220.4184,-46375.95,0,-46375.95,USD,2026-01-20T10:00:00,
268,20,2,3,SUBSCRIPTION,SETTLED,2026-01-20,2026-01-22,514.259911,90.4101,46494.29,0,46494.29,USD,2026-01-20T10:00:00,
269,42,2,3,SUBSCRIPTION,SETTLED,2026-01-20,2026-01-22,1056.049564,42.208,44573.74,0,44573.74,USD,2026-01-20T10:00:00,
270,18,1,1,REDEMPTION,SETTLED,2026-01-20,2026-01-22,92.757049,185.4686,-17203.52,0,-17203.52,USD,2026-01-20T10:00:00,
271,46,3,1,SUBSCRIPTION,SETTLED,2026-01-20,2026-01-22,216.797557,80.8058,17518.5,0,17518.5,USD,2026-01-20T10:00:00,
272,12,1,3,REDEMPTION,SETTLED,2026-01-20,2026-01-22,215.635157,208.4776,-44955.1,0,-44955.1,USD,2026-01-20T10:00:00,
273,6,1,2,SUBSCRIPTION,SETTLED,2026-01-20,2026-01-22,229.828399,43.7469,10054.28,0,10054.28,USD,2026-01-20T10:00:00,
274,16,2,1,SUBSCRIPTION,SETTLED,2026-01-20,2026-01-22,65.69112,190.9016,12540.54,0,12540.54,USD,2026-01-20T10:00:00,
275,20,2,3,REDEMPTION,SETTLED,2026-01-20,2026-01-22,9.349908,166.884,-1560.35,0,-1560.35,USD,2026-01-20T10:00:00,
276,43,2,1,SUBSCRIPTION,SETTLED,2026-01-21,2026-01-23,50.533816,174.6577,8826.12,0,8826.12,USD,2026-01-21T10:00:00,
277,45,3,1,SUBSCRIPTION,SETTLED,2026-01-21,2026-01-23,479.49201,98.2105,47091.15,0,47091.15,USD,2026-01-21T10:00:00,
278,15,1,1,SUBSCRIPTION,SETTLED,2026-01-21,2026-01-23,94.185049,247.3211,23293.95,0,23293.95,USD,2026-01-21T10:00:00,
279,27,3,3,SUBSCRIPTION,SETTLED,2026-01-21,2026-01-23,173.164408,139.0042,24070.58,0,24070.58,USD,2026-01-21T10:00:00,
280,49,3,1,REDEMPTION,SETTLED,2026-01-21,2026-01-23,151.756857,198.969,-30194.91,0,-30194.91,USD,2026-01-21T10:00:00,
281,34,3,3,SUBSCRIPTION,SETTLED,2026-01-21,2026-01-23,1244.10684,36.9301,45944.99,0,45944.99,USD,2026-01-21T10:00:00,
282,37,1,3,SUBSCRIPTION,SETTLED,2026-01-21,2026-01-23,126.612595,134.882,17077.76,0,17077.76,USD,2026-01-21T10:00:00,
283,44,1,1,REDEMPTION,SETTLED,2026-01-21,2026-01-23,110.54,225.7334,-24952.57,0,-24952.57,USD,2026-01-21T10:00:00,
284,30,2,1,SUBSCRIPTION,SETTLED,2026-01-22,2026-01-24,980.145284,23.8568,23383.13,0,23383.13,USD,2026-01-22T10:00:00,
285,44,1,2,REDEMPTION,SETTLED,2026-01-22,2026-01-24,99.06098,205.9488,-20401.49,0,-20401.49,USD,2026-01-22T10:00:00,
286,38,2,1,SUBSCRIPTION,SETTLED,2026-01-22,2026-01-24,706.72782,25.3024,17881.91,0,17881.91,USD,2026-01-22T10:00:00,
287,5,1,2,SUBSCRIPTION,SETTLED,2026-01-22,2026-01-24,108.116799,194.5533,21034.48,0,21034.48,USD,2026-01-22T10:00:00,
288,24,1,2,SUBSCRIPTION,SETTLED,2026-01-22,2026-01-24,456.650606,100.5991,45938.64,0,45938.64,USD,2026-01-22T10:00:00,
289,44,1,3,REDEMPTION,SETTLED,2026-01-22,2026-01-24,34.723249,216.4688,-7516.5,0,-7516.5,USD,2026-01-22T10:00:00,
290,12,1,3,SUBSCRIPTION,SETTLED,2026-01-22,2026-01-24,29.563864,244.8939,7240.01,0,7240.01,USD,2026-01-22T10:00:00,
291,49,3,1,REDEMPTION,SETTLED,2026-01-22,2026-01-24,129.734104,182.5826,-23687.19,0,-23687.19,USD,2026-01-22T10:00:00,
292,25,1,1,SUBSCRIPTION,SETTLED,2026-01-23,2026-01-25,235.856053,76.1559,17961.83,0,17961.83,USD,2026-01-23T10:00:00,
293,3,3,3,SUBSCRIPTION,SETTLED,2026-01-23,2026-01-25,173.508971,222.1016,38536.62,0,38536.62,USD,2026-01-23T10:00:00,
294,16,2,1,SUBSCRIPTION,SETTLED,2026-01-23,2026-01-25,256.972374,117.1459,30103.26,0,30103.26,USD,2026-01-23T10:00:00,
295,16,2,3,SUBSCRIPTION,SETTLED,2026-01-23,2026-01-25,161.307101,139.5424,22509.18,0,22509.18,USD,2026-01-23T10:00:00,
296,9,2,3,REDEMPTION,SETTLED,2026-01-23,2026-01-25,54.249652,229.9353,-12473.91,0,-12473.91,USD,2026-01-23T10:00:00,
297,37,1,3,REDEMPTION,SETTLED,2026-01-23,2026-01-25,614.755972,66.857,-41100.74,0,-41100.74,USD,2026-01-23T10:00:00,
298,43,2,3,SUBSCRIPTION,SETTLED,2026-01-23,2026-01-25,638.43596,24.6298,15724.55,0,15724.55,USD,2026-01-23T10:00:00,
299,41,3,3,SUBSCRIPTION,SETTLED,2026-01-23,2026-01-25,103.905696,243.3497,25285.42,0,25285.42,USD,2026-01-23T10:00:00,
300,34,3,2,REDEMPTION,SETTLED,2026-01-23,2026-01-25,256.238624,81.9732,-21004.7,0,-21004.7,USD,2026-01-23T10:00:00,
301,49,3,3,SUBSCRIPTION,SETTLED,2026-01-23,2026-01-25,518.610628,82.1767,42617.71,0,42617.71,USD,2026-01-23T10:00:00,
302,30,2,1,SUBSCRIPTION,SETTLED,2026-01-23,2026-01-25,336.848168,143.7488,48421.52,0,48421.52,USD,2026-01-23T10:00:00,
303,25,1,1,SUBSCRIPTION,SETTLED,2026-01-23,2026-01-25,592.985792,28.9769,17182.89,0,17182.89,USD,2026-01-23T10:00:00,
304,24,1,1,SUBSCRIPTION,SETTLED,2026-01-23,2026-01-25,1861.562086,22.3688,41640.91,0,41640.91,USD,2026-01-23T10:00:00,
305,44,1,3,SUBSCRIPTION,SETTLED,2026-01-23,2026-01-25,794.199336,55.1592,43807.4,0,43807.4,USD,2026-01-23T10:00:00,
306,31,2,1,REDEMPTION,SETTLED,2026-01-23,2026-01-25,72.241783,239.6847,-17315.25,0,-17315.25,USD,2026-01-23T10:00:00,
307,14,1,1,REDEMPTION,SETTLED,2026-01-23,2026-01-25,27.005054,249.8973,-6748.49,0,-6748.49,USD,2026-01-23T10:00:00,
308,45,3,3,REDEMPTION,SETTLED,2026-01-24,2026-01-26,303.012334,67.4394,-20434.97,0,-20434.97,USD,2026-01-24T10:00:00,
309,50,1,2,SUBSCRIPTION,SETTLED,2026-01-24,2026-01-26,282.147278,96.2223,27148.86,0,27148.86,USD,2026-01-24T10:00:00,
310,24,1,3,REDEMPTION,SETTLED,2026-01-24,2026-01-26,117.597545,202.676,-23834.2,0,-23834.2,USD,2026-01-24T10:00:00,
311,49,3,2,REDEMPTION,SETTLED,2026-01-24,2026-01-26,175.26961,109.3432,-19164.54,0,-19164.54,USD,2026-01-24T10:00:00,
312,48,1,1,SUBSCRIPTION,SETTLED,2026-01-24,2026-01-26,187.205837,150.1677,28112.27,0,28112.27,USD,2026-01-24T10:00:00,
313,19,1,1,SUBSCRIPTION,SETTLED,2026-01-24,2026-01-26,83.61807,146.7495,12270.91,0,12270.91,USD,2026-01-24T10:00:00,
314,32,2,3,SUBSCRIPTION,SETTLED,2026-01-24,2026-01-26,481.580972,71.7584,34557.48,0,34557.48,USD,2026-01-24T10:00:00,
315,47,3,3,REDEMPTION,SETTLED,2026-01-24,2026-01-26,126.869405,185.8653,-23580.62,0,-23580.62,USD,2026-01-24T10:00:00,
316,11,2,1,REDEMPTION,SETTLED,2026-01-24,2026-01-26,108.3541,230.0559,-24927.5,0,-24927.5,USD,2026-01-24T10:00:00,
317,34,3,1,REDEMPTION,SETTLED,2026-01-24,2026-01-26,22.500061,206.319,-4642.19,0,-4642.19,USD,2026-01-24T10:00:00,
318,49,3,1,SUBSCRIPTION,SETTLED,2026-01-24,2026-01-26,645.134414,65.544,42284.69,0,42284.69,USD,2026-01-24T10:00:00,
319,14,1,3,SUBSCRIPTION,SETTLED,2026-01-25,2026-01-27,24.298932,163.0549,3962.06,0,3962.06,USD,2026-01-25T10:00:00,
320,43,2,2,SUBSCRIPTION,SETTLED,2026-01-25,2026-01-27,249.062832,108.7212,27078.41,0,27078.41,USD,2026-01-25T10:00:00,
321,34,3,3,SUBSCRIPTION,SETTLED,2026-01-25,2026-01-27,3464.347253,14.1142,48896.49,0,48896.49,USD,2026-01-25T10:00:00,
322,12,1,1,REDEMPTION,SETTLED,2026-01-25,2026-01-27,393.541149,67.8325,-26694.88,0,-26694.88,USD,2026-01-25T10:00:00,
323,23,3,2,REDEMPTION,SETTLED,2026-01-25,2026-01-27,20.280188,240.2315,-4871.94,0,-4871.94,USD,2026-01-25T10:00:00,
324,37,1,1,REDEMPTION,SETTLED,2026-01-25,2026-01-27,69.282942,174.17,-12067.01,0,-12067.01,USD,2026-01-25T10:00:00,
325,42,2,3,REDEMPTION,SETTLED,2026-01-25,2026-01-27,55.249774,101.0234,-5581.52,0,-5581.52,USD,2026-01-25T10:00:00,
326,4,3,3,SUBSCRIPTION,SETTLED,2026-01-25,2026-01-27,72.309681,129.966,9397.8,0,9397.8,USD,2026-01-25T10:00:00,
327,22,3,3,REDEMPTION,SETTLED,2026-01-26,2026-01-28,216.766059,224.7499,-48718.15,0,-48718.15,USD,2026-01-26T10:00:00,
328,15,1,1,REDEMPTION,SETTLED,2026-01-26,2026-01-28,239.146274,146.0282,-34922.1,0,-34922.1,USD,2026-01-26T10:00:00,
329,3,3,1,REDEMPTION,SETTLED,2026-01-26,2026-01-28,105.027814,140.3274,-14738.28,0,-14738.28,USD,2026-01-26T10:00:00,
330,12,1,2,SUBSCRIPTION,SETTLED,2026-01-26,2026-01-28,249.983186,44.606,11150.75,0,11150.75,USD,2026-01-26T10:00:00,
331,5,1,2,SUBSCRIPTION,SETTLED,2026-01-26,2026-01-28,60.780606,210.3161,12783.14,0,12783.14,USD,2026-01-26T10:00:00,
332,44,1,3,SUBSCRIPTION,SETTLED,2026-01-26,2026-01-28,872.367688,43.5881,38024.85,0,38024.85,USD,2026-01-26T10:00:00,
333,33,3,3,REDEMPTION,SETTLED,2026-01-26,2026-01-28,31.602194,114.9012,-3631.13,0,-3631.13,USD,2026-01-26T10:00:00,
334,22,3,3,REDEMPTION,SETTLED,2026-01-26,2026-01-28,454.221562,105.2087,-47788.06,0,-47788.06,USD,2026-01-26T10:00:00,
335,2,2,3,SUBSCRIPTION,SETTLED,2026-01-26,2026-01-28,388.561491,127.7448,49636.71,0,49636.71,USD,2026-01-26T10:00:00,
336,36,2,2,SUBSCRIPTION,SETTLED,2026-01-26,2026-01-28,203.516762,168.5613,34305.05,0,34305.05,USD,2026-01-26T10:00:00,
337,50,1,3,SUBSCRIPTION,SETTLED,2026-01-26,2026-01-28,473.056552,27.6416,13076.04,0,13076.04,USD,2026-01-26T10:00:00,
338,10,1,2,REDEMPTION,SETTLED,2026-01-26,2026-01-28,170.976971,187.5173,-32061.14,0,-32061.14,USD,2026-01-26T10:00:00,
339,24,1,1,SUBSCRIPTION,SETTLED,2026-01-26,2026-01-28,404.372322,116.7366,47205.05,0,47205.05,USD,2026-01-26T10:00:00,
340,7,3,1,SUBSCRIPTION,SETTLED,2026-01-26,2026-01-28,153.943167,143.6764,22118.0,0,22118.0,USD,2026-01-26T10:00:00,
341,7,3,1,SUBSCRIPTION,SETTLED,2026-01-26,2026-01-28,183.716697,153.2619,28156.77,0,28156.77,USD,2026-01-26T10:00:00,
342,25,1,1,SUBSCRIPTION,SETTLED,2026-01-26,2026-01-28,659.530663,30.3279,20002.18,0,20002.18,USD,2026-01-26T10:00:00,
343,37,1,3,SUBSCRIPTION,SETTLED,2026-01-26,2026-01-28,453.719853,43.3216,19655.87,0,19655.87,USD,2026-01-26T10:00:00,
344,18,1,2,SUBSCRIPTION,SETTLED,2026-01-26,2026-01-28,120.596399,76.2308,9193.16,0,9193.16,USD,2026-01-26T10:00:00,
345,5,1,2,SUBSCRIPTION,SETTLED,2026-01-27,2026-01-29,81.764048,160.0081,13082.91,0,13082.91,USD,2026-01-27T10:00:00,
346,30,2,1,SUBSCRIPTION,SETTLED,2026-01-27,2026-01-29,12.686001,104.9661,1331.6,0,1331.6,USD,2026-01-27T10:00:00,
347,22,3,2,SUBSCRIPTION,SETTLED,2026-01-27,2026-01-29,189.37452,216.282,40958.3,0,40958.3,USD,2026-01-27T10:00:00,
348,20,2,2,SUBSCRIPTION,SETTLED,2026-01-27,2026-01-29,280.639201,124.9623,35069.32,0,35069.32,USD,2026-01-27T10:00:00,
349,26,3,2,SUBSCRIPTION,SETTLED,2026-01-27,2026-01-29,274.189897,127.8418,35052.93,0,35052.93,USD,2026-01-27T10:00:00,
350,21,1,2,SUBSCRIPTION,SETTLED,2026-01-27,2026-01-29,404.774204,97.6037,39507.46,0,39507.46,USD,2026-01-27T10:00:00,
351,38,2,3,SUBSCRIPTION,SETTLED,2026-01-27,2026-01-29,2345.900036,16.4599,38613.28,0,38613.28,USD,2026-01-27T10:00:00,
352,46,3,1,SUBSCRIPTION,SETTLED,2026-01-27,2026-01-29,86.652976,176.2805,15275.23,0,15275.23,USD,2026-01-27T10:00:00,
353,44,1,2,SUBSCRIPTION,SETTLED,2026-01-27,2026-01-29,224.207147,70.6436,15838.8,0,15838.8,USD,2026-01-27T10:00:00,
354,46,3,2,REDEMPTION,SETTLED,2026-01-27,2026-01-29,18.663783,247.7681,-4624.29,0,-4624.29,USD,2026-01-27T10:00:00,
355,38,2,2,SUBSCRIPTION,SETTLED,2026-01-27,2026-01-29,211.471107,218.7121,46251.29,0,46251.29,USD,2026-01-27T10:00:00,
356,35,2,1,REDEMPTION,SETTLED,2026-01-27,2026-01-29,82.771283,224.9204,-18616.95,0,-18616.95,USD,2026-01-27T10:00:00,
357,7,3,1,SUBSCRIPTION,SETTLED,2026-01-27,2026-01-29,111.298584,165.28,18395.43,0,18395.43,USD,2026-01-27T10:00:00,
358,37,1,3,SUBSCRIPTION,SETTLED,2026-01-27,2026-01-29,107.956614,190.6439,20581.27,0,20581.27,USD,2026-01-27T10:00:00,
359,7,3,1,SUBSCRIPTION,SETTLED,2026-01-27,2026-01-29,62.765562,189.2447,11878.05,0,11878.05,USD,2026-01-27T10:00:00,
360,24,1,2,SUBSCRIPTION,SETTLED,2026-01-28,2026-01-30,195.203438,175.705,34298.22,0,34298.22,USD,2026-01-28T10:00:00,
361,23,3,1,SUBSCRIPTION,SETTLED,2026-01-28,2026-01-30,67.016352,230.9314,15476.18,0,15476.18,USD,2026-01-28T10:00:00,
362,8,3,3,SUBSCRIPTION,SETTLED,2026-01-28,2026-01-30,136.507858,119.2798,16282.63,0,16282.63,USD,2026-01-28T10:00:00,
363,34,3,2,SUBSCRIPTION,SETTLED,2026-01-28,2026-01-30,31.555965,183.2785,5783.53,0,5783.53,USD,2026-01-28T10:00:00,
364,21,1,1,SUBSCRIPTION,SETTLED,2026-01-28,2026-01-30,1081.833309,37.6205,40699.11,0,40699.11,USD,2026-01-28T10:00:00,
365,42,2,1,SUBSCRIPTION,SETTLED,2026-01-28,2026-01-30,36.781886,246.1361,9053.35,0,9053.35,USD,2026-01-28T10:00:00,
366,34,3,1,SUBSCRIPTION,SETTLED,2026-01-28,2026-01-30,153.286649,112.3287,17218.49,0,17218.49,USD,2026-01-28T10:00:00,
367,15,1,2,SUBSCRIPTION,SETTLED,2026-01-28,2026-01-30,60.403722,167.7539,10132.96,0,10132.96,USD,2026-01-28T10:00:00,
368,2,2,3,SUBSCRIPTION,SETTLED,2026-01-28,2026-01-30,70.130705,152.1288,10668.9,0,10668.9,USD,2026-01-28T10:00:00,
369,1,3,3,SUBSCRIPTION,SETTLED,2026-01-28,2026-01-30,81.826226,178.9023,14638.9,0,14638.9,USD,2026-01-28T10:00:00,
370,37,1,1,REDEMPTION,SETTLED,2026-01-28,2026-01-30,279.246101,97.7903,-27307.56,0,-27307.56,USD,2026-01-28T10:00:00,
371,30,2,1,SUBSCRIPTION,SETTLED,2026-01-28,2026-01-30,316.638737,136.6516,43269.19,0,43269.19,USD,2026-01-28T10:00:00,
372,39,2,2,SUBSCRIPTION,SETTLED,2026-01-28,2026-01-30,318.316847,93.5019,29763.23,0,29763.23,USD,2026-01-28T10:00:00,
373,40,2,1,REDEMPTION,SETTLED,2026-01-28,2026-01-30,437.336644,81.3868,-35593.43,0,-35593.43,USD,2026-01-28T10:00:00,
374,44,1,1,SUBSCRIPTION,SETTLED,2026-01-28,2026-01-30,333.355049,38.0677,12690.06,0,12690.06,USD,2026-01-28T10:00:00,
375,33,3,2,SUBSCRIPTION,SETTLED,2026-01-29,2026-01-31,75.966986,102.0904,7755.5,0,7755.5,USD,2026-01-29T10:00:00,
376,32,2,3,SUBSCRIPTION,SETTLED,2026-01-29,2026-01-31,197.281233,233.3668,46038.89,0,46038.89,USD,2026-01-29T10:00:00,
377,36,2,1,SUBSCRIPTION,SETTLED,2026-01-29,2026-01-31,92.100628,85.4992,7874.53,0,7874.53,USD,2026-01-29T10:00:00,
378,40,2,1,REDEMPTION,SETTLED,2026-01-29,2026-01-31,377.180991,126.3061,-47640.26,0,-47640.26,USD,2026-01-29T10:00:00,
379,25,1,3,SUBSCRIPTION,SETTLED,2026-01-29,2026-01-31,144.862764,174.3272,25253.52,0,25253.52,USD,2026-01-29T10:00:00,
380,46,3,2,SUBSCRIPTION,SETTLED,2026-01-29,2026-01-31,290.169246,17.4066,5050.86,0,5050.86,USD,2026-01-29T10:00:00,
381,19,1,1,SUBSCRIPTION,SETTLED,2026-01-29,2026-01-31,542.837233,50.3702,27342.82,0,27342.82,USD,2026-01-29T10:00:00,
382,37,1,3,REDEMPTION,SETTLED,2026-01-29,2026-01-31,190.585278,132.5934,-25270.35,0,-25270.35,USD,2026-01-29T10:00:00,
383,18,1,3,REDEMPTION,SETTLED,2026-01-29,2026-01-31,91.484072,207.4266,-18976.23,0,-18976.23,USD,2026-01-29T10:00:00,
384,49,3,3,SUBSCRIPTION,SETTLED,2026-01-29,2026-01-31,104.506007,112.0371,11708.55,0,11708.55,USD,2026-01-29T10:00:00,
385,3,3,2,SUBSCRIPTION,SETTLED,2026-01-30,2026-02-01,1400.696984,30.8759,43247.78,0,43247.78,USD,2026-01-30T10:00:00,
386,50,1,1,SUBSCRIPTION,SETTLED,2026-01-30,2026-02-01,211.771454,175.3921,37143.04,0,37143.04,USD,2026-01-30T10:00:00,
387,11,2,3,SUBSCRIPTION,SETTLED,2026-01-30,2026-02-01,186.442933,59.6663,11124.36,0,11124.36,USD,2026-01-30T10:00:00,
388,37,1,2,SUBSCRIPTION,SETTLED,2026-01-30,2026-02-01,599.993454,50.4106,30246.03,0,30246.03,USD,2026-01-30T10:00:00,
389,19,1,3,SUBSCRIPTION,SETTLED,2026-01-30,2026-02-01,174.60376,246.5172,43042.83,0,43042.83,USD,2026-01-30T10:00:00,
390,9,2,2,REDEMPTION,SETTLED,2026-01-30,2026-02-01,227.573531,218.0914,-49631.83,0,-49631.83,USD,2026-01-30T10:00:00,
391,45,3,1,SUBSCRIPTION,SETTLED,2026-01-30,2026-02-01,171.706117,208.8356,35858.35,0,35858.35,USD,2026-01-30T10:00:00,
392,32,2,1,SUBSCRIPTION,SETTLED,2026-01-30,2026-02-01,129.481968,109.414,14167.14,0,14167.14,USD,2026-01-30T10:00:00,
393,5,1,3,REDEMPTION,SETTLED,2026-01-30,2026-02-01,362.521629,106.6842,-38675.33,0,-38675.33,USD,2026-01-30T10:00:00,
394,45,3,2,SUBSCRIPTION,SETTLED,2026-01-30,2026-02-01,166.461526,149.6693,24914.18,0,24914.18,USD,2026-01-30T10:00:00,
395,47,3,2,SUBSCRIPTION,SETTLED,2026-01-30,2026-02-01,164.312944,214.0255,35167.16,0,35167.16,USD,2026-01-30T10:00:00,
396,14,1,2,REDEMPTION,SETTLED,2026-01-30,2026-02-01,288.5098,87.4876,-25241.03,0,-25241.03,USD,2026-01-30T10:00:00,
397,36,2,3,SUBSCRIPTION,SETTLED,2026-01-31,2026-02-02,214.710012,199.1929,42768.71,0,42768.71,USD,2026-01-31T10:00:00,
398,3,3,1,SUBSCRIPTION,SETTLED,2026-01-31,2026-02-02,3019.838936,13.9075,41998.41,0,41998.41,USD,2026-01-31T10:00:00,
399,29,1,2,SUBSCRIPTION,SETTLED,2026-01-31,2026-02-02,818.758667,58.5564,47943.56,0,47943.56,USD,2026-01-31T10:00:00,
400,42,2,2,SUBSCRIPTION,SETTLED,2026-01-31,2026-02-02,616.428891,75.7647,46703.55,0,46703.55,USD,2026-01-31T10:00:00,
401,17,3,1,SUBSCRIPTION,SETTLED,2026-01-31,2026-02-02,910.714918,49.726,45286.21,0,45286.21,USD,2026-01-31T10:00:00,
402,41,3,2,REDEMPTION,SETTLED,2026-01-31,2026-02-02,336.293815,113.0154,-38006.38,0,-38006.38,USD,2026-01-31T10:00:00,
403,46,3,1,SUBSCRIPTION,SETTLED,2026-01-31,2026-02-02,582.191025,41.848,24363.53,0,24363.53,USD,2026-01-31T10:00:00,
404,34,3,3,SUBSCRIPTION,SETTLED,2026-01-31,2026-02-02,15.088722,92.4578,1395.07,0,1395.07,USD,2026-01-31T10:00:00,
405,28,1,3,SUBSCRIPTION,SETTLED,2026-01-31,2026-02-02,43.856488,101.9368,4470.59,0,4470.59,USD,2026-01-31T10:00:00,
406,7,3,2,SUBSCRIPTION,SETTLED,2026-01-31,2026-02-02,153.785305,101.8531,15663.51,0,15663.51,USD,2026-01-31T10:00:00,
407,42,2,3,SUBSCRIPTION,SETTLED,2026-01-31,2026-02-02,2243.238684,12.0339,26994.91,0,26994.91,USD,2026-01-31T10:00:00,
408,29,1,2,REDEMPTION,SETTLED,2026-01-31,2026-02-02,685.863526,46.3298,-31775.92,0,-31775.92,USD,2026-01-31T10:00:00,
409,40,2,3,SUBSCRIPTION,SETTLED,2026-01-31,2026-02-02,51.713612,225.1823,11644.99,0,11644.99,USD,2026-01-31T10:00:00,
410,38,2,3,SUBSCRIPTION,SETTLED,2026-02-01,2026-02-03,563.859178,85.4809,48199.19,0,48199.19,USD,2026-02-01T10:00:00,
411,16,2,2,SUBSCRIPTION,SETTLED,2026-02-01,2026-02-03,85.322854,154.2398,13160.18,0,13160.18,USD,2026-02-01T10:00:00,
412,50,1,3,SUBSCRIPTION,SETTLED,2026-02-01,2026-02-03,193.036874,220.1985,42506.43,0,42506.43,USD,2026-02-01T10:00:00,
413,34,3,3,SUBSCRIPTION,SETTLED,2026-02-01,2026-02-03,465.146342,80.9301,37644.34,0,37644.34,USD,2026-02-01T10:00:00,
414,16,2,2,SUBSCRIPTION,SETTLED,2026-02-01,2026-02-03,78.540062,163.1398,12813.01,0,12813.01,USD,2026-02-01T10:00:00,
415,34,3,1,REDEMPTION,SETTLED,2026-02-01,2026-02-03,1122.046554,41.6759,-46762.3,0,-46762.3,USD,2026-02-01T10:00:00,
416,24,1,3,REDEMPTION,SETTLED,2026-02-01,2026-02-03,160.512731,239.0687,-38373.57,0,-38373.57,USD,2026-02-01T10:00:00,
417,2,2,3,SUBSCRIPTION,SETTLED,2026-02-01,2026-02-03,707.986338,19.5584,13847.08,0,13847.08,USD,2026-02-01T10:00:00,
418,26,3,3,SUBSCRIPTION,SETTLED,2026-02-01,2026-02-03,185.047067,194.1064,35918.82,0,35918.82,USD,2026-02-01T10:00:00,
419,6,1,3,SUBSCRIPTION,SETTLED,2026-02-02,2026-02-04,407.172914,76.5923,31186.31,0,31186.31,USD,2026-02-02T10:00:00,
420,6,1,3,REDEMPTION,SETTLED,2026-02-02,2026-02-04,1030.679735,47.2905,-48741.36,0,-48741.36,USD,2026-02-02T10:00:00,
421,26,3,3,SUBSCRIPTION,SETTLED,2026-02-02,2026-02-04,241.516165,173.4534,41891.8,0,41891.8,USD,2026-02-02T10:00:00,
422,20,2,3,SUBSCRIPTION,SETTLED,2026-02-02,2026-02-04,709.3183,67.273,47717.97,0,47717.97,USD,2026-02-02T10:00:00,
423,6,1,2,SUBSCRIPTION,SETTLED,2026-02-02,2026-02-04,1335.919059,23.2069,31002.54,0,31002.54,USD,2026-02-02T10:00:00,
424,8,3,1,REDEMPTION,SETTLED,2026-02-02,2026-02-04,717.226753,49.3198,-35373.48,0,-35373.48,USD,2026-02-02T10:00:00,
425,34,3,3,REDEMPTION,SETTLED,2026-02-02,2026-02-04,725.318797,50.0711,-36317.51,0,-36317.51,USD,2026-02-02T10:00:00,
426,48,1,2,REDEMPTION,SETTLED,2026-02-02,2026-02-04,30.024419,225.9754,-6784.78,0,-6784.78,USD,2026-02-02T10:00:00,
427,28,1,2,SUBSCRIPTION,SETTLED,2026-02-02,2026-02-04,56.90099,244.0121,13884.53,0,13884.53,USD,2026-02-02T10:00:00,
428,32,2,2,SUBSCRIPTION,SETTLED,2026-02-02,2026-02-04,17.186514,216.2463,3716.52,0,3716.52,USD,2026-02-02T10:00:00,
429,24,1,1,SUBSCRIPTION,SETTLED,2026-02-02,2026-02-04,40.898747,147.739,6042.34,0,6042.34,USD,2026-02-02T10:00:00,
430,15,1,3,SUBSCRIPTION,SETTLED,2026-02-02,2026-02-04,14.54546,217.1028,3157.86,0,3157.86,USD,2026-02-02T10:00:00,
431,3,3,2,SUBSCRIPTION,SETTLED,2026-02-02,2026-02-04,870.454726,52.9506,46091.1,0,46091.1,USD,2026-02-02T10:00:00,
432,36,2,3,REDEMPTION,SETTLED,2026-02-02,2026-02-04,247.030637,87.2325,-21549.1,0,-21549.1,USD,2026-02-02T10:00:00,
433,18,1,1,SUBSCRIPTION,SETTLED,2026-02-03,2026-02-05,39.922622,171.5982,6850.65,0,6850.65,USD,2026-02-03T10:00:00,
434,12,1,1,REDEMPTION,SETTLED,2026-02-03,2026-02-05,205.41244,238.9791,-49089.28,0,-49089.28,USD,2026-02-03T10:00:00,
435,30,2,2,REDEMPTION,SETTLED,2026-02-03,2026-02-05,527.916375,30.7325,-16224.19,0,-16224.19,USD,2026-02-03T10:00:00,
436,1,3,2,SUBSCRIPTION,SETTLED,2026-02-03,2026-02-05,345.154947,82.9382,28626.53,0,28626.53,USD,2026-02-03T10:00:00,
437,30,2,2,SUBSCRIPTION,SETTLED,2026-02-03,2026-02-05,128.81866,195.4272,25174.67,0,25174.67,USD,2026-02-03T10:00:00,
438,47,3,3,REDEMPTION,SETTLED,2026-02-03,2026-02-05,1128.398102,11.5307,-13011.22,0,-13011.22,USD,2026-02-03T10:00:00,
439,2,2,1,SUBSCRIPTION,SETTLED,2026-02-03,2026-02-05,182.287823,176.4306,32161.15,0,32161.15,USD,2026-02-03T10:00:00,
440,22,3,1,REDEMPTION,SETTLED,2026-02-03,2026-02-05,103.86604,187.1398,-19437.47,0,-19437.47,USD,2026-02-03T10:00:00,
441,7,3,1,SUBSCRIPTION,SETTLED,2026-02-03,2026-02-05,98.918859,128.0869,12670.21,0,12670.21,USD,2026-02-03T10:00:00,
442,10,1,3,SUBSCRIPTION,SETTLED,2026-02-03,2026-02-05,48.06936,65.5534,3151.11,0,3151.11,USD,2026-02-03T10:00:00,
443,45,3,2,SUBSCRIPTION,SETTLED,2026-02-03,2026-02-05,252.013723,149.385,37647.07,0,37647.07,USD,2026-02-03T10:00:00,
444,41,3,2,SUBSCRIPTION,SETTLED,2026-02-03,2026-02-05,251.960254,114.3959,28823.22,0,28823.22,USD,2026-02-03T10:00:00,
445,16,2,2,SUBSCRIPTION,SETTLED,2026-02-03,2026-02-05,81.284694,202.196,16435.44,0,16435.44,USD,2026-02-03T10:00:00,
446,29,1,2,SUBSCRIPTION,SETTLED,2026-02-04,2026-02-06,1107.047634,42.6668,47234.18,0,47234.18,USD,2026-02-04T10:00:00,
447,10,1,1,SUBSCRIPTION,SETTLED,2026-02-04,2026-02-06,221.606872,107.563,23836.7,0,23836.7,USD,2026-02-04T10:00:00,
448,50,1,1,SUBSCRIPTION,SETTLED,2026-02-04,2026-02-06,110.458784,214.5957,23703.98,0,23703.98,USD,2026-02-04T10:00:00,
449,11,2,3,SUBSCRIPTION,SETTLED,2026-02-04,2026-02-06,229.536425,154.7926,35530.54,0,35530.54,USD,2026-02-04T10:00:00,
450,21,1,1,SUBSCRIPTION,SETTLED,2026-02-04,2026-02-06,138.005395,95.3783,13162.72,0,13162.72,USD,2026-02-04T10:00:00,
451,44,1,2,SUBSCRIPTION,SETTLED,2026-02-04,2026-02-06,2837.571665,17.4597,49543.15,0,49543.15,USD,2026-02-04T10:00:00,
452,29,1,3,REDEMPTION,SETTLED,2026-02-04,2026-02-06,109.543686,120.8904,-13242.78,0,-13242.78,USD,2026-02-04T10:00:00,
453,8,3,1,SUBSCRIPTION,SETTLED,2026-02-04,2026-02-06,619.850606,63.3492,39267.04,0,39267.04,USD,2026-02-04T10:00:00,
454,26,3,2,REDEMPTION,SETTLED,2026-02-04,2026-02-06,1555.914748,30.1695,-46941.17,0,-46941.17,USD,2026-02-04T10:00:00,
455,5,1,1,REDEMPTION,SETTLED,2026-02-04,2026-02-06,64.771999,165.0369,-10689.77,0,-10689.77,USD,2026-02-04T10:00:00,
456,6,1,2,SUBSCRIPTION,SETTLED,2026-02-04,2026-02-06,2129.361712,22.153,47171.75,0,47171.75,USD,2026-02-04T10:00:00,
457,47,3,2,SUBSCRIPTION,SETTLED,2026-02-04,2026-02-06,175.745956,112.3994,19753.74,0,19753.74,USD,2026-02-04T10:00:00,
458,14,1,1,SUBSCRIPTION,SETTLED,2026-02-04,2026-02-06,500.411854,45.6715,22854.56,0,22854.56,USD,2026-02-04T10:00:00,
459,19,1,2,SUBSCRIPTION,SETTLED,2026-02-05,2026-02-07,1135.93424,24.635,27983.74,0,27983.74,USD,2026-02-05T10:00:00,
460,25,1,1,SUBSCRIPTION,SETTLED,2026-02-05,2026-02-07,161.378699,201.3275,32489.97,0,32489.97,USD,2026-02-05T10:00:00,
461,41,3,3,REDEMPTION,SETTLED,2026-02-05,2026-02-07,250.333047,197.6598,-49480.78,0,-49480.78,USD,2026-02-05T10:00:00,
462,31,2,3,REDEMPTION,SETTLED,2026-02-05,2026-02-07,122.517311,145.7563,-17857.67,0,-17857.67,USD,2026-02-05T10:00:00,
463,25,1,2,SUBSCRIPTION,SETTLED,2026-02-05,2026-02-07,265.724497,62.5648,16625.0,0,16625.0,USD,2026-02-05T10:00:00,
464,4,3,2,SUBSCRIPTION,SETTLED,2026-02-05,2026-02-07,154.35949,249.9054,38575.27,0,38575.27,USD,2026-02-05T10:00:00,
465,7,3,1,SUBSCRIPTION,SETTLED,2026-02-05,2026-02-07,68.281916,205.9084,14059.82,0,14059.82,USD,2026-02-05T10:00:00,
466,49,3,1,SUBSCRIPTION,SETTLED,2026-02-05,2026-02-07,476.166473,103.2214,49150.57,0,49150.57,USD,2026-02-05T10:00:00,
467,12,1,1,SUBSCRIPTION,SETTLED,2026-02-05,2026-02-07,228.282752,177.4304,40504.3,0,40504.3,USD,2026-02-05T10:00:00,
468,46,3,3,SUBSCRIPTION,SETTLED,2026-02-05,2026-02-07,653.33288,44.1045,28814.92,0,28814.92,USD,2026-02-05T10:00:00,
469,32,2,3,SUBSCRIPTION,SETTLED,2026-02-05,2026-02-07,790.586132,31.6618,25031.38,0,25031.38,USD,2026-02-05T10:00:00,
470,39,2,1,SUBSCRIPTION,SETTLED,2026-02-05,2026-02-07,272.511666,89.6162,24421.46,0,24421.46,USD,2026-02-05T10:00:00,
471,9,2,2,REDEMPTION,SETTLED,2026-02-05,2026-02-07,216.435355,212.6282,-46020.26,0,-46020.26,USD,2026-02-05T10:00:00,
472,4,3,1,SUBSCRIPTION,SETTLED,2026-02-05,2026-02-07,807.56513,43.9966,35530.12,0,35530.12,USD,2026-02-05T10:00:00,
473,34,3,2,REDEMPTION,SETTLED,2026-02-05,2026-02-07,81.783526,236.0616,-19305.95,0,-19305.95,USD,2026-02-05T10:00:00,
474,38,2,1,SUBSCRIPTION,SETTLED,2026-02-05,2026-02-07,68.825167,244.2066,16807.56,0,16807.56,USD,2026-02-05T10:00:00,
475,41,3,2,SUBSCRIPTION,SETTLED,2026-02-05,2026-02-07,39.323698,242.4983,9535.93,0,9535.93,USD,2026-02-05T10:00:00,
476,15,1,3,SUBSCRIPTION,SETTLED,2026-02-05,2026-02-07,114.688011,83.6376,9592.23,0,9592.23,USD,2026-02-05T10:00:00,
477,12,1,3,SUBSCRIPTION,SETTLED,2026-02-06,2026-02-08,240.021115,147.4804,35398.41,0,35398.41,USD,2026-02-06T10:00:00,
478,12,1,3,SUBSCRIPTION,SETTLED,2026-02-06,2026-02-08,259.242973,156.7315,40631.54,0,40631.54,USD,2026-02-06T10:00:00,
479,32,2,1,SUBSCRIPTION,SETTLED,2026-02-06,2026-02-08,51.617536,93.2344,4812.53,0,4812.53,USD,2026-02-06T10:00:00,
480,11,2,3,REDEMPTION,SETTLED,2026-02-06,2026-02-08,29.683689,180.1518,-5347.57,0,-5347.57,USD,2026-02-06T10:00:00,
481,29,1,1,SUBSCRIPTION,SETTLED,2026-02-06,2026-02-08,503.50771,26.2707,13227.5,0,13227.5,USD,2026-02-06T10:00:00,
482,7,3,3,SUBSCRIPTION,SETTLED,2026-02-06,2026-02-08,107.151479,185.8203,19910.92,0,19910.92,USD,2026-02-06T10:00:00,
483,27,3,2,REDEMPTION,SETTLED,2026-02-06,2026-02-08,181.951552,100.0834,-18210.33,0,-18210.33,USD,2026-02-06T10:00:00,
484,37,1,3,REDEMPTION,SETTLED,2026-02-06,2026-02-08,101.881936,118.309,-12053.55,0,-12053.55,USD,2026-02-06T10:00:00,
485,19,1,1,SUBSCRIPTION,SETTLED,2026-02-06,2026-02-08,1712.86208,27.8081,47631.44,0,47631.44,USD,2026-02-06T10:00:00,
486,25,1,1,REDEMPTION,SETTLED,2026-02-06,2026-02-08,123.277742,225.5498,-27805.27,0,-27805.27,USD,2026-02-06T10:00:00,
487,39,2,3,REDEMPTION,SETTLED,2026-02-07,2026-02-09,312.909452,113.5176,-35520.73,0,-35520.73,USD,2026-02-07T10:00:00,
488,39,2,2,SUBSCRIPTION,SETTLED,2026-02-07,2026-02-09,100.478999,59.3321,5961.63,0,5961.63,USD,2026-02-07T10:00:00,
489,27,3,3,SUBSCRIPTION,SETTLED,2026-02-07,2026-02-09,331.970757,139.6301,46353.11,0,46353.11,USD,2026-02-07T10:00:00,
490,20,2,1,SUBSCRIPTION,SETTLED,2026-02-07,2026-02-09,142.702598,141.919,20252.21,0,20252.21,USD,2026-02-07T10:00:00,
491,10,1,1,SUBSCRIPTION,SETTLED,2026-02-07,2026-02-09,272.055683,80.6919,21952.69,0,21952.69,USD,2026-02-07T10:00:00,
492,13,2,1,SUBSCRIPTION,SETTLED,2026-02-07,2026-02-09,117.083819,80.0348,9370.78,0,9370.78,USD,2026-02-07T10:00:00,
493,31,2,1,SUBSCRIPTION,SETTLED,2026-02-07,2026-02-09,160.742547,127.3832,20475.9,0,20475.9,USD,2026-02-07T10:00:00,
494,6,1,3,SUBSCRIPTION,SETTLED,2026-02-07,2026-02-09,45.2061,222.5182,10059.18,0,10059.18,USD,2026-02-07T10:00:00,
495,12,1,2,SUBSCRIPTION,SETTLED,2026-02-07,2026-02-09,307.954797,73.2162,22547.28,0,22547.28,USD,2026-02-07T10:00:00,
496,37,1,1,SUBSCRIPTION,SETTLED,2026-02-07,2026-02-09,1057.770578,33.2086,35127.08,0,35127.08,USD,2026-02-07T10:00:00,
497,35,2,2,REDEMPTION,SETTLED,2026-02-07,2026-02-09,209.265423,142.8645,-29896.6,0,-29896.6,USD,2026-02-07T10:00:00,
498,34,3,2,REDEMPTION,SETTLED,2026-02-07,2026-02-09,147.688056,234.7267,-34666.33,0,-34666.33,USD,2026-02-07T10:00:00,
499,31,2,2,SUBSCRIPTION,SETTLED,2026-02-07,2026-02-09,249.326089,181.4334,45236.08,0,45236.08,USD,2026-02-07T10:00:00,
500,49,3,2,SUBSCRIPTION,SETTLED,2026-02-08,2026-02-10,202.34305,243.3196,49234.03,0,49234.03,USD,2026-02-08T10:00:00,
501,9,2,1,SUBSCRIPTION,SETTLED,2026-02-08,2026-02-10,431.68679,114.4944,49425.72,0,49425.72,USD,2026-02-08T10:00:00,
502,39,2,2,SUBSCRIPTION,SETTLED,2026-02-08,2026-02-10,179.758542,203.7625,36628.05,0,36628.05,USD,2026-02-08T10:00:00,
503,25,1,3,SUBSCRIPTION,SETTLED,2026-02-08,2026-02-10,222.57977,76.2882,16980.21,0,16980.21,USD,2026-02-08T10:00:00,
504,1,3,3,SUBSCRIPTION,SETTLED,2026-02-08,2026-02-10,240.333687,110.7025,26605.54,0,26605.54,USD,2026-02-08T10:00:00,
505,10,1,1,SUBSCRIPTION,SETTLED,2026-02-08,2026-02-10,122.334943,241.5596,29551.18,0,29551.18,USD,2026-02-08T10:00:00,
506,7,3,3,REDEMPTION,SETTLED,2026-02-08,2026-02-10,181.038534,218.1941,-39501.54,0,-39501.54,USD,2026-02-08T10:00:00,
507,27,3,2,SUBSCRIPTION,SETTLED,2026-02-08,2026-02-10,158.780065,156.1509,24793.65,0,24793.65,USD,2026-02-08T10:00:00,
508,12,1,2,SUBSCRIPTION,SETTLED,2026-02-08,2026-02-10,180.47788,173.3951,31293.98,0,31293.98,USD,2026-02-08T10:00:00,
509,26,3,2,REDEMPTION,SETTLED,2026-02-09,2026-02-11,27.530785,124.0524,-3415.26,0,-3415.26,USD,2026-02-09T10:00:00,
510,24,1,1,SUBSCRIPTION,SETTLED,2026-02-09,2026-02-11,471.345704,84.6278,39888.95,0,39888.95,USD,2026-02-09T10:00:00,
511,45,3,3,SUBSCRIPTION,SETTLED,2026-02-09,2026-02-11,1031.325957,42.2525,43576.1,0,43576.1,USD,2026-02-09T10:00:00,
512,50,1,2,SUBSCRIPTION,SETTLED,2026-02-09,2026-02-11,129.882037,164.9332,21421.86,0,21421.86,USD,2026-02-09T10:00:00,
513,29,1,1,REDEMPTION,SETTLED,2026-02-09,2026-02-11,165.924345,126.2705,-20951.35,0,-20951.35,USD,2026-02-09T10:00:00,
514,4,3,3,REDEMPTION,SETTLED,2026-02-09,2026-02-11,23.379407,180.2967,-4215.23,0,-4215.23,USD,2026-02-09T10:00:00,
515,9,2,3,REDEMPTION,SETTLED,2026-02-09,2026-02-11,42.984757,56.2632,-2418.46,0,-2418.46,USD,2026-02-09T10:00:00,
516,4,3,1,SUBSCRIPTION,SETTLED,2026-02-09,2026-02-11,36.038968,96.49,3477.4,0,3477.4,USD,2026-02-09T10:00:00,
517,24,1,2,SUBSCRIPTION,SETTLED,2026-02-10,2026-02-12,808.846827,39.7295,32135.08,0,32135.08,USD,2026-02-10T10:00:00,
518,16,2,2,SUBSCRIPTION,SETTLED,2026-02-10,2026-02-12,95.038268,240.5249,22859.07,0,22859.07,USD,2026-02-10T10:00:00,
519,38,2,3,SUBSCRIPTION,SETTLED,2026-02-10,2026-02-12,40.111475,224.6781,9012.17,0,9012.17,USD,2026-02-10T10:00:00,
520,19,1,1,SUBSCRIPTION,SETTLED,2026-02-10,2026-02-12,60.963378,147.3419,8982.46,0,8982.46,USD,2026-02-10T10:00:00,
521,15,1,3,SUBSCRIPTION,SETTLED,2026-02-10,2026-02-12,66.893576,166.381,11129.82,0,11129.82,USD,2026-02-10T10:00:00,
522,50,1,3,SUBSCRIPTION,SETTLED,2026-02-10,2026-02-12,276.135217,165.3692,45664.26,0,45664.26,USD,2026-02-10T10:00:00,
523,15,1,2,SUBSCRIPTION,SETTLED,2026-02-10,2026-02-12,260.730364,181.0577,47207.24,0,47207.24,USD,2026-02-10T10:00:00,
524,28,1,2,REDEMPTION,SETTLED,2026-02-10,2026-02-12,376.636599,62.3702,-23490.9,0,-23490.9,USD,2026-02-10T10:00:00,
525,44,1,3,REDEMPTION,SETTLED,2026-02-10,2026-02-12,592.114866,34.5549,-20460.47,0,-20460.47,USD,2026-02-10T10:00:00,
526,36,2,3,SUBSCRIPTION,SETTLED,2026-02-10,2026-02-12,85.224596,174.2592,14851.17,0,14851.17,USD,2026-02-10T10:00:00,
527,5,1,2,REDEMPTION,SETTLED,2026-02-10,2026-02-12,149.42535,216.758,-32389.14,0,-32389.14,USD,2026-02-10T10:00:00,
528,42,2,3,REDEMPTION,SETTLED,2026-02-10,2026-02-12,596.341366,55.2064,-32921.86,0,-32921.86,USD,2026-02-10T10:00:00,
529,39,2,2,SUBSCRIPTION,SETTLED,2026-02-11,2026-02-13,187.632599,183.108,34357.03,0,34357.03,USD,2026-02-11T10:00:00,
530,19,1,2,REDEMPTION,SETTLED,2026-02-11,2026-02-13,111.475374,186.8157,-20825.35,0,-20825.35,USD,2026-02-11T10:00:00,
531,22,3,3,REDEMPTION,SETTLED,2026-02-11,2026-02-13,212.197226,163.1953,-34629.59,0,-34629.59,USD,2026-02-11T10:00:00,
532,43,2,2,SUBSCRIPTION,SETTLED,2026-02-11,2026-02-13,200.353619,211.7533,42425.54,0,42425.54,USD,2026-02-11T10:00:00,
533,19,1,1,SUBSCRIPTION,SETTLED,2026-02-11,2026-02-13,202.695376,184.0448,37305.03,0,37305.03,USD,2026-02-11T10:00:00,
534,44,1,2,SUBSCRIPTION,SETTLED,2026-02-11,2026-02-13,186.960111,63.5987,11890.42,0,11890.42,USD,2026-02-11T10:00:00,
535,27,3,2,SUBSCRIPTION,SETTLED,2026-02-11,2026-02-13,244.784201,121.3026,29692.96,0,29692.96,USD,2026-02-11T10:00:00,
536,31,2,1,REDEMPTION,SETTLED,2026-02-11,2026-02-13,125.068186,236.6322,-29595.16,0,-29595.16,USD,2026-02-11T10:00:00,
537,13,2,3,SUBSCRIPTION,SETTLED,2026-02-12,2026-02-14,250.465802,137.1612,34354.19,0,34354.19,USD,2026-02-12T10:00:00,
538,4,3,1,SUBSCRIPTION,SETTLED,2026-02-12,2026-02-14,99.943903,108.206,10814.53,0,10814.53,USD,2026-02-12T10:00:00,
539,10,1,2,REDEMPTION,SETTLED,2026-02-12,2026-02-14,334.667356,29.3948,-9837.48,0,-9837.48,USD,2026-02-12T10:00:00,
540,41,3,1,SUBSCRIPTION,SETTLED,2026-02-12,2026-02-14,32.429565,118.4928,3842.67,0,3842.67,USD,2026-02-12T10:00:00,
541,49,3,1,SUBSCRIPTION,SETTLED,2026-02-12,2026-02-14,44.158697,198.4506,8763.32,0,8763.32,USD,2026-02-12T10:00:00,
542,9,2,3,SUBSCRIPTION,SETTLED,2026-02-12,2026-02-14,195.112339,112.9661,22041.08,0,22041.08,USD,2026-02-12T10:00:00,
543,25,1,1,SUBSCRIPTION,SETTLED,2026-02-12,2026-02-14,108.206095,99.5443,10771.3,0,10771.3,USD,2026-02-12T10:00:00,
544,21,1,3,SUBSCRIPTION,SETTLED,2026-02-12,2026-02-14,212.96519,160.4049,34160.66,0,34160.66,USD,2026-02-12T10:00:00,
545,15,1,3,REDEMPTION,SETTLED,2026-02-12,2026-02-14,470.202597,34.65,-16292.52,0,-16292.52,USD,2026-02-12T10:00:00,
546,11,2,1,REDEMPTION,SETTLED,2026-02-12,2026-02-14,195.641157,79.7987,-15611.91,0,-15611.91,USD,2026-02-12T10:00:00,
547,28,1,3,REDEMPTION,SETTLED,2026-02-12,2026-02-14,78.618587,226.3321,-17793.91,0,-17793.91,USD,2026-02-12T10:00:00,
548,49,3,1,SUBSCRIPTION,SETTLED,2026-02-12,2026-02-14,221.775559,204.882,45437.82,0,45437.82,USD,2026-02-12T10:00:00,
549,15,1,1,REDEMPTION,SETTLED,2026-02-12,2026-02-14,39.903018,186.1784,-7429.08,0,-7429.08,USD,2026-02-12T10:00:00,
550,8,3,2,REDEMPTION,SETTLED,2026-02-12,2026-02-14,397.958443,100.0462,-39814.23,0,-39814.23,USD,2026-02-12T10:00:00,
551,50,1,3,SUBSCRIPTION,SETTLED,2026-02-12,2026-02-14,1399.422608,21.5105,30102.28,0,30102.28,USD,2026-02-12T10:00:00,
552,2,2,1,REDEMPTION,SETTLED,2026-02-13,2026-02-15,211.552534,101.2609,-21422.0,0,-21422.0,USD,2026-02-13T10:00:00,
553,31,2,3,SUBSCRIPTION,SETTLED,2026-02-13,2026-02-15,217.420401,161.2747,35064.41,0,35064.41,USD,2026-02-13T10:00:00,
554,27,3,3,SUBSCRIPTION,SETTLED,2026-02-13,2026-02-15,166.14348,159.4715,26495.15,0,26495.15,USD,2026-02-13T10:00:00,
555,27,3,1,SUBSCRIPTION,SETTLED,2026-02-13,2026-02-15,401.635975,77.8496,31267.2,0,31267.2,USD,2026-02-13T10:00:00,
556,32,2,1,SUBSCRIPTION,SETTLED,2026-02-13,2026-02-15,186.677066,209.5597,39119.99,0,39119.99,USD,2026-02-13T10:00:00,
557,23,3,3,SUBSCRIPTION,SETTLED,2026-02-13,2026-02-15,62.579325,141.5533,8858.31,0,8858.31,USD,2026-02-13T10:00:00,
558,45,3,2,SUBSCRIPTION,SETTLED,2026-02-13,2026-02-15,6.625076,171.192,1134.16,0,1134.16,USD,2026-02-13T10:00:00,
559,37,1,3,SUBSCRIPTION,SETTLED,2026-02-13,2026-02-15,241.12711,197.0863,47522.85,0,47522.85,USD,2026-02-13T10:00:00,
560,47,3,3,SUBSCRIPTION,SETTLED,2026-02-13,2026-02-15,206.765732,65.4785,13538.71,0,13538.71,USD,2026-02-13T10:00:00,
561,17,3,2,SUBSCRIPTION,SETTLED,2026-02-13,2026-02-15,185.836719,219.7937,40845.74,0,40845.74,USD,2026-02-13T10:00:00,
562,24,1,3,SUBSCRIPTION,SETTLED,2026-02-13,2026-02-15,1133.808644,32.7996,37188.47,0,37188.47,USD,2026-02-13T10:00:00,
563,1,3,1,SUBSCRIPTION,SETTLED,2026-02-13,2026-02-15,97.645674,95.8066,9355.1,0,9355.1,USD,2026-02-13T10:00:00,
564,40,2,2,REDEMPTION,SETTLED,2026-02-13,2026-02-15,27.017716,205.5914,-5554.61,0,-5554.61,USD,2026-02-13T10:00:00,
565,8,3,2,SUBSCRIPTION,SETTLED,2026-02-13,2026-02-15,110.98637,210.57,23370.4,0,23370.4,USD,2026-02-13T10:00:00,
566,27,3,3,REDEMPTION,SETTLED,2026-02-13,2026-02-15,219.414967,41.8028,-9172.16,0,-9172.16,USD,2026-02-13T10:00:00,
567,11,2,1,SUBSCRIPTION,SETTLED,2026-02-13,2026-02-15,147.853473,202.5435,29946.76,0,29946.76,USD,2026-02-13T10:00:00,
568,12,1,3,SUBSCRIPTION,SETTLED,2026-02-13,2026-02-15,1097.863548,16.9159,18571.35,0,18571.35,USD,2026-02-13T10:00:00,
569,31,2,2,SUBSCRIPTION,SETTLED,2026-02-13,2026-02-15,1005.682866,21.0334,21152.93,0,21152.93,USD,2026-02-13T10:00:00,
570,21,1,1,REDEMPTION,SETTLED,2026-02-14,2026-02-16,176.196211,194.2069,-34218.52,0,-34218.52,USD,2026-02-14T10:00:00,
571,43,2,2,SUBSCRIPTION,SETTLED,2026-02-14,2026-02-16,219.247443,158.3774,34723.84,0,34723.84,USD,2026-02-14T10:00:00,
572,43,2,3,SUBSCRIPTION,SETTLED,2026-02-14,2026-02-16,104.124115,172.3109,17941.72,0,17941.72,USD,2026-02-14T10:00:00,
573,10,1,3,REDEMPTION,SETTLED,2026-02-14,2026-02-16,2425.422046,12.7948,-31032.79,0,-31032.79,USD,2026-02-14T10:00:00,
574,33,3,2,REDEMPTION,SETTLED,2026-02-14,2026-02-16,1558.990192,27.9677,-43601.37,0,-43601.37,USD,2026-02-14T10:00:00,
575,21,1,1,SUBSCRIPTION,SETTLED,2026-02-14,2026-02-16,111.11474,131.663,14629.7,0,14629.7,USD,2026-02-14T10:00:00,
576,26,3,1,SUBSCRIPTION,SETTLED,2026-02-14,2026-02-16,154.310967,147.5284,22765.25,0,22765.25,USD,2026-02-14T10:00:00,
577,32,2,2,SUBSCRIPTION,SETTLED,2026-02-14,2026-02-16,259.734964,188.8574,49052.87,0,49052.87,USD,2026-02-14T10:00:00,
578,7,3,2,SUBSCRIPTION,SETTLED,2026-02-14,2026-02-16,2818.470824,10.0407,28299.42,0,28299.42,USD,2026-02-14T10:00:00,
579,39,2,3,SUBSCRIPTION,SETTLED,2026-02-14,2026-02-16,307.777949,144.9598,44615.43,0,44615.43,USD,2026-02-14T10:00:00,
580,22,3,2,REDEMPTION,SETTLED,2026-02-14,2026-02-16,192.878024,212.6362,-41012.85,0,-41012.85,USD,2026-02-14T10:00:00,
581,36,2,3,SUBSCRIPTION,SETTLED,2026-02-14,2026-02-16,371.601913,97.1907,36116.25,0,36116.25,USD,2026-02-14T10:00:00,
582,8,3,1,REDEMPTION,SETTLED,2026-02-14,2026-02-16,129.078266,91.9257,-11865.61,0,-11865.61,USD,2026-02-14T10:00:00,
583,36,2,3,SUBSCRIPTION,SETTLED,2026-02-14,2026-02-16,27.568374,225.2505,6209.79,0,6209.79,USD,2026-02-14T10:00:00,
584,9,2,3,REDEMPTION,SETTLED,2026-02-14,2026-02-16,296.374881,71.0294,-21051.33,0,-21051.33,USD,2026-02-14T10:00:00,
585,13,2,1,REDEMPTION,SETTLED,2026-02-14,2026-02-16,169.201778,119.691,-20251.93,0,-20251.93,USD,2026-02-14T10:00:00,
586,46,3,2,SUBSCRIPTION,SETTLED,2026-02-14,2026-02-16,91.695053,232.3904,21309.05,0,21309.05,USD,2026-02-14T10:00:00,
587,50,1,2,SUBSCRIPTION,SETTLED,2026-02-14,2026-02-16,228.051927,131.0074,29876.49,0,29876.49,USD,2026-02-14T10:00:00,
588,34,3,3,SUBSCRIPTION,SETTLED,2026-02-15,2026-02-17,221.611862,211.3159,46830.11,0,46830.11,USD,2026-02-15T10:00:00,
589,33,3,1,REDEMPTION,SETTLED,2026-02-15,2026-02-17,46.236141,205.6586,-9508.86,0,-9508.86,USD,2026-02-15T10:00:00,
590,25,1,3,SUBSCRIPTION,SETTLED,2026-02-15,2026-02-17,337.837363,130.9864,44252.1,0,44252.1,USD,2026-02-15T10:00:00,
591,27,3,3,REDEMPTION,SETTLED,2026-02-15,2026-02-17,506.936812,75.663,-38356.36,0,-38356.36,USD,2026-02-15T10:00:00,
592,19,1,2,REDEMPTION,SETTLED,2026-02-15,2026-02-17,50.262118,154.6059,-7770.82,0,-7770.82,USD,2026-02-15T10:00:00,
593,45,3,3,REDEMPTION,SETTLED,2026-02-15,2026-02-17,152.999302,234.5229,-35881.84,0,-35881.84,USD,2026-02-15T10:00:00,
594,13,2,1,SUBSCRIPTION,SETTLED,2026-02-15,2026-02-17,164.082244,92.8705,15238.4,0,15238.4,USD,2026-02-15T10:00:00,
595,46,3,3,REDEMPTION,SETTLED,2026-02-15,2026-02-17,69.279305,140.198,-9712.82,0,-9712.82,USD,2026-02-15T10:00:00,
596,49,3,2,SUBSCRIPTION,SETTLED,2026-02-16,2026-02-18,125.115549,236.2417,29557.51,0,29557.51,USD,2026-02-16T10:00:00,
597,44,1,3,REDEMPTION,SETTLED,2026-02-16,2026-02-18,123.127458,220.5945,-27161.24,0,-27161.24,USD,2026-02-16T10:00:00,
598,1,3,3,SUBSCRIPTION,SETTLED,2026-02-16,2026-02-18,864.839723,22.7356,19662.65,0,19662.65,USD,2026-02-16T10:00:00,
599,13,2,2,REDEMPTION,SETTLED,2026-02-16,2026-02-18,112.781944,78.7877,-8885.83,0,-8885.83,USD,2026-02-16T10:00:00,
600,10,1,1,REDEMPTION,SETTLED,2026-02-16,2026-02-18,81.010623,190.8625,-15461.89,0,-15461.89,USD,2026-02-16T10:00:00,
601,23,3,2,SUBSCRIPTION,SETTLED,2026-02-16,2026-02-18,232.206891,187.4782,43533.73,0,43533.73,USD,2026-02-16T10:00:00,
602,48,1,3,SUBSCRIPTION,SETTLED,2026-02-16,2026-02-18,63.774121,198.2337,12642.18,0,12642.18,USD,2026-02-16T10:00:00,
603,45,3,3,SUBSCRIPTION,SETTLED,2026-02-16,2026-02-18,179.107877,109.9759,19697.55,0,19697.55,USD,2026-02-16T10:00:00,
604,36,2,1,SUBSCRIPTION,SETTLED,2026-02-16,2026-02-18,83.781022,158.9348,13315.72,0,13315.72,USD,2026-02-16T10:00:00,
605,41,3,3,REDEMPTION,SETTLED,2026-02-17,2026-02-19,125.778689,151.2125,-19019.31,0,-19019.31,USD,2026-02-17T10:00:00,
606,50,1,3,REDEMPTION,SETTLED,2026-02-17,2026-02-19,293.154528,52.5822,-15414.71,0,-15414.71,USD,2026-02-17T10:00:00,
607,12,1,1,REDEMPTION,SETTLED,2026-02-17,2026-02-19,346.712771,19.7522,-6848.34,0,-6848.34,USD,2026-02-17T10:00:00,
608,36,2,2,SUBSCRIPTION,SETTLED,2026-02-17,2026-02-19,415.922723,71.2039,29615.32,0,29615.32,USD,2026-02-17T10:00:00,
609,30,2,3,REDEMPTION,SETTLED,2026-02-17,2026-02-19,12.698415,232.8708,-2957.09,0,-2957.09,USD,2026-02-17T10:00:00,
610,50,1,3,SUBSCRIPTION,SETTLED,2026-02-17,2026-02-19,261.739953,127.7322,33432.62,0,33432.62,USD,2026-02-17T10:00:00,
611,5,1,3,SUBSCRIPTION,SETTLED,2026-02-17,2026-02-19,217.595504,54.1286,11778.14,0,11778.14,USD,2026-02-17T10:00:00,
612,33,3,1,SUBSCRIPTION,SETTLED,2026-02-17,2026-02-19,851.805444,32.0669,27314.76,0,27314.76,USD,2026-02-17T10:00:00,
613,14,1,3,SUBSCRIPTION,SETTLED,2026-02-17,2026-02-19,299.215402,62.4269,18679.09,0,18679.09,USD,2026-02-17T10:00:00,
614,36,2,3,SUBSCRIPTION,SETTLED,2026-02-17,2026-02-19,288.799172,116.9601,33777.98,0,33777.98,USD,2026-02-17T10:00:00,
615,3,3,3,REDEMPTION,SETTLED,2026-02-17,2026-02-19,97.902925,201.0896,-19687.26,0,-19687.26,USD,2026-02-17T10:00:00,
616,17,3,3,REDEMPTION,SETTLED,2026-02-18,2026-02-20,16.490922,134.0483,-2210.58,0,-2210.58,USD,2026-02-18T10:00:00,
617,33,3,3,SUBSCRIPTION,SETTLED,2026-02-18,2026-02-20,13.957904,225.5876,3148.73,0,3148.73,USD,2026-02-18T10:00:00,
618,21,1,3,SUBSCRIPTION,SETTLED,2026-02-18,2026-02-20,23.446066,243.1909,5701.87,0,5701.87,USD,2026-02-18T10:00:00,
619,41,3,1,SUBSCRIPTION,SETTLED,2026-02-18,2026-02-20,520.68621,61.162,31846.21,0,31846.21,USD,2026-02-18T10:00:00,
620,7,3,1,SUBSCRIPTION,SETTLED,2026-02-18,2026-02-20,145.048358,244.2937,35434.4,0,35434.4,USD,2026-02-18T10:00:00,
621,42,2,1,REDEMPTION,SETTLED,2026-02-18,2026-02-20,70.989759,120.2141,-8533.97,0,-8533.97,USD,2026-02-18T10:00:00,
622,3,3,1,SUBSCRIPTION,SETTLED,2026-02-18,2026-02-20,137.977714,70.4579,9721.62,0,9721.62,USD,2026-02-18T10:00:00,
623,37,1,1,REDEMPTION,SETTLED,2026-02-18,2026-02-20,177.339769,118.2702,-20974.01,0,-20974.01,USD,2026-02-18T10:00:00,
624,28,1,2,SUBSCRIPTION,SETTLED,2026-02-18,2026-02-20,245.674985,138.3602,33991.64,0,33991.64,USD,2026-02-18T10:00:00,
625,49,3,3,SUBSCRIPTION,SETTLED,2026-02-18,2026-02-20,1288.887187,27.4215,35343.22,0,35343.22,USD,2026-02-18T10:00:00,
626,19,1,3,SUBSCRIPTION,SETTLED,2026-02-18,2026-02-20,27.050517,193.6658,5238.76,0,5238.76,USD,2026-02-18T10:00:00,
627,25,1,2,REDEMPTION,SETTLED,2026-02-18,2026-02-20,52.825479,47.5176,-2510.14,0,-2510.14,USD,2026-02-18T10:00:00,
628,9,2,3,SUBSCRIPTION,SETTLED,2026-02-18,2026-02-20,284.284892,140.9739,40076.75,0,40076.75,USD,2026-02-18T10:00:00,
629,20,2,3,REDEMPTION,SETTLED,2026-02-18,2026-02-20,221.457737,218.1134,-48302.9,0,-48302.9,USD,2026-02-18T10:00:00,
630,36,2,3,SUBSCRIPTION,SETTLED,2026-02-19,2026-02-21,20.663468,147.4525,3046.88,0,3046.88,USD,2026-02-19T10:00:00,
631,35,2,3,REDEMPTION,SETTLED,2026-02-19,2026-02-21,84.022201,189.5912,-15929.87,0,-15929.87,USD,2026-02-19T10:00:00,
632,14,1,2,REDEMPTION,SETTLED,2026-02-19,2026-02-21,966.785549,44.1892,-42721.48,0,-42721.48,USD,2026-02-19T10:00:00,
633,15,1,3,REDEMPTION,SETTLED,2026-02-19,2026-02-21,196.577358,53.5259,-10521.98,0,-10521.98,USD,2026-02-19T10:00:00,
634,49,3,3,SUBSCRIPTION,SETTLED,2026-02-19,2026-02-21,350.235216,79.7566,27933.57,0,27933.57,USD,2026-02-19T10:00:00,
635,17,3,1,SUBSCRIPTION,SETTLED,2026-02-19,2026-02-21,123.544236,238.3696,29449.19,0,29449.19,USD,2026-02-19T10:00:00,
636,9,2,3,SUBSCRIPTION,SETTLED,2026-02-19,2026-02-21,37.194786,158.6838,5902.21,0,5902.21,USD,2026-02-19T10:00:00,
637,21,1,2,SUBSCRIPTION,SETTLED,2026-02-19,2026-02-21,374.280158,83.3621,31200.78,0,31200.78,USD,2026-02-19T10:00:00,
638,37,1,2,REDEMPTION,SETTLED,2026-02-20,2026-02-22,950.48471,50.4735,-47974.29,0,-47974.29,USD,2026-02-20T10:00:00,
639,16,2,1,REDEMPTION,SETTLED,2026-02-20,2026-02-22,424.080274,76.4032,-32401.09,0,-32401.09,USD,2026-02-20T10:00:00,
640,9,2,3,REDEMPTION,SETTLED,2026-02-20,2026-02-22,363.520824,121.0836,-44016.41,0,-44016.41,USD,2026-02-20T10:00:00,
641,50,1,2,SUBSCRIPTION,SETTLED,2026-02-20,2026-02-22,38.396337,164.9324,6332.8,0,6332.8,USD,2026-02-20T10:00:00,
642,18,1,1,REDEMPTION,SETTLED,2026-02-20,2026-02-22,57.108949,186.0507,-10625.16,0,-10625.16,USD,2026-02-20T10:00:00,
643,47,3,1,REDEMPTION,SETTLED,2026-02-20,2026-02-22,263.813816,161.5904,-42629.78,0,-42629.78,USD,2026-02-20T10:00:00,
644,50,1,3,SUBSCRIPTION,SETTLED,2026-02-20,2026-02-22,38.54226,72.5479,2796.16,0,2796.16,USD,2026-02-20T10:00:00,
645,42,2,1,SUBSCRIPTION,SETTLED,2026-02-20,2026-02-22,61.142474,195.3148,11942.03,0,11942.03,USD,2026-02-20T10:00:00,
646,9,2,2,SUBSCRIPTION,SETTLED,2026-02-20,2026-02-22,55.864363,97.3277,5437.15,0,5437.15,USD,2026-02-20T10:00:00,
647,43,2,1,REDEMPTION,SETTLED,2026-02-20,2026-02-22,257.48758,157.3686,-40520.46,0,-40520.46,USD,2026-02-20T10:00:00,
648,49,3,3,SUBSCRIPTION,SETTLED,2026-02-20,2026-02-22,60.317682,145.9257,8801.9,0,8801.9,USD,2026-02-20T10:00:00,
649,48,1,3,SUBSCRIPTION,SETTLED,2026-02-20,2026-02-22,297.216739,62.5166,18580.98,0,18580.98,USD,2026-02-20T10:00:00,
650,15,1,1,SUBSCRIPTION,SETTLED,2026-02-20,2026-02-22,73.13665,170.4605,12466.91,0,12466.91,USD,2026-02-20T10:00:00,
651,25,1,2,REDEMPTION,SETTLED,2026-02-20,2026-02-22,2257.538144,19.5771,-44196.05,0,-44196.05,USD,2026-02-20T10:00:00,
652,7,3,3,REDEMPTION,SETTLED,2026-02-20,2026-02-22,423.65476,75.6389,-32044.78,0,-32044.78,USD,2026-02-20T10:00:00,
653,38,2,3,SUBSCRIPTION,SETTLED,2026-02-20,2026-02-22,192.934065,100.8444,19456.32,0,19456.32,USD,2026-02-20T10:00:00,
654,34,3,2,SUBSCRIPTION,SETTLED,2026-02-20,2026-02-22,339.394844,133.9292,45454.88,0,45454.88,USD,2026-02-20T10:00:00,
655,32,2,2,REDEMPTION,SETTLED,2026-02-21,2026-02-23,5.969149,221.6882,-1323.29,0,-1323.29,USD,2026-02-21T10:00:00,
656,11,2,1,SUBSCRIPTION,SETTLED,2026-02-21,2026-02-23,535.355086,60.7641,32530.37,0,32530.37,USD,2026-02-21T10:00:00,
657,11,2,2,SUBSCRIPTION,SETTLED,2026-02-21,2026-02-23,243.266141,168.6663,41030.8,0,41030.8,USD,2026-02-21T10:00:00,
658,22,3,3,SUBSCRIPTION,SETTLED,2026-02-21,2026-02-23,272.766076,124.9651,34086.24,0,34086.24,USD,2026-02-21T10:00:00,
659,42,2,2,SUBSCRIPTION,SETTLED,2026-02-21,2026-02-23,21.092776,147.6368,3114.07,0,3114.07,USD,2026-02-21T10:00:00,
660,9,2,3,SUBSCRIPTION,SETTLED,2026-02-21,2026-02-23,986.772558,45.2476,44649.09,0,44649.09,USD,2026-02-21T10:00:00,
661,17,3,1,SUBSCRIPTION,SETTLED,2026-02-21,2026-02-23,86.00894,242.6185,20867.36,0,20867.36,USD,2026-02-21T10:00:00,
662,47,3,3,SUBSCRIPTION,SETTLED,2026-02-21,2026-02-23,486.902379,30.5796,14889.28,0,14889.28,USD,2026-02-21T10:00:00,
663,39,2,2,REDEMPTION,SETTLED,2026-02-21,2026-02-23,44.712555,209.2873,-9357.77,0,-9357.77,USD,2026-02-21T10:00:00,
664,38,2,1,SUBSCRIPTION,SETTLED,2026-02-21,2026-02-23,517.965821,50.2532,26029.44,0,26029.44,USD,2026-02-21T10:00:00,
665,30,2,3,SUBSCRIPTION,SETTLED,2026-02-21,2026-02-23,119.605622,102.5109,12260.88,0,12260.88,USD,2026-02-21T10:00:00,
666,2,2,1,SUBSCRIPTION,SETTLED,2026-02-21,2026-02-23,261.452307,174.2483,45557.62,0,45557.62,USD,2026-02-21T10:00:00,
667,39,2,1,SUBSCRIPTION,SETTLED,2026-02-21,2026-02-23,293.454009,153.9553,45178.8,0,45178.8,USD,2026-02-21T10:00:00,
668,31,2,3,SUBSCRIPTION,SETTLED,2026-02-22,2026-02-24,146.546011,208.6052,30570.26,0,30570.26,USD,2026-02-22T10:00:00,
669,34,3,2,SUBSCRIPTION,SETTLED,2026-02-22,2026-02-24,22.809647,137.156,3128.48,0,3128.48,USD,2026-02-22T10:00:00,
670,31,2,2,SUBSCRIPTION,SETTLED,2026-02-22,2026-02-24,177.397524,227.8861,40426.43,0,40426.43,USD,2026-02-22T10:00:00,
671,28,1,1,SUBSCRIPTION,SETTLED,2026-02-22,2026-02-24,168.667392,228.4205,38527.09,0,38527.09,USD,2026-02-22T10:00:00,
672,19,1,3,REDEMPTION,SETTLED,2026-02-22,2026-02-24,379.72889,55.365,-21023.69,0,-21023.69,USD,2026-02-22T10:00:00,
673,37,1,3,SUBSCRIPTION,SETTLED,2026-02-22,2026-02-24,8.094447,167.0911,1352.51,0,1352.51,USD,2026-02-22T10:00:00,
674,27,3,2,SUBSCRIPTION,SETTLED,2026-02-22,2026-02-24,145.376334,150.4888,21877.51,0,21877.51,USD,2026-02-22T10:00:00,
675,35,2,2,SUBSCRIPTION,SETTLED,2026-02-22,2026-02-24,124.912058,248.0317,30982.15,0,30982.15,USD,2026-02-22T10:00:00,
676,49,3,1,SUBSCRIPTION,SETTLED,2026-02-22,2026-02-24,313.259476,125.7923,39405.63,0,39405.63,USD,2026-02-22T10:00:00,
677,36,2,2,SUBSCRIPTION,SETTLED,2026-02-23,2026-02-25,172.981958,92.6455,16026.0,0,16026.0,USD,2026-02-23T10:00:00,
678,48,1,1,REDEMPTION,SETTLED,2026-02-23,2026-02-25,175.774058,189.4754,-33304.86,0,-33304.86,USD,2026-02-23T10:00:00,
679,45,3,1,SUBSCRIPTION,SETTLED,2026-02-23,2026-02-25,130.418279,198.6595,25908.83,0,25908.83,USD,2026-02-23T10:00:00,
680,11,2,2,REDEMPTION,SETTLED,2026-02-23,2026-02-25,39.522556,31.8613,-1259.24,0,-1259.24,USD,2026-02-23T10:00:00,
681,31,2,3,SUBSCRIPTION,SETTLED,2026-02-23,2026-02-25,65.479582,63.2249,4139.94,0,4139.94,USD,2026-02-23T10:00:00,
682,39,2,1,REDEMPTION,SETTLED,2026-02-23,2026-02-25,439.015099,106.1548,-46603.56,0,-46603.56,USD,2026-02-23T10:00:00,
683,46,3,3,SUBSCRIPTION,SETTLED,2026-02-23,2026-02-25,747.272357,52.0651,38906.81,0,38906.81,USD,2026-02-23T10:00:00,
684,29,1,1,SUBSCRIPTION,SETTLED,2026-02-23,2026-02-25,163.534008,202.9384,33187.33,0,33187.33,USD,2026-02-23T10:00:00,
685,13,2,1,REDEMPTION,SETTLED,2026-02-23,2026-02-25,146.468207,177.6279,-26016.84,0,-26016.84,USD,2026-02-23T10:00:00,
686,44,1,1,SUBSCRIPTION,SETTLED,2026-02-23,2026-02-25,135.552989,244.155,33095.94,0,33095.94,USD,2026-02-23T10:00:00,
687,18,1,2,SUBSCRIPTION,SETTLED,2026-02-23,2026-02-25,135.152782,150.6592,20362.01,0,20362.01,USD,2026-02-23T10:00:00,
688,48,1,3,SUBSCRIPTION,SETTLED,2026-02-23,2026-02-25,69.216068,78.2785,5418.13,0,5418.13,USD,2026-02-23T10:00:00,
689,23,3,2,SUBSCRIPTION,SETTLED,2026-02-23,2026-02-25,404.472974,119.1422,48189.8,0,48189.8,USD,2026-02-23T10:00:00,
690,37,1,1,SUBSCRIPTION,SETTLED,2026-02-23,2026-02-25,589.273057,35.5516,20949.6,0,20949.6,USD,2026-02-23T10:00:00,
691,33,3,2,SUBSCRIPTION,SETTLED,2026-02-23,2026-02-25,50.555602,133.1888,6733.44,0,6733.44,USD,2026-02-23T10:00:00,
692,35,2,3,SUBSCRIPTION,SETTLED,2026-02-23,2026-02-25,225.829036,100.4993,22695.66,0,22695.66,USD,2026-02-23T10:00:00,
693,49,3,2,REDEMPTION,SETTLED,2026-02-24,2026-02-26,194.766569,120.5729,-23483.57,0,-23483.57,USD,2026-02-24T10:00:00,
694,31,2,1,SUBSCRIPTION,SETTLED,2026-02-24,2026-02-26,99.113045,199.2774,19750.99,0,19750.99,USD,2026-02-24T10:00:00,
695,44,1,3,SUBSCRIPTION,SETTLED,2026-02-24,2026-02-26,68.827072,239.307,16470.8,0,16470.8,USD,2026-02-24T10:00:00,
696,45,3,2,SUBSCRIPTION,SETTLED,2026-02-24,2026-02-26,32.369625,171.6875,5557.46,0,5557.46,USD,2026-02-24T10:00:00,
697,5,1,3,REDEMPTION,SETTLED,2026-02-24,2026-02-26,256.736437,94.8491,-24351.22,0,-24351.22,USD,2026-02-24T10:00:00,
698,12,1,3,REDEMPTION,SETTLED,2026-02-24,2026-02-26,351.31412,129.7598,-45586.45,0,-45586.45,USD,2026-02-24T10:00:00,
699,16,2,3,SUBSCRIPTION,SETTLED,2026-02-24,2026-02-26,215.426905,65.0098,14004.86,0,14004.86,USD,2026-02-24T10:00:00,
700,40,2,2,SUBSCRIPTION,SETTLED,2026-02-24,2026-02-26,26.978165,230.8452,6227.78,0,6227.78,USD,2026-02-24T10:00:00,
701,40,2,1,REDEMPTION,SETTLED,2026-02-24,2026-02-26,1366.824536,20.1432,-27532.22,0,-27532.22,USD,2026-02-24T10:00:00,
702,24,1,3,SUBSCRIPTION,SETTLED,2026-02-24,2026-02-26,203.25402,221.4369,45007.94,0,45007.94,USD,2026-02-24T10:00:00,
703,32,2,1,REDEMPTION,SETTLED,2026-02-24,2026-02-26,593.864283,77.264,-45884.33,0,-45884.33,USD,2026-02-24T10:00:00,
704,9,2,1,SUBSCRIPTION,SETTLED,2026-02-25,2026-02-27,92.288925,235.5171,21735.62,0,21735.62,USD,2026-02-25T10:00:00,
705,33,3,2,SUBSCRIPTION,SETTLED,2026-02-25,2026-02-27,666.586914,51.9521,34630.59,0,34630.59,USD,2026-02-25T10:00:00,
706,45,3,3,SUBSCRIPTION,SETTLED,2026-02-25,2026-02-27,2708.7218,12.8368,34771.32,0,34771.32,USD,2026-02-25T10:00:00,
707,25,1,3,SUBSCRIPTION,SETTLED,2026-02-25,2026-02-27,86.323228,216.8421,18718.51,0,18718.51,USD,2026-02-25T10:00:00,
708,36,2,2,SUBSCRIPTION,SETTLED,2026-02-25,2026-02-27,153.340266,157.1402,24095.92,0,24095.92,USD,2026-02-25T10:00:00,
709,12,1,2,SUBSCRIPTION,SETTLED,2026-02-25,2026-02-27,113.031486,190.527,21535.55,0,21535.55,USD,2026-02-25T10:00:00,
710,26,3,2,SUBSCRIPTION,SETTLED,2026-02-25,2026-02-27,118.351322,245.0254,28999.08,0,28999.08,USD,2026-02-25T10:00:00,
711,7,3,3,SUBSCRIPTION,SETTLED,2026-02-25,2026-02-27,110.385774,113.7325,12554.45,0,12554.45,USD,2026-02-25T10:00:00,
712,13,2,1,REDEMPTION,SETTLED,2026-02-25,2026-02-27,301.080743,123.5169,-37188.56,0,-37188.56,USD,2026-02-25T10:00:00,
713,12,1,2,SUBSCRIPTION,SETTLED,2026-02-25,2026-02-27,232.787898,213.8536,49782.53,0,49782.53,USD,2026-02-25T10:00:00,
714,32,2,2,SUBSCRIPTION,SETTLED,2026-02-25,2026-02-27,2007.74818,21.4502,43066.6,0,43066.6,USD,2026-02-25T10:00:00,
715,45,3,1,SUBSCRIPTION,SETTLED,2026-02-25,2026-02-27,328.674554,124.3695,40877.09,0,40877.09,USD,2026-02-25T10:00:00,
716,29,1,3,SUBSCRIPTION,SETTLED,2026-02-25,2026-02-27,129.337089,144.484,18687.14,0,18687.14,USD,2026-02-25T10:00:00,
717,23,3,1,SUBSCRIPTION,SETTLED,2026-02-25,2026-02-27,105.160987,173.1006,18203.43,0,18203.43,USD,2026-02-25T10:00:00,
718,37,1,3,SUBSCRIPTION,SETTLED,2026-02-25,2026-02-27,111.746642,245.0496,27383.47,0,27383.47,USD,2026-02-25T10:00:00,
719,23,3,2,SUBSCRIPTION,SETTLED,2026-02-25,2026-02-27,133.253108,186.7663,24887.19,0,24887.19,USD,2026-02-25T10:00:00,
720,25,1,3,SUBSCRIPTION,SETTLED,2026-02-25,2026-02-27,713.836689,44.7636,31953.9,0,31953.9,USD,2026-02-25T10:00:00,
721,22,3,2,SUBSCRIPTION,SETTLED,2026-02-26,2026-02-28,135.729184,213.7362,29010.24,0,29010.24,USD,2026-02-26T10:00:00,
722,6,1,1,SUBSCRIPTION,SETTLED,2026-02-26,2026-02-28,98.130493,166.7231,16360.62,0,16360.62,USD,2026-02-26T10:00:00,
723,39,2,3,SUBSCRIPTION,SETTLED,2026-02-26,2026-02-28,225.376303,197.4338,44496.9,0,44496.9,USD,2026-02-26T10:00:00,
724,48,1,3,SUBSCRIPTION,SETTLED,2026-02-26,2026-02-28,459.845324,50.1563,23064.14,0,23064.14,USD,2026-02-26T10:00:00,
725,9,2,3,SUBSCRIPTION,SETTLED,2026-02-26,2026-02-28,70.708603,188.5301,13330.7,0,13330.7,USD,2026-02-26T10:00:00,
726,14,1,1,SUBSCRIPTION,SETTLED,2026-02-26,2026-02-28,24.196729,234.8305,5682.13,0,5682.13,USD,2026-02-26T10:00:00,
727,36,2,1,SUBSCRIPTION,SETTLED,2026-02-26,2026-02-28,105.649303,193.5991,20453.61,0,20453.61,USD,2026-02-26T10:00:00,
728,7,3,2,SUBSCRIPTION,SETTLED,2026-02-26,2026-02-28,21.967707,233.5815,5131.25,0,5131.25,USD,2026-02-26T10:00:00,
729,20,2,1,SUBSCRIPTION,SETTLED,2026-02-26,2026-02-28,93.071951,160.3554,14924.59,0,14924.59,USD,2026-02-26T10:00:00,
730,34,3,1,SUBSCRIPTION,SETTLED,2026-02-26,2026-02-28,154.806884,216.4885,33513.91,0,33513.91,USD,2026-02-26T10:00:00,
731,31,2,2,REDEMPTION,SETTLED,2026-02-26,2026-02-28,364.669705,75.3795,-27488.62,0,-27488.62,USD,2026-02-26T10:00:00,
732,9,2,3,SUBSCRIPTION,SETTLED,2026-02-26,2026-02-28,250.486073,119.5704,29950.72,0,29950.72,USD,2026-02-26T10:00:00,
733,34,3,3,SUBSCRIPTION,SETTLED,2026-02-26,2026-02-28,173.310552,93.3204,16173.41,0,16173.41,USD,2026-02-26T10:00:00,
734,6,1,2,SUBSCRIPTION,SETTLED,2026-02-26,2026-02-28,447.477423,47.3722,21197.99,0,21197.99,USD,2026-02-26T10:00:00,
735,1,3,3,REDEMPTION,SETTLED,2026-02-26,2026-02-28,459.832232,92.5324,-42549.38,0,-42549.38,USD,2026-02-26T10:00:00,
736,35,2,1,REDEMPTION,SETTLED,2026-02-26,2026-02-28,131.222643,191.3134,-25104.65,0,-25104.65,USD,2026-02-26T10:00:00,
737,1,3,2,REDEMPTION,SETTLED,2026-02-26,2026-02-28,150.345634,201.2242,-30253.18,0,-30253.18,USD,2026-02-26T10:00:00,
738,13,2,2,REDEMPTION,SETTLED,2026-02-26,2026-02-28,320.374105,69.9751,-22418.21,0,-22418.21,USD,2026-02-26T10:00:00,
739,15,1,2,SUBSCRIPTION,SETTLED,2026-02-27,2026-03-01,236.149564,133.9864,31640.83,0,31640.83,USD,2026-02-27T10:00:00,
740,19,1,3,REDEMPTION,SETTLED,2026-02-27,2026-03-01,372.436064,109.0969,-40631.62,0,-40631.62,USD,2026-02-27T10:00:00,
741,12,1,1,SUBSCRIPTION,SETTLED,2026-02-27,2026-03-01,203.517865,158.2551,32207.74,0,32207.74,USD,2026-02-27T10:00:00,
742,45,3,3,SUBSCRIPTION,SETTLED,2026-02-27,2026-03-01,359.265884,46.5158,16711.54,0,16711.54,USD,2026-02-27T10:00:00,
743,12,1,1,SUBSCRIPTION,SETTLED,2026-02-27,2026-03-01,61.854886,115.22,7126.92,0,7126.92,USD,2026-02-27T10:00:00,
744,15,1,1,SUBSCRIPTION,SETTLED,2026-02-27,2026-03-01,273.578603,92.0591,25185.4,0,25185.4,USD,2026-02-27T10:00:00,
745,32,2,2,SUBSCRIPTION,SETTLED,2026-02-27,2026-03-01,445.663721,89.2597,39779.81,0,39779.81,USD,2026-02-27T10:00:00,
746,4,3,2,REDEMPTION,SETTLED,2026-02-27,2026-03-01,36.616947,122.8352,-4497.85,0,-4497.85,USD,2026-02-27T10:00:00,
747,17,3,2,REDEMPTION,SETTLED,2026-02-27,2026-03-01,35.8937,194.355,-6976.12,0,-6976.12,USD,2026-02-27T10:00:00,
748,25,1,2,SUBSCRIPTION,SETTLED,2026-02-27,2026-03-01,860.371744,57.8032,49732.24,0,49732.24,USD,2026-02-27T10:00:00,
749,34,3,3,REDEMPTION,SETTLED,2026-02-27,2026-03-01,139.262341,173.5462,-24168.45,0,-24168.45,USD,2026-02-27T10:00:00,
750,21,1,1,SUBSCRIPTION,SETTLED,2026-02-27,2026-03-01,13.052587,234.981,3067.11,0,3067.11,USD,2026-02-27T10:00:00,
751,17,3,2,SUBSCRIPTION,SETTLED,2026-02-27,2026-03-01,48.14903,223.0047,10737.46,0,10737.46,USD,2026-02-27T10:00:00,
752,8,3,1,SUBSCRIPTION,SETTLED,2026-02-27,2026-03-01,336.901319,50.1665,16901.16,0,16901.16,USD,2026-02-27T10:00:00,
753,8,3,2,REDEMPTION,SETTLED,2026-02-28,2026-03-02,71.597338,20.0784,-1437.56,0,-1437.56,USD,2026-02-28T10:00:00,
754,45,3,3,SUBSCRIPTION,SETTLED,2026-02-28,2026-03-02,556.280876,69.6933,38769.05,0,38769.05,USD,2026-02-28T10:00:00,
755,6,1,3,SUBSCRIPTION,SETTLED,2026-02-28,2026-03-02,186.989752,249.2735,46611.59,0,46611.59,USD,2026-02-28T10:00:00,
756,4,3,2,SUBSCRIPTION,SETTLED,2026-02-28,2026-03-02,176.867937,199.9519,35365.08,0,35365.08,USD,2026-02-28T10:00:00,
757,32,2,1,SUBSCRIPTION,SETTLED,2026-02-28,2026-03-02,172.171144,164.715,28359.17,0,28359.17,USD,2026-02-28T10:00:00,
758,29,1,3,SUBSCRIPTION,SETTLED,2026-02-28,2026-03-02,362.371587,95.9602,34773.25,0,34773.25,USD,2026-02-28T10:00:00,
759,17,3,1,SUBSCRIPTION,SETTLED,2026-02-28,2026-03-02,277.927451,80.7315,22437.5,0,22437.5,USD,2026-02-28T10:00:00,
760,13,2,3,SUBSCRIPTION,SETTLED,2026-02-28,2026-03-02,97.082033,185.7766,18035.57,0,18035.57,USD,2026-02-28T10:00:00,
761,39,2,3,SUBSCRIPTION,SETTLED,2026-02-28,2026-03-02,229.318842,117.8522,27025.73,0,27025.73,USD,2026-02-28T10:00:00,
762,35,2,2,SUBSCRIPTION,SETTLED,2026-02-28,2026-03-02,296.888151,131.4299,39019.98,0,39019.98,USD,2026-02-28T10:00:00,
763,2,2,3,REDEMPTION,SETTLED,2026-02-28,2026-03-02,579.787635,67.3088,-39024.81,0,-39024.81,USD,2026-02-28T10:00:00,
764,43,2,3,REDEMPTION,SETTLED,2026-02-28,2026-03-02,59.22501,173.9738,-10303.6,0,-10303.6,USD,2026-02-28T10:00:00,
765,40,2,2,SUBSCRIPTION,SETTLED,2026-02-28,2026-03-02,887.511572,36.5114,32404.29,0,32404.29,USD,2026-02-28T10:00:00,
766,3,3,1,SUBSCRIPTION,SETTLED,2026-02-28,2026-03-02,70.949369,35.6932,2532.41,0,2532.41,USD,2026-02-28T10:00:00,
767,7,3,1,SUBSCRIPTION,SETTLED,2026-02-28,2026-03-02,250.02028,167.9011,41978.68,0,41978.68,USD,2026-02-28T10:00:00,
768,4,3,2,SUBSCRIPTION,SETTLED,2026-02-28,2026-03-02,2752.852588,13.1407,36174.41,0,36174.41,USD,2026-02-28T10:00:00,
769,42,2,2,REDEMPTION,SETTLED,2026-02-28,2026-03-02,341.456518,122.3342,-41771.81,0,-41771.81,USD,2026-02-28T10:00:00,
770,36,2,3,REDEMPTION,SETTLED,2026-03-01,2026-03-03,216.904739,98.5765,-21381.71,0,-21381.71,USD,2026-03-01T10:00:00,
771,40,2,2,SUBSCRIPTION,SETTLED,2026-03-01,2026-03-03,175.872879,210.2696,36980.72,0,36980.72,USD,2026-03-01T10:00:00,
772,14,1,3,SUBSCRIPTION,SETTLED,2026-03-01,2026-03-03,265.507014,137.5987,36533.42,0,36533.42,USD,2026-03-01T10:00:00,
773,13,2,3,SUBSCRIPTION,SETTLED,2026-03-01,2026-03-03,121.867155,237.4008,28931.36,0,28931.36,USD,2026-03-01T10:00:00,
774,48,1,1,REDEMPTION,SETTLED,2026-03-01,2026-03-03,170.188075,171.8782,-29251.62,0,-29251.62,USD,2026-03-01T10:00:00,
775,7,3,1,REDEMPTION,SETTLED,2026-03-01,2026-03-03,213.140384,131.1263,-27948.31,0,-27948.31,USD,2026-03-01T10:00:00,
776,35,2,3,SUBSCRIPTION,SETTLED,2026-03-01,2026-03-03,213.270401,85.6372,18263.88,0,18263.88,USD,2026-03-01T10:00:00,
777,24,1,2,REDEMPTION,SETTLED,2026-03-01,2026-03-03,119.966538,184.2082,-22098.82,0,-22098.82,USD,2026-03-01T10:00:00,
778,37,1,3,SUBSCRIPTION,SETTLED,2026-03-01,2026-03-03,165.836402,232.2753,38519.7,0,38519.7,USD,2026-03-01T10:00:00,
779,24,1,2,SUBSCRIPTION,SETTLED,2026-03-01,2026-03-03,110.991606,184.3152,20457.44,0,20457.44,USD,2026-03-01T10:00:00,
780,39,2,1,SUBSCRIPTION,SETTLED,2026-03-01,2026-03-03,602.571384,82.442,49677.19,0,49677.19,USD,2026-03-01T10:00:00,
781,15,1,1,REDEMPTION,SETTLED,2026-03-01,2026-03-03,9.955198,207.2656,-2063.37,0,-2063.37,USD,2026-03-01T10:00:00,
782,36,2,3,SUBSCRIPTION,SETTLED,2026-03-01,2026-03-03,983.847321,47.1315,46370.2,0,46370.2,USD,2026-03-01T10:00:00,
783,23,3,1,SUBSCRIPTION,SETTLED,2026-03-02,2026-03-04,126.819328,149.7174,18987.06,0,18987.06,USD,2026-03-02T10:00:00,
784,17,3,2,SUBSCRIPTION,SETTLED,2026-03-02,2026-03-04,89.408863,230.2916,20590.11,0,20590.11,USD,2026-03-02T10:00:00,
785,47,3,2,REDEMPTION,SETTLED,2026-03-02,2026-03-04,45.502483,208.1693,-9472.22,0,-9472.22,USD,2026-03-02T10:00:00,
786,39,2,3,SUBSCRIPTION,SETTLED,2026-03-02,2026-03-04,248.190625,148.3081,36808.68,0,36808.68,USD,2026-03-02T10:00:00,
787,50,1,1,REDEMPTION,SETTLED,2026-03-02,2026-03-04,78.612138,221.1502,-17385.09,0,-17385.09,USD,2026-03-02T10:00:00,
788,27,3,1,REDEMPTION,SETTLED,2026-03-02,2026-03-04,72.654875,166.667,-12109.17,0,-12109.17,USD,2026-03-02T10:00:00,
789,41,3,3,SUBSCRIPTION,SETTLED,2026-03-02,2026-03-04,801.379522,19.8837,15934.39,0,15934.39,USD,2026-03-02T10:00:00,
790,21,1,3,REDEMPTION,SETTLED,2026-03-02,2026-03-04,49.551792,171.6725,-8506.68,0,-8506.68,USD,2026-03-02T10:00:00,
791,29,1,3,SUBSCRIPTION,SETTLED,2026-03-02,2026-03-04,47.631892,113.6646,5414.06,0,5414.06,USD,2026-03-02T10:00:00,
792,10,1,1,SUBSCRIPTION,SETTLED,2026-03-02,2026-03-04,128.745481,188.8756,24316.88,0,24316.88,USD,2026-03-02T10:00:00,
793,17,3,1,SUBSCRIPTION,SETTLED,2026-03-02,2026-03-04,125.585656,177.4889,22290.06,0,22290.06,USD,2026-03-02T10:00:00,
794,31,2,3,SUBSCRIPTION,SETTLED,2026-03-02,2026-03-04,138.46318,147.1194,20370.62,0,20370.62,USD,2026-03-02T10:00:00,
795,16,2,1,SUBSCRIPTION,SETTLED,2026-03-02,2026-03-04,126.612293,174.3371,22073.22,0,22073.22,USD,2026-03-02T10:00:00,
796,8,3,3,SUBSCRIPTION,SETTLED,2026-03-02,2026-03-04,339.177278,55.7175,18898.11,0,18898.11,USD,2026-03-02T10:00:00,
797,39,2,3,SUBSCRIPTION,SETTLED,2026-03-02,2026-03-04,64.509172,247.0365,15936.12,0,15936.12,USD,2026-03-02T10:00:00,
798,10,1,2,SUBSCRIPTION,SETTLED,2026-03-03,2026-03-05,709.378933,57.9245,41090.42,0,41090.42,USD,2026-03-03T10:00:00,
799,10,1,3,REDEMPTION,SETTLED,2026-03-03,2026-03-05,281.78751,23.0891,-6506.22,0,-6506.22,USD,2026-03-03T10:00:00,
800,19,1,1,SUBSCRIPTION,SETTLED,2026-03-03,2026-03-05,485.529081,83.2283,40409.76,0,40409.76,USD,2026-03-03T10:00:00,
801,2,2,2,SUBSCRIPTION,SETTLED,2026-03-03,2026-03-05,464.457677,58.9123,27362.27,0,27362.27,USD,2026-03-03T10:00:00,
802,36,2,2,SUBSCRIPTION,SETTLED,2026-03-03,2026-03-05,280.644802,176.8171,49622.8,0,49622.8,USD,2026-03-03T10:00:00,
803,25,1,3,REDEMPTION,SETTLED,2026-03-03,2026-03-05,376.01105,71.3095,-26813.16,0,-26813.16,USD,2026-03-03T10:00:00,
804,19,1,1,REDEMPTION,SETTLED,2026-03-03,2026-03-05,1375.531321,22.7405,-31280.27,0,-31280.27,USD,2026-03-03T10:00:00,
805,5,1,2,SUBSCRIPTION,SETTLED,2026-03-03,2026-03-05,146.171021,229.0885,33486.1,0,33486.1,USD,2026-03-03T10:00:00,
806,7,3,1,SUBSCRIPTION,SETTLED,2026-03-03,2026-03-05,430.948781,102.7656,44286.71,0,44286.71,USD,2026-03-03T10:00:00,
807,33,3,3,SUBSCRIPTION,SETTLED,2026-03-03,2026-03-05,75.483556,218.0255,16457.34,0,16457.34,USD,2026-03-03T10:00:00,
808,12,1,1,SUBSCRIPTION,SETTLED,2026-03-03,2026-03-05,100.899304,232.324,23441.33,0,23441.33,USD,2026-03-03T10:00:00,
809,3,3,1,REDEMPTION,SETTLED,2026-03-03,2026-03-05,124.948759,127.5839,-15941.45,0,-15941.45,USD,2026-03-03T10:00:00,
810,2,2,2,REDEMPTION,SETTLED,2026-03-03,2026-03-05,223.03669,82.5583,-18413.53,0,-18413.53,USD,2026-03-03T10:00:00,
811,4,3,3,SUBSCRIPTION,SETTLED,2026-03-03,2026-03-05,79.889147,249.9884,19971.36,0,19971.36,USD,2026-03-03T10:00:00,
812,36,2,2,SUBSCRIPTION,SETTLED,2026-03-03,2026-03-05,170.185802,104.2832,17747.52,0,17747.52,USD,2026-03-03T10:00:00,
813,6,1,3,SUBSCRIPTION,SETTLED,2026-03-03,2026-03-05,306.20049,156.9876,48069.68,0,48069.68,USD,2026-03-03T10:00:00,
814,27,3,1,SUBSCRIPTION,SETTLED,2026-03-03,2026-03-05,257.694367,84.9719,21896.78,0,21896.78,USD,2026-03-03T10:00:00,
815,35,2,1,SUBSCRIPTION,SETTLED,2026-03-04,2026-03-06,55.674508,139.9249,7790.25,0,7790.25,USD,2026-03-04T10:00:00,
816,9,2,2,REDEMPTION,SETTLED,2026-03-04,2026-03-06,197.260125,228.2951,-45033.52,0,-45033.52,USD,2026-03-04T10:00:00,
817,50,1,1,SUBSCRIPTION,SETTLED,2026-03-04,2026-03-06,598.299031,47.9315,28677.37,0,28677.37,USD,2026-03-04T10:00:00,
818,36,2,3,REDEMPTION,SETTLED,2026-03-04,2026-03-06,78.876268,86.2234,-6800.98,0,-6800.98,USD,2026-03-04T10:00:00,
819,47,3,1,REDEMPTION,SETTLED,2026-03-04,2026-03-06,403.461839,109.3696,-44126.46,0,-44126.46,USD,2026-03-04T10:00:00,
820,20,2,2,REDEMPTION,SETTLED,2026-03-04,2026-03-06,253.392093,162.8434,-41263.23,0,-41263.23,USD,2026-03-04T10:00:00,
821,10,1,1,SUBSCRIPTION,SETTLED,2026-03-04,2026-03-06,52.089307,192.9874,10052.58,0,10052.58,USD,2026-03-04T10:00:00,
822,39,2,3,SUBSCRIPTION,SETTLED,2026-03-04,2026-03-06,461.970834,65.419,30221.67,0,30221.67,USD,2026-03-04T10:00:00,
823,23,3,1,REDEMPTION,SETTLED,2026-03-04,2026-03-06,186.534174,130.5579,-24353.51,0,-24353.51,USD,2026-03-04T10:00:00,
824,46,3,3,SUBSCRIPTION,SETTLED,2026-03-04,2026-03-06,334.156904,127.9469,42754.34,0,42754.34,USD,2026-03-04T10:00:00,
825,11,2,1,SUBSCRIPTION,SETTLED,2026-03-04,2026-03-06,86.678424,242.5156,21020.87,0,21020.87,USD,2026-03-04T10:00:00,
826,27,3,1,REDEMPTION,SETTLED,2026-03-04,2026-03-06,257.595546,191.8664,-49423.93,0,-49423.93,USD,2026-03-04T10:00:00,
827,12,1,2,REDEMPTION,SETTLED,2026-03-04,2026-03-06,284.253481,87.975,-25007.2,0,-25007.2,USD,2026-03-04T10:00:00,
828,16,2,2,SUBSCRIPTION,SETTLED,2026-03-04,2026-03-06,16.352942,186.4796,3049.49,0,3049.49,USD,2026-03-04T10:00:00,
829,47,3,2,SUBSCRIPTION,SETTLED,2026-03-04,2026-03-06,319.275072,147.2643,47017.82,0,47017.82,USD,2026-03-04T10:00:00,
830,7,3,2,SUBSCRIPTION,SETTLED,2026-03-05,2026-03-07,199.443234,220.6672,44010.58,0,44010.58,USD,2026-03-05T10:00:00,
831,34,3,3,SUBSCRIPTION,SETTLED,2026-03-05,2026-03-07,257.377777,143.8482,37023.33,0,37023.33,USD,2026-03-05T10:00:00,
832,13,2,2,SUBSCRIPTION,SETTLED,2026-03-05,2026-03-07,226.568446,195.6825,44335.48,0,44335.48,USD,2026-03-05T10:00:00,
833,30,2,1,SUBSCRIPTION,SETTLED,2026-03-05,2026-03-07,1344.390071,23.0912,31043.58,0,31043.58,USD,2026-03-05T10:00:00,
834,30,2,3,SUBSCRIPTION,SETTLED,2026-03-05,2026-03-07,979.777025,37.1612,36409.69,0,36409.69,USD,2026-03-05T10:00:00,
835,26,3,2,SUBSCRIPTION,SETTLED,2026-03-05,2026-03-07,18.679563,118.8834,2220.69,0,2220.69,USD,2026-03-05T10:00:00,
836,30,2,1,SUBSCRIPTION,SETTLED,2026-03-05,2026-03-07,153.233371,227.719,34894.15,0,34894.15,USD,2026-03-05T10:00:00,
837,46,3,3,SUBSCRIPTION,SETTLED,2026-03-05,2026-03-07,55.950502,117.8556,6594.08,0,6594.08,USD,2026-03-05T10:00:00,
838,6,1,3,REDEMPTION,SETTLED,2026-03-05,2026-03-07,150.04071,244.0459,-36616.82,0,-36616.82,USD,2026-03-05T10:00:00,
839,25,1,3,SUBSCRIPTION,SETTLED,2026-03-05,2026-03-07,168.798121,228.9407,38644.76,0,38644.76,USD,2026-03-05T10:00:00,
840,11,2,1,SUBSCRIPTION,SETTLED,2026-03-05,2026-03-07,324.213728,110.6996,35890.33,0,35890.33,USD,2026-03-05T10:00:00,
841,47,3,2,SUBSCRIPTION,SETTLED,2026-03-05,2026-03-07,43.669868,225.6501,9854.11,0,9854.11,USD,2026-03-05T10:00:00,
842,1,3,3,REDEMPTION,SETTLED,2026-03-05,2026-03-07,12.347776,129.4306,-1598.18,0,-1598.18,USD,2026-03-05T10:00:00,
843,35,2,1,SUBSCRIPTION,SETTLED,2026-03-05,2026-03-07,405.80164,62.0497,25179.87,0,25179.87,USD,2026-03-05T10:00:00,
844,30,2,2,SUBSCRIPTION,SETTLED,2026-03-05,2026-03-07,2630.931548,11.5775,30459.61,0,30459.61,USD,2026-03-05T10:00:00,
845,40,2,3,SUBSCRIPTION,SETTLED,2026-03-05,2026-03-07,1905.998942,21.7405,41437.37,0,41437.37,USD,2026-03-05T10:00:00,
846,42,2,2,SUBSCRIPTION,SETTLED,2026-03-06,2026-03-08,251.868776,170.0792,42837.64,0,42837.64,USD,2026-03-06T10:00:00,
847,22,3,1,SUBSCRIPTION,SETTLED,2026-03-06,2026-03-08,406.044949,52.7796,21430.89,0,21430.89,USD,2026-03-06T10:00:00,
848,40,2,3,REDEMPTION,SETTLED,2026-03-06,2026-03-08,151.560211,198.9538,-30153.48,0,-30153.48,USD,2026-03-06T10:00:00,
849,30,2,3,SUBSCRIPTION,SETTLED,2026-03-06,2026-03-08,1441.795285,32.3503,46642.51,0,46642.51,USD,2026-03-06T10:00:00,
850,21,1,2,REDEMPTION,SETTLED,2026-03-06,2026-03-08,214.517558,192.0261,-41192.97,0,-41192.97,USD,2026-03-06T10:00:00,
851,19,1,2,SUBSCRIPTION,SETTLED,2026-03-06,2026-03-08,461.852347,75.8605,35036.35,0,35036.35,USD,2026-03-06T10:00:00,
852,34,3,1,REDEMPTION,SETTLED,2026-03-06,2026-03-08,855.326847,36.2325,-30990.63,0,-30990.63,USD,2026-03-06T10:00:00,
853,31,2,3,REDEMPTION,SETTLED,2026-03-06,2026-03-08,189.539526,246.7068,-46760.69,0,-46760.69,USD,2026-03-06T10:00:00,
854,39,2,2,SUBSCRIPTION,SETTLED,2026-03-07,2026-03-09,182.869069,159.5786,29181.99,0,29181.99,USD,2026-03-07T10:00:00,
855,40,2,3,SUBSCRIPTION,SETTLED,2026-03-07,2026-03-09,283.721967,129.4579,36730.05,0,36730.05,USD,2026-03-07T10:00:00,
856,40,2,1,REDEMPTION,SETTLED,2026-03-07,2026-03-09,4719.312292,10.3794,-48983.63,0,-48983.63,USD,2026-03-07T10:00:00,
857,30,2,3,REDEMPTION,SETTLED,2026-03-07,2026-03-09,621.424412,59.7594,-37135.95,0,-37135.95,USD,2026-03-07T10:00:00,
858,27,3,1,SUBSCRIPTION,SETTLED,2026-03-07,2026-03-09,174.602472,163.0009,28460.36,0,28460.36,USD,2026-03-07T10:00:00,
859,41,3,1,REDEMPTION,SETTLED,2026-03-07,2026-03-09,512.408726,26.2807,-13466.46,0,-13466.46,USD,2026-03-07T10:00:00,
860,33,3,3,SUBSCRIPTION,SETTLED,2026-03-07,2026-03-09,7.448027,174.6006,1300.43,0,1300.43,USD,2026-03-07T10:00:00,
861,26,3,3,SUBSCRIPTION,SETTLED,2026-03-07,2026-03-09,229.126145,209.6903,48045.53,0,48045.53,USD,2026-03-07T10:00:00,
862,22,3,2,REDEMPTION,SETTLED,2026-03-07,2026-03-09,197.580645,123.8801,-24476.31,0,-24476.31,USD,2026-03-07T10:00:00,
863,42,2,1,SUBSCRIPTION,SETTLED,2026-03-07,2026-03-09,141.604951,224.094,31732.82,0,31732.82,USD,2026-03-07T10:00:00,
864,30,2,2,REDEMPTION,SETTLED,2026-03-07,2026-03-09,27.729576,135.0576,-3745.09,0,-3745.09,USD,2026-03-07T10:00:00,
865,36,2,3,SUBSCRIPTION,SETTLED,2026-03-07,2026-03-09,326.879033,89.6126,29292.48,0,29292.48,USD,2026-03-07T10:00:00,
866,5,1,1,SUBSCRIPTION,SETTLED,2026-03-07,2026-03-09,10.271489,246.0685,2527.49,0,2527.49,USD,2026-03-07T10:00:00,
867,37,1,3,SUBSCRIPTION,SETTLED,2026-03-07,2026-03-09,138.685302,217.5025,30164.4,0,30164.4,USD,2026-03-07T10:00:00,
868,46,3,1,SUBSCRIPTION,SETTLED,2026-03-08,2026-03-10,23.824434,220.4917,5253.09,0,5253.09,USD,2026-03-08T10:00:00,
869,29,1,2,SUBSCRIPTION,SETTLED,2026-03-08,2026-03-10,428.140948,36.9355,15813.6,0,15813.6,USD,2026-03-08T10:00:00,
870,50,1,1,REDEMPTION,SETTLED,2026-03-08,2026-03-10,1422.954399,15.9843,-22744.93,0,-22744.93,USD,2026-03-08T10:00:00,
871,33,3,1,SUBSCRIPTION,SETTLED,2026-03-08,2026-03-10,248.986602,185.7859,46258.2,0,46258.2,USD,2026-03-08T10:00:00,
872,50,1,2,SUBSCRIPTION,SETTLED,2026-03-08,2026-03-10,210.879722,207.3132,43718.15,0,43718.15,USD,2026-03-08T10:00:00,
873,14,1,3,SUBSCRIPTION,SETTLED,2026-03-08,2026-03-10,91.89343,217.5544,19991.82,0,19991.82,USD,2026-03-08T10:00:00,
874,1,3,2,REDEMPTION,SETTLED,2026-03-08,2026-03-10,227.123024,152.629,-34665.56,0,-34665.56,USD,2026-03-08T10:00:00,
875,22,3,2,REDEMPTION,SETTLED,2026-03-08,2026-03-10,31.214876,193.8832,-6052.04,0,-6052.04,USD,2026-03-08T10:00:00,
876,2,2,3,REDEMPTION,SETTLED,2026-03-08,2026-03-10,535.157133,60.363,-32303.69,0,-32303.69,USD,2026-03-08T10:00:00,
877,13,2,2,SUBSCRIPTION,SETTLED,2026-03-08,2026-03-10,143.597741,115.8677,16638.34,0,16638.34,USD,2026-03-08T10:00:00,
878,18,1,1,SUBSCRIPTION,SETTLED,2026-03-08,2026-03-10,27.536642,239.9915,6608.56,0,6608.56,USD,2026-03-08T10:00:00,
879,14,1,3,SUBSCRIPTION,SETTLED,2026-03-08,2026-03-10,377.630214,43.9736,16605.76,0,16605.76,USD,2026-03-08T10:00:00,
880,37,1,1,SUBSCRIPTION,SETTLED,2026-03-08,2026-03-10,72.533342,224.1383,16257.5,0,16257.5,USD,2026-03-08T10:00:00,
881,9,2,1,SUBSCRIPTION,SETTLED,2026-03-09,2026-03-11,962.645211,35.4225,34099.3,0,34099.3,USD,2026-03-09T10:00:00,
882,6,1,2,SUBSCRIPTION,SETTLED,2026-03-09,2026-03-11,158.678947,223.9062,35529.2,0,35529.2,USD,2026-03-09T10:00:00,
883,40,2,2,SUBSCRIPTION,SETTLED,2026-03-09,2026-03-11,226.701462,181.0957,41054.66,0,41054.66,USD,2026-03-09T10:00:00,
884,49,3,2,SUBSCRIPTION,SETTLED,2026-03-09,2026-03-11,27.413002,202.5641,5552.89,0,5552.89,USD,2026-03-09T10:00:00,
885,7,3,2,SUBSCRIPTION,SETTLED,2026-03-09,2026-03-11,167.95617,193.9584,32576.51,0,32576.51,USD,2026-03-09T10:00:00,
886,15,1,1,SUBSCRIPTION,SETTLED,2026-03-09,2026-03-11,624.046366,71.9327,44889.34,0,44889.34,USD,2026-03-09T10:00:00,
887,26,3,1,REDEMPTION,SETTLED,2026-03-09,2026-03-11,168.553372,199.3069,-33593.85,0,-33593.85,USD,2026-03-09T10:00:00,
888,30,2,2,SUBSCRIPTION,SETTLED,2026-03-09,2026-03-11,257.471769,94.3458,24291.38,0,24291.38,USD,2026-03-09T10:00:00,
889,19,1,2,SUBSCRIPTION,SETTLED,2026-03-10,2026-03-12,208.689852,34.7037,7242.31,0,7242.31,USD,2026-03-10T10:00:00,
890,21,1,3,SUBSCRIPTION,SETTLED,2026-03-10,2026-03-12,288.912214,137.8589,39829.12,0,39829.12,USD,2026-03-10T10:00:00,
891,38,2,2,SUBSCRIPTION,SETTLED,2026-03-10,2026-03-12,268.678228,48.1649,12940.86,0,12940.86,USD,2026-03-10T10:00:00,
892,25,1,1,SUBSCRIPTION,SETTLED,2026-03-10,2026-03-12,269.255852,151.8328,40881.87,0,40881.87,USD,2026-03-10T10:00:00,
893,37,1,2,SUBSCRIPTION,SETTLED,2026-03-10,2026-03-12,74.37609,169.0269,12571.56,0,12571.56,USD,2026-03-10T10:00:00,
894,48,1,3,SUBSCRIPTION,SETTLED,2026-03-10,2026-03-12,163.325142,152.1192,24844.89,0,24844.89,USD,2026-03-10T10:00:00,
895,21,1,3,SUBSCRIPTION,SETTLED,2026-03-10,2026-03-12,271.845354,83.9286,22815.6,0,22815.6,USD,2026-03-10T10:00:00,
896,5,1,3,SUBSCRIPTION,SETTLED,2026-03-10,2026-03-12,209.557027,195.1224,40889.27,0,40889.27,USD,2026-03-10T10:00:00,
897,21,1,2,SUBSCRIPTION,SETTLED,2026-03-10,2026-03-12,64.483952,62.2268,4012.63,0,4012.63,USD,2026-03-10T10:00:00,
898,38,2,3,REDEMPTION,SETTLED,2026-03-10,2026-03-12,225.944316,168.6115,-38096.81,0,-38096.81,USD,2026-03-10T10:00:00,
899,19,1,2,SUBSCRIPTION,SETTLED,2026-03-11,2026-03-13,385.97192,59.3588,22910.83,0,22910.83,USD,2026-03-11T10:00:00,
900,20,2,3,REDEMPTION,SETTLED,2026-03-11,2026-03-13,148.838442,230.4404,-34298.39,0,-34298.39,USD,2026-03-11T10:00:00,
901,46,3,2,REDEMPTION,SETTLED,2026-03-11,2026-03-13,188.530459,156.7578,-29553.62,0,-29553.62,USD,2026-03-11T10:00:00,
902,9,2,2,SUBSCRIPTION,SETTLED,2026-03-11,2026-03-13,186.353587,242.2959,45152.71,0,45152.71,USD,2026-03-11T10:00:00,
903,46,3,3,REDEMPTION,SETTLED,2026-03-11,2026-03-13,85.846945,216.6995,-18602.99,0,-18602.99,USD,2026-03-11T10:00:00,
904,16,2,2,REDEMPTION,SETTLED,2026-03-11,2026-03-13,235.309888,86.3506,-20319.15,0,-20319.15,USD,2026-03-11T10:00:00,
905,26,3,2,SUBSCRIPTION,SETTLED,2026-03-11,2026-03-13,219.87489,51.6184,11349.59,0,11349.59,USD,2026-03-11T10:00:00,
906,13,2,3,SUBSCRIPTION,SETTLED,2026-03-11,2026-03-13,218.816585,211.591,46299.62,0,46299.62,USD,2026-03-11T10:00:00,
907,19,1,3,SUBSCRIPTION,SETTLED,2026-03-11,2026-03-13,9.471033,165.6134,1568.53,0,1568.53,USD,2026-03-11T10:00:00,
908,47,3,2,SUBSCRIPTION,SETTLED,2026-03-11,2026-03-13,1145.295424,42.5862,48773.78,0,48773.78,USD,2026-03-11T10:00:00,
909,42,2,2,REDEMPTION,SETTLED,2026-03-11,2026-03-13,253.177699,176.8937,-44785.54,0,-44785.54,USD,2026-03-11T10:00:00,
910,40,2,1,SUBSCRIPTION,SETTLED,2026-03-11,2026-03-13,105.320643,206.8171,21782.11,0,21782.11,USD,2026-03-11T10:00:00,
911,23,3,1,SUBSCRIPTION,SETTLED,2026-03-11,2026-03-13,205.938259,148.7052,30624.09,0,30624.09,USD,2026-03-11T10:00:00,
912,46,3,3,SUBSCRIPTION,SETTLED,2026-03-11,2026-03-13,312.838599,148.3246,46401.66,0,46401.66,USD,2026-03-11T10:00:00,
913,3,3,3,SUBSCRIPTION,SETTLED,2026-03-11,2026-03-13,127.695132,149.2645,19060.35,0,19060.35,USD,2026-03-11T10:00:00,
914,10,1,3,REDEMPTION,SETTLED,2026-03-11,2026-03-13,199.915881,246.0804,-49195.38,0,-49195.38,USD,2026-03-11T10:00:00,
915,34,3,1,SUBSCRIPTION,SETTLED,2026-03-12,2026-03-14,448.670912,68.8555,30893.46,0,30893.46,USD,2026-03-12T10:00:00,
916,44,1,3,SUBSCRIPTION,SETTLED,2026-03-12,2026-03-14,187.118324,157.1294,29401.79,0,29401.79,USD,2026-03-12T10:00:00,
917,35,2,1,SUBSCRIPTION,SETTLED,2026-03-12,2026-03-14,213.027114,122.6158,26120.49,0,26120.49,USD,2026-03-12T10:00:00,
918,27,3,2,REDEMPTION,SETTLED,2026-03-12,2026-03-14,505.137136,79.41,-40112.94,0,-40112.94,USD,2026-03-12T10:00:00,
919,45,3,3,REDEMPTION,SETTLED,2026-03-12,2026-03-14,252.059578,145.2895,-36621.61,0,-36621.61,USD,2026-03-12T10:00:00,
920,41,3,2,SUBSCRIPTION,SETTLED,2026-03-12,2026-03-14,173.535669,167.5168,29070.14,0,29070.14,USD,2026-03-12T10:00:00,
921,48,1,3,SUBSCRIPTION,SETTLED,2026-03-12,2026-03-14,612.142068,40.4371,24753.25,0,24753.25,USD,2026-03-12T10:00:00,
922,18,1,2,SUBSCRIPTION,SETTLED,2026-03-12,2026-03-14,68.404714,215.886,14767.62,0,14767.62,USD,2026-03-12T10:00:00,
923,48,1,1,SUBSCRIPTION,SETTLED,2026-03-12,2026-03-14,243.372986,187.3521,45596.44,0,45596.44,USD,2026-03-12T10:00:00,
924,24,1,1,SUBSCRIPTION,SETTLED,2026-03-12,2026-03-14,279.615906,126.3804,35337.97,0,35337.97,USD,2026-03-12T10:00:00,
925,22,3,1,REDEMPTION,SETTLED,2026-03-12,2026-03-14,145.654752,207.2137,-30181.66,0,-30181.66,USD,2026-03-12T10:00:00,
926,49,3,2,REDEMPTION,SETTLED,2026-03-12,2026-03-14,109.468509,115.6444,-12659.42,0,-12659.42,USD,2026-03-12T10:00:00,
927,14,1,3,REDEMPTION,SETTLED,2026-03-12,2026-03-14,109.104517,164.1427,-17908.71,0,-17908.71,USD,2026-03-12T10:00:00,
928,4,3,1,SUBSCRIPTION,SETTLED,2026-03-12,2026-03-14,195.773182,124.3039,24335.37,0,24335.37,USD,2026-03-12T10:00:00,
929,25,1,3,REDEMPTION,SETTLED,2026-03-12,2026-03-14,540.969087,44.836,-24254.89,0,-24254.89,USD,2026-03-12T10:00:00,
930,19,1,2,SUBSCRIPTION,SETTLED,2026-03-13,2026-03-15,119.981379,137.2608,16468.74,0,16468.74,USD,2026-03-13T10:00:00,
931,7,3,3,SUBSCRIPTION,SETTLED,2026-03-13,2026-03-15,421.135172,113.6286,47853.0,0,47853.0,USD,2026-03-13T10:00:00,
932,22,3,2,SUBSCRIPTION,SETTLED,2026-03-13,2026-03-15,34.814873,167.0424,5815.56,0,5815.56,USD,2026-03-13T10:00:00,
933,30,2,3,REDEMPTION,SETTLED,2026-03-13,2026-03-15,244.434075,151.2938,-36981.36,0,-36981.36,USD,2026-03-13T10:00:00,
934,34,3,2,SUBSCRIPTION,SETTLED,2026-03-13,2026-03-15,583.056249,85.1848,49667.53,0,49667.53,USD,2026-03-13T10:00:00,
935,44,1,1,REDEMPTION,SETTLED,2026-03-13,2026-03-15,47.4206,33.4477,-1586.11,0,-1586.11,USD,2026-03-13T10:00:00,
936,44,1,2,SUBSCRIPTION,SETTLED,2026-03-13,2026-03-15,518.58957,70.4551,36537.28,0,36537.28,USD,2026-03-13T10:00:00,
937,2,2,3,SUBSCRIPTION,SETTLED,2026-03-13,2026-03-15,280.375248,167.5853,46986.77,0,46986.77,USD,2026-03-13T10:00:00,
938,41,3,1,REDEMPTION,SETTLED,2026-03-14,2026-03-16,31.913774,215.5458,-6878.88,0,-6878.88,USD,2026-03-14T10:00:00,
939,25,1,3,REDEMPTION,SETTLED,2026-03-14,2026-03-16,161.501766,202.768,-32747.39,0,-32747.39,USD,2026-03-14T10:00:00,
940,8,3,3,SUBSCRIPTION,SETTLED,2026-03-14,2026-03-16,91.587618,168.5147,15433.86,0,15433.86,USD,2026-03-14T10:00:00,
941,41,3,2,REDEMPTION,SETTLED,2026-03-14,2026-03-16,129.296828,112.476,-14542.79,0,-14542.79,USD,2026-03-14T10:00:00,
942,17,3,1,REDEMPTION,SETTLED,2026-03-14,2026-03-16,584.114444,24.973,-14587.09,0,-14587.09,USD,2026-03-14T10:00:00,
943,22,3,1,SUBSCRIPTION,SETTLED,2026-03-14,2026-03-16,774.664868,52.7031,40827.24,0,40827.24,USD,2026-03-14T10:00:00,
944,32,2,1,SUBSCRIPTION,SETTLED,2026-03-14,2026-03-16,76.066679,128.0938,9743.67,0,9743.67,USD,2026-03-14T10:00:00,
945,35,2,2,SUBSCRIPTION,SETTLED,2026-03-14,2026-03-16,142.008076,229.0262,32523.57,0,32523.57,USD,2026-03-14T10:00:00,
946,7,3,1,SUBSCRIPTION,SETTLED,2026-03-14,2026-03-16,413.381787,70.1431,28995.88,0,28995.88,USD,2026-03-14T10:00:00,
947,2,2,2,SUBSCRIPTION,SETTLED,2026-03-14,2026-03-16,138.423221,233.8945,32376.43,0,32376.43,USD,2026-03-14T10:00:00,
948,18,1,1,REDEMPTION,SETTLED,2026-03-14,2026-03-16,306.4372,147.9137,-45326.26,0,-45326.26,USD,2026-03-14T10:00:00,
949,31,2,2,SUBSCRIPTION,SETTLED,2026-03-14,2026-03-16,178.87914,204.9462,36660.6,0,36660.6,USD,2026-03-14T10:00:00,
950,35,2,1,SUBSCRIPTION,SETTLED,2026-03-14,2026-03-16,231.460383,206.3144,47753.61,0,47753.61,USD,2026-03-14T10:00:00,
951,8,3,3,SUBSCRIPTION,SETTLED,2026-03-14,2026-03-16,550.826932,90.0255,49588.47,0,49588.47,USD,2026-03-14T10:00:00,
952,26,3,1,SUBSCRIPTION,SETTLED,2026-03-14,2026-03-16,1510.775155,31.7601,47982.37,0,47982.37,USD,2026-03-14T10:00:00,
953,6,1,2,REDEMPTION,SETTLED,2026-03-14,2026-03-16,258.863911,58.7489,-15207.97,0,-15207.97,USD,2026-03-14T10:00:00,
954,25,1,3,SUBSCRIPTION,SETTLED,2026-03-14,2026-03-16,155.887792,225.1506,35098.23,0,35098.23,USD,2026-03-14T10:00:00,
955,6,1,3,SUBSCRIPTION,SETTLED,2026-03-15,2026-03-17,553.855102,18.5676,10283.76,0,10283.76,USD,2026-03-15T10:00:00,
956,47,3,3,SUBSCRIPTION,SETTLED,2026-03-15,2026-03-17,100.119197,200.2574,20049.61,0,20049.61,USD,2026-03-15T10:00:00,
957,32,2,3,REDEMPTION,SETTLED,2026-03-15,2026-03-17,168.515996,241.9778,-40777.13,0,-40777.13,USD,2026-03-15T10:00:00,
958,3,3,2,SUBSCRIPTION,SETTLED,2026-03-15,2026-03-17,1953.15282,20.2755,39601.15,0,39601.15,USD,2026-03-15T10:00:00,
959,14,1,3,SUBSCRIPTION,SETTLED,2026-03-15,2026-03-17,135.812936,172.7387,23460.15,0,23460.15,USD,2026-03-15T10:00:00,
960,48,1,3,SUBSCRIPTION,SETTLED,2026-03-15,2026-03-17,24.286273,186.5103,4529.64,0,4529.64,USD,2026-03-15T10:00:00,
961,42,2,1,SUBSCRIPTION,SETTLED,2026-03-15,2026-03-17,2190.45607,20.9924,45982.93,0,45982.93,USD,2026-03-15T10:00:00,
962,1,3,1,SUBSCRIPTION,SETTLED,2026-03-15,2026-03-17,219.001978,206.9774,45328.46,0,45328.46,USD,2026-03-15T10:00:00,
963,30,2,3,SUBSCRIPTION,SETTLED,2026-03-15,2026-03-17,145.250349,206.272,29961.08,0,29961.08,USD,2026-03-15T10:00:00,
964,8,3,2,SUBSCRIPTION,SETTLED,2026-03-15,2026-03-17,1239.374225,25.1464,31165.8,0,31165.8,USD,2026-03-15T10:00:00,
965,28,1,2,REDEMPTION,SETTLED,2026-03-15,2026-03-17,284.276815,172.8155,-49127.44,0,-49127.44,USD,2026-03-15T10:00:00,
966,8,3,3,SUBSCRIPTION,SETTLED,2026-03-15,2026-03-17,36.675754,210.7425,7729.14,0,7729.14,USD,2026-03-15T10:00:00,
967,49,3,1,SUBSCRIPTION,SETTLED,2026-03-15,2026-03-17,447.413344,38.9789,17439.68,0,17439.68,USD,2026-03-15T10:00:00,
968,49,3,2,SUBSCRIPTION,SETTLED,2026-03-15,2026-03-17,385.602048,49.6015,19126.44,0,19126.44,USD,2026-03-15T10:00:00,
969,38,2,1,SUBSCRIPTION,SETTLED,2026-03-15,2026-03-17,245.856497,161.7267,39761.56,0,39761.56,USD,2026-03-15T10:00:00,
970,2,2,2,SUBSCRIPTION,SETTLED,2026-03-16,2026-03-18,5.829264,232.2729,1353.98,0,1353.98,USD,2026-03-16T10:00:00,
971,27,3,3,REDEMPTION,SETTLED,2026-03-16,2026-03-18,220.562254,176.166,-38855.57,0,-38855.57,USD,2026-03-16T10:00:00,
972,10,1,3,SUBSCRIPTION,SETTLED,2026-03-16,2026-03-18,342.18677,67.4209,23070.54,0,23070.54,USD,2026-03-16T10:00:00,
973,40,2,3,SUBSCRIPTION,SETTLED,2026-03-16,2026-03-18,75.554307,129.973,9820.02,0,9820.02,USD,2026-03-16T10:00:00,
974,41,3,2,SUBSCRIPTION,SETTLED,2026-03-16,2026-03-18,18.390195,66.5534,1223.93,0,1223.93,USD,2026-03-16T10:00:00,
975,34,3,1,SUBSCRIPTION,SETTLED,2026-03-16,2026-03-18,175.31995,246.8277,43273.82,0,43273.82,USD,2026-03-16T10:00:00,
976,30,2,3,SUBSCRIPTION,SETTLED,2026-03-16,2026-03-18,257.46558,56.4926,14544.9,0,14544.9,USD,2026-03-16T10:00:00,
977,44,1,2,SUBSCRIPTION,SETTLED,2026-03-16,2026-03-18,38.144499,231.4415,8828.22,0,8828.22,USD,2026-03-16T10:00:00,
978,42,2,2,SUBSCRIPTION,SETTLED,2026-03-16,2026-03-18,247.132185,90.2307,22298.91,0,22298.91,USD,2026-03-16T10:00:00,
979,3,3,1,REDEMPTION,SETTLED,2026-03-16,2026-03-18,887.101105,52.213,-46318.21,0,-46318.21,USD,2026-03-16T10:00:00,
980,33,3,1,SUBSCRIPTION,SETTLED,2026-03-17,2026-03-19,107.314251,116.757,12529.69,0,12529.69,USD,2026-03-17T10:00:00,
981,27,3,1,REDEMPTION,SETTLED,2026-03-17,2026-03-19,690.334002,65.2152,-45020.27,0,-45020.27,USD,2026-03-17T10:00:00,
982,21,1,1,SUBSCRIPTION,SETTLED,2026-03-17,2026-03-19,169.80935,218.7727,37149.65,0,37149.65,USD,2026-03-17T10:00:00,
983,15,1,1,SUBSCRIPTION,SETTLED,2026-03-17,2026-03-19,110.568025,223.7173,24735.98,0,24735.98,USD,2026-03-17T10:00:00,
984,14,1,3,SUBSCRIPTION,SETTLED,2026-03-17,2026-03-19,467.490307,42.7371,19979.18,0,19979.18,USD,2026-03-17T10:00:00,
985,41,3,2,REDEMPTION,SETTLED,2026-03-17,2026-03-19,269.136805,40.5308,-10908.33,0,-10908.33,USD,2026-03-17T10:00:00,
986,18,1,1,SUBSCRIPTION,SETTLED,2026-03-17,2026-03-19,215.732371,110.3737,23811.18,0,23811.18,USD,2026-03-17T10:00:00,
987,15,1,2,SUBSCRIPTION,SETTLED,2026-03-17,2026-03-19,243.304614,163.1198,39687.8,0,39687.8,USD,2026-03-17T10:00:00,
988,37,1,3,REDEMPTION,SETTLED,2026-03-17,2026-03-19,24.283165,215.6737,-5237.24,0,-5237.24,USD,2026-03-17T10:00:00,
989,14,1,3,SUBSCRIPTION,SETTLED,2026-03-17,2026-03-19,1756.216573,13.4809,23675.38,0,23675.38,USD,2026-03-17T10:00:00,
990,48,1,1,SUBSCRIPTION,SETTLED,2026-03-17,2026-03-19,351.515204,63.3776,22278.19,0,22278.19,USD,2026-03-17T10:00:00,
991,37,1,1,SUBSCRIPTION,SETTLED,2026-03-17,2026-03-19,12.774984,247.9056,3166.99,0,3166.99,USD,2026-03-17T10:00:00,
992,28,1,3,SUBSCRIPTION,SETTLED,2026-03-17,2026-03-19,229.553299,177.1968,40676.11,0,40676.11,USD,2026-03-17T10:00:00,
993,29,1,2,SUBSCRIPTION,SETTLED,2026-03-17,2026-03-19,2185.098794,12.9815,28365.86,0,28365.86,USD,2026-03-17T10:00:00,
994,14,1,1,SUBSCRIPTION,SETTLED,2026-03-17,2026-03-19,50.907473,249.7484,12714.06,0,12714.06,USD,2026-03-17T10:00:00,
995,43,2,2,SUBSCRIPTION,SETTLED,2026-03-18,2026-03-20,160.015222,146.8914,23504.86,0,23504.86,USD,2026-03-18T10:00:00,
996,30,2,2,REDEMPTION,SETTLED,2026-03-18,2026-03-20,408.585889,107.2865,-43835.75,0,-43835.75,USD,2026-03-18T10:00:00,
997,41,3,2,REDEMPTION,SETTLED,2026-03-18,2026-03-20,6.644651,160.5532,-1066.82,0,-1066.82,USD,2026-03-18T10:00:00,
998,45,3,2,SUBSCRIPTION,SETTLED,2026-03-18,2026-03-20,81.455019,190.6931,15532.91,0,15532.91,USD,2026-03-18T10:00:00,
999,44,1,1,SUBSCRIPTION,SETTLED,2026-03-18,2026-03-20,74.652004,233.7384,17449.04,0,17449.04,USD,2026-03-18T10:00:00,
1000,4,3,1,SUBSCRIPTION,SETTLED,2026-03-18,2026-03-20,1201.541156,19.8098,23802.29,0,23802.29,USD,2026-03-18T10:00:00,
1001,12,1,3,SUBSCRIPTION,SETTLED,2026-03-18,2026-03-20,23.764251,180.2409,4283.29,0,4283.29,USD,2026-03-18T10:00:00,
1002,9,2,2,SUBSCRIPTION,SETTLED,2026-03-18,2026-03-20,52.582619,124.8384,6564.33,0,6564.33,USD,2026-03-18T10:00:00,
1003,49,3,3,REDEMPTION,SETTLED,2026-03-18,2026-03-20,74.068475,225.5039,-16702.73,0,-16702.73,USD,2026-03-18T10:00:00,
1004,18,1,1,SUBSCRIPTION,SETTLED,2026-03-18,2026-03-20,141.411821,126.6945,17916.1,0,17916.1,USD,2026-03-18T10:00:00,
1005,31,2,3,SUBSCRIPTION,SETTLED,2026-03-18,2026-03-20,183.485553,225.8683,41443.57,0,41443.57,USD,2026-03-18T10:00:00,
1006,40,2,2,REDEMPTION,SETTLED,2026-03-18,2026-03-20,231.848847,204.111,-47322.9,0,-47322.9,USD,2026-03-18T10:00:00,
1007,13,2,2,SUBSCRIPTION,SETTLED,2026-03-18,2026-03-20,380.676862,52.9148,20143.44,0,20143.44,USD,2026-03-18T10:00:00,
1008,7,3,1,SUBSCRIPTION,SETTLED,2026-03-18,2026-03-20,272.284073,129.1189,35157.02,0,35157.02,USD,2026-03-18T10:00:00,
1009,34,3,3,SUBSCRIPTION,SETTLED,2026-03-18,2026-03-20,123.205744,173.7768,21410.3,0,21410.3,USD,2026-03-18T10:00:00,
1010,23,3,2,SUBSCRIPTION,SETTLED,2026-03-19,2026-03-21,407.552649,79.964,32589.54,0,32589.54,USD,2026-03-19T10:00:00,
1011,2,2,1,REDEMPTION,SETTLED,2026-03-19,2026-03-21,292.034265,90.6106,-26461.4,0,-26461.4,USD,2026-03-19T10:00:00,
1012,42,2,3,REDEMPTION,SETTLED,2026-03-19,2026-03-21,146.174884,169.8053,-24821.27,0,-24821.27,USD,2026-03-19T10:00:00,
1013,30,2,2,SUBSCRIPTION,SETTLED,2026-03-19,2026-03-21,538.732126,83.5588,45015.81,0,45015.81,USD,2026-03-19T10:00:00,
1014,15,1,2,SUBSCRIPTION,SETTLED,2026-03-19,2026-03-21,71.007588,212.9233,15119.17,0,15119.17,USD,2026-03-19T10:00:00,
1015,23,3,2,SUBSCRIPTION,SETTLED,2026-03-19,2026-03-21,39.482837,231.7916,9151.79,0,9151.79,USD,2026-03-19T10:00:00,
1016,12,1,1,REDEMPTION,SETTLED,2026-03-19,2026-03-21,205.67908,169.9254,-34950.1,0,-34950.1,USD,2026-03-19T10:00:00,
1017,11,2,1,SUBSCRIPTION,SETTLED,2026-03-19,2026-03-21,336.035054,147.886,49694.88,0,49694.88,USD,2026-03-19T10:00:00,
1018,17,3,2,SUBSCRIPTION,SETTLED,2026-03-19,2026-03-21,1558.594628,18.3254,28561.87,0,28561.87,USD,2026-03-19T10:00:00,
1019,23,3,1,SUBSCRIPTION,SETTLED,2026-03-19,2026-03-21,560.007262,49.0234,27453.46,0,27453.46,USD,2026-03-19T10:00:00,
1020,8,3,1,SUBSCRIPTION,SETTLED,2026-03-19,2026-03-21,567.392258,44.8921,25471.43,0,25471.43,USD,2026-03-19T10:00:00,
1021,21,1,1,SUBSCRIPTION,SETTLED,2026-03-19,2026-03-21,152.31265,244.1442,37186.25,0,37186.25,USD,2026-03-19T10:00:00,
1022,42,2,3,SUBSCRIPTION,SETTLED,2026-03-19,2026-03-21,185.009969,242.7053,44902.9,0,44902.9,USD,2026-03-19T10:00:00,
1023,37,1,3,REDEMPTION,SETTLED,2026-03-19,2026-03-21,129.211957,175.3953,-22663.17,0,-22663.17,USD,2026-03-19T10:00:00,
1024,3,3,1,SUBSCRIPTION,SETTLED,2026-03-19,2026-03-21,421.727301,15.9509,6726.93,0,6726.93,USD,2026-03-19T10:00:00,
1025,23,3,1,SUBSCRIPTION,SETTLED,2026-03-20,2026-03-22,541.90063,56.8359,30799.41,0,30799.41,USD,2026-03-20T10:00:00,
1026,50,1,2,SUBSCRIPTION,SETTLED,2026-03-20,2026-03-22,23.827234,213.8683,5095.89,0,5095.89,USD,2026-03-20T10:00:00,
1027,33,3,2,SUBSCRIPTION,SETTLED,2026-03-20,2026-03-22,106.753439,155.2187,16570.13,0,16570.13,USD,2026-03-20T10:00:00,
1028,43,2,2,SUBSCRIPTION,SETTLED,2026-03-20,2026-03-22,320.350126,112.6337,36082.22,0,36082.22,USD,2026-03-20T10:00:00,
1029,24,1,1,SUBSCRIPTION,SETTLED,2026-03-20,2026-03-22,74.472508,244.6057,18216.4,0,18216.4,USD,2026-03-20T10:00:00,
1030,14,1,3,REDEMPTION,SETTLED,2026-03-20,2026-03-22,340.192426,109.7463,-37334.86,0,-37334.86,USD,2026-03-20T10:00:00,
1031,19,1,1,REDEMPTION,SETTLED,2026-03-20,2026-03-22,434.548875,111.7197,-48547.67,0,-48547.67,USD,2026-03-20T10:00:00,
1032,9,2,3,SUBSCRIPTION,SETTLED,2026-03-20,2026-03-22,97.109894,82.7755,8038.32,0,8038.32,USD,2026-03-20T10:00:00,
1033,5,1,3,REDEMPTION,SETTLED,2026-03-20,2026-03-22,49.265174,108.2706,-5333.97,0,-5333.97,USD,2026-03-20T10:00:00,
1034,27,3,1,SUBSCRIPTION,SETTLED,2026-03-20,2026-03-22,187.192203,191.2585,35802.1,0,35802.1,USD,2026-03-20T10:00:00,
1035,13,2,1,REDEMPTION,SETTLED,2026-03-20,2026-03-22,118.863634,127.7405,-15183.7,0,-15183.7,USD,2026-03-20T10:00:00,
1036,38,2,2,SUBSCRIPTION,SETTLED,2026-03-20,2026-03-22,583.12606,63.8849,37252.95,0,37252.95,USD,2026-03-20T10:00:00,
1037,10,1,2,SUBSCRIPTION,SETTLED,2026-03-20,2026-03-22,198.96968,162.7746,32387.21,0,32387.21,USD,2026-03-20T10:00:00,
1038,42,2,3,REDEMPTION,SETTLED,2026-03-20,2026-03-22,167.436245,128.0528,-21440.68,0,-21440.68,USD,2026-03-20T10:00:00,
1039,2,2,1,REDEMPTION,SETTLED,2026-03-20,2026-03-22,103.558138,242.9501,-25159.46,0,-25159.46,USD,2026-03-20T10:00:00,
1040,31,2,3,SUBSCRIPTION,SETTLED,2026-03-21,2026-03-23,78.099532,174.6191,13637.67,0,13637.67,USD,2026-03-21T10:00:00,
1041,24,1,3,REDEMPTION,SETTLED,2026-03-21,2026-03-23,25.72608,72.2889,-1859.71,0,-1859.71,USD,2026-03-21T10:00:00,
1042,10,1,2,SUBSCRIPTION,SETTLED,2026-03-21,2026-03-23,365.145214,95.7725,34970.87,0,34970.87,USD,2026-03-21T10:00:00,
1043,18,1,2,SUBSCRIPTION,SETTLED,2026-03-21,2026-03-23,478.781951,95.4362,45693.13,0,45693.13,USD,2026-03-21T10:00:00,
1044,19,1,3,SUBSCRIPTION,SETTLED,2026-03-21,2026-03-23,84.304334,56.5156,4764.51,0,4764.51,USD,2026-03-21T10:00:00,
1045,49,3,1,SUBSCRIPTION,SETTLED,2026-03-21,2026-03-23,105.114063,87.4256,9189.66,0,9189.66,USD,2026-03-21T10:00:00,
1046,44,1,2,SUBSCRIPTION,SETTLED,2026-03-21,2026-03-23,362.870624,97.0054,35200.41,0,35200.41,USD,2026-03-21T10:00:00,
1047,10,1,1,SUBSCRIPTION,SETTLED,2026-03-21,2026-03-23,75.106277,196.9139,14789.47,0,14789.47,USD,2026-03-21T10:00:00,
1048,22,3,1,SUBSCRIPTION,SETTLED,2026-03-21,2026-03-23,135.937381,63.0672,8573.19,0,8573.19,USD,2026-03-21T10:00:00,
1049,36,2,3,REDEMPTION,SETTLED,2026-03-21,2026-03-23,223.753912,213.0567,-47672.27,0,-47672.27,USD,2026-03-21T10:00:00,
1050,27,3,2,REDEMPTION,SETTLED,2026-03-21,2026-03-23,161.744952,41.4957,-6711.72,0,-6711.72,USD,2026-03-21T10:00:00,
1051,31,2,2,SUBSCRIPTION,SETTLED,2026-03-21,2026-03-23,91.056935,206.0893,18765.86,0,18765.86,USD,2026-03-21T10:00:00,
1052,12,1,3,SUBSCRIPTION,SETTLED,2026-03-21,2026-03-23,974.397673,38.4633,37478.55,0,37478.55,USD,2026-03-21T10:00:00,
1053,45,3,1,REDEMPTION,SETTLED,2026-03-21,2026-03-23,266.128412,60.3618,-16063.99,0,-16063.99,USD,2026-03-21T10:00:00,
1054,28,1,3,REDEMPTION,SETTLED,2026-03-21,2026-03-23,446.094326,14.5135,-6474.39,0,-6474.39,USD,2026-03-21T10:00:00,
1055,49,3,2,SUBSCRIPTION,SETTLED,2026-03-21,2026-03-23,31.362999,200.3332,6283.05,0,6283.05,USD,2026-03-21T10:00:00,
1056,31,2,1,REDEMPTION,SETTLED,2026-03-21,2026-03-23,37.875963,82.395,-3120.79,0,-3120.79,USD,2026-03-21T10:00:00,
1057,8,3,3,SUBSCRIPTION,SETTLED,2026-03-22,2026-03-24,830.902745,54.3476,45157.57,0,45157.57,USD,2026-03-22T10:00:00,
1058,2,2,1,SUBSCRIPTION,SETTLED,2026-03-22,2026-03-24,490.57858,76.5702,37563.7,0,37563.7,USD,2026-03-22T10:00:00,
1059,23,3,1,REDEMPTION,SETTLED,2026-03-22,2026-03-24,249.884953,157.1095,-39259.3,0,-39259.3,USD,2026-03-22T10:00:00,
1060,7,3,3,REDEMPTION,SETTLED,2026-03-22,2026-03-24,148.041088,181.7948,-26913.1,0,-26913.1,USD,2026-03-22T10:00:00,
1061,11,2,3,SUBSCRIPTION,SETTLED,2026-03-22,2026-03-24,157.634362,231.8157,36542.12,0,36542.12,USD,2026-03-22T10:00:00,
1062,24,1,3,SUBSCRIPTION,SETTLED,2026-03-22,2026-03-24,93.986813,239.8595,22543.63,0,22543.63,USD,2026-03-22T10:00:00,
1063,23,3,2,SUBSCRIPTION,SETTLED,2026-03-22,2026-03-24,242.984751,107.8187,26198.3,0,26198.3,USD,2026-03-22T10:00:00,
1064,8,3,2,SUBSCRIPTION,SETTLED,2026-03-22,2026-03-24,39.698786,192.9457,7659.71,0,7659.71,USD,2026-03-22T10:00:00,
1065,36,2,3,SUBSCRIPTION,SETTLED,2026-03-22,2026-03-24,452.107832,37.7734,17077.65,0,17077.65,USD,2026-03-22T10:00:00,
1066,39,2,3,SUBSCRIPTION,SETTLED,2026-03-23,2026-03-25,418.987743,116.5494,48832.77,0,48832.77,USD,2026-03-23T10:00:00,
1067,19,1,2,SUBSCRIPTION,SETTLED,2026-03-23,2026-03-25,20.820235,211.854,4410.85,0,4410.85,USD,2026-03-23T10:00:00,
1068,44,1,2,SUBSCRIPTION,SETTLED,2026-03-23,2026-03-25,390.149661,127.9956,49937.44,0,49937.44,USD,2026-03-23T10:00:00,
1069,26,3,2,SUBSCRIPTION,SETTLED,2026-03-23,2026-03-25,884.417919,38.6123,34149.41,0,34149.41,USD,2026-03-23T10:00:00,
1070,26,3,3,SUBSCRIPTION,SETTLED,2026-03-23,2026-03-25,25.787037,232.0697,5984.39,0,5984.39,USD,2026-03-23T10:00:00,
1071,5,1,2,REDEMPTION,SETTLED,2026-03-23,2026-03-25,115.144191,152.7906,-17592.95,0,-17592.95,USD,2026-03-23T10:00:00,
1072,8,3,1,REDEMPTION,SETTLED,2026-03-23,2026-03-25,475.438939,76.8444,-36534.82,0,-36534.82,USD,2026-03-23T10:00:00,
1073,49,3,3,REDEMPTION,SETTLED,2026-03-23,2026-03-25,108.520581,170.0025,-18448.77,0,-18448.77,USD,2026-03-23T10:00:00,
1074,32,2,3,SUBSCRIPTION,SETTLED,2026-03-23,2026-03-25,1075.237136,35.9288,38631.98,0,38631.98,USD,2026-03-23T10:00:00,
1075,32,2,2,SUBSCRIPTION,SETTLED,2026-03-23,2026-03-25,2753.522319,17.1336,47177.75,0,47177.75,USD,2026-03-23T10:00:00,
1076,5,1,2,SUBSCRIPTION,SETTLED,2026-03-23,2026-03-25,477.566951,101.8319,48631.55,0,48631.55,USD,2026-03-23T10:00:00,
1077,10,1,2,SUBSCRIPTION,SETTLED,2026-03-23,2026-03-25,201.67571,28.3641,5720.35,0,5720.35,USD,2026-03-23T10:00:00,
1078,30,2,1,SUBSCRIPTION,SETTLED,2026-03-23,2026-03-25,193.647842,131.1507,25397.05,0,25397.05,USD,2026-03-23T10:00:00,
1079,35,2,3,SUBSCRIPTION,SETTLED,2026-03-23,2026-03-25,155.120297,247.7708,38434.28,0,38434.28,USD,2026-03-23T10:00:00,
1080,25,1,2,SUBSCRIPTION,SETTLED,2026-03-23,2026-03-25,161.576579,120.3175,19440.49,0,19440.49,USD,2026-03-23T10:00:00,
1081,36,2,3,REDEMPTION,SETTLED,2026-03-24,2026-03-26,88.318802,179.4542,-15849.18,0,-15849.18,USD,2026-03-24T10:00:00,
1082,28,1,1,SUBSCRIPTION,SETTLED,2026-03-24,2026-03-26,103.76841,193.3627,20064.94,0,20064.94,USD,2026-03-24T10:00:00,
1083,43,2,3,REDEMPTION,SETTLED,2026-03-24,2026-03-26,233.767541,124.2187,-29038.3,0,-29038.3,USD,2026-03-24T10:00:00,
1084,33,3,1,SUBSCRIPTION,SETTLED,2026-03-24,2026-03-26,103.863931,243.009,25239.87,0,25239.87,USD,2026-03-24T10:00:00,
1085,50,1,2,SUBSCRIPTION,SETTLED,2026-03-24,2026-03-26,114.228649,20.8284,2379.2,0,2379.2,USD,2026-03-24T10:00:00,
1086,23,3,3,SUBSCRIPTION,SETTLED,2026-03-24,2026-03-26,240.535515,160.0367,38494.51,0,38494.51,USD,2026-03-24T10:00:00,
1087,7,3,2,SUBSCRIPTION,SETTLED,2026-03-24,2026-03-26,196.288834,94.3046,18510.94,0,18510.94,USD,2026-03-24T10:00:00,
1088,16,2,1,SUBSCRIPTION,SETTLED,2026-03-24,2026-03-26,131.44384,228.4934,30034.05,0,30034.05,USD,2026-03-24T10:00:00,
1089,20,2,1,SUBSCRIPTION,SETTLED,2026-03-24,2026-03-26,22.271831,88.268,1965.89,0,1965.89,USD,2026-03-24T10:00:00,
1090,43,2,2,SUBSCRIPTION,SETTLED,2026-03-24,2026-03-26,610.487846,73.9885,45169.08,0,45169.08,USD,2026-03-24T10:00:00,
1091,2,2,2,SUBSCRIPTION,SETTLED,2026-03-25,2026-03-27,136.522865,147.4093,20124.74,0,20124.74,USD,2026-03-25T10:00:00,
1092,7,3,3,SUBSCRIPTION,SETTLED,2026-03-25,2026-03-27,133.643211,130.6644,17462.41,0,17462.41,USD,2026-03-25T10:00:00,
1093,11,2,3,SUBSCRIPTION,SETTLED,2026-03-25,2026-03-27,830.198846,58.4221,48501.96,0,48501.96,USD,2026-03-25T10:00:00,
1094,35,2,1,SUBSCRIPTION,SETTLED,2026-03-25,2026-03-27,13.364561,249.0946,3329.04,0,3329.04,USD,2026-03-25T10:00:00,
1095,15,1,3,REDEMPTION,SETTLED,2026-03-25,2026-03-27,25.897475,212.6049,-5505.93,0,-5505.93,USD,2026-03-25T10:00:00,
1096,38,2,2,SUBSCRIPTION,SETTLED,2026-03-25,2026-03-27,209.195207,137.4553,28754.99,0,28754.99,USD,2026-03-25T10:00:00,
1097,14,1,2,REDEMPTION,SETTLED,2026-03-25,2026-03-27,399.369021,82.4433,-32925.3,0,-32925.3,USD,2026-03-25T10:00:00,
1098,28,1,3,SUBSCRIPTION,SETTLED,2026-03-25,2026-03-27,101.394152,106.5522,10803.77,0,10803.77,USD,2026-03-25T10:00:00,
1099,43,2,3,SUBSCRIPTION,SETTLED,2026-03-25,2026-03-27,10.691075,178.7996,1911.56,0,1911.56,USD,2026-03-25T10:00:00,
1100,37,1,2,SUBSCRIPTION,SETTLED,2026-03-25,2026-03-27,255.906903,188.1299,48143.74,0,48143.74,USD,2026-03-25T10:00:00,
1101,18,1,3,SUBSCRIPTION,SETTLED,2026-03-25,2026-03-27,159.858748,194.5886,31106.69,0,31106.69,USD,2026-03-25T10:00:00,
1102,37,1,3,SUBSCRIPTION,SETTLED,2026-03-25,2026-03-27,272.937792,97.4259,26591.21,0,26591.21,USD,2026-03-25T10:00:00,
1103,16,2,1,REDEMPTION,SETTLED,2026-03-25,2026-03-27,181.151968,212.5893,-38510.97,0,-38510.97,USD,2026-03-25T10:00:00,
1104,21,1,1,SUBSCRIPTION,SETTLED,2026-03-25,2026-03-27,573.182761,74.0643,42452.38,0,42452.38,USD,2026-03-25T10:00:00,
1105,42,2,1,SUBSCRIPTION,SETTLED,2026-03-25,2026-03-27,283.595605,107.4078,30460.38,0,30460.38,USD,2026-03-25T10:00:00,
1106,10,1,1,SUBSCRIPTION,SETTLED,2026-03-25,2026-03-27,473.859365,84.5297,40055.19,0,40055.19,USD,2026-03-25T10:00:00,
1107,36,2,2,SUBSCRIPTION,SETTLED,2026-03-25,2026-03-27,775.973234,58.4777,45377.13,0,45377.13,USD,2026-03-25T10:00:00,
1108,2,2,2,REDEMPTION,SETTLED,2026-03-26,2026-03-28,102.770496,142.1695,-14610.83,0,-14610.83,USD,2026-03-26T10:00:00,
1109,47,3,2,REDEMPTION,SETTLED,2026-03-26,2026-03-28,16.481696,225.1613,-3711.04,0,-3711.04,USD,2026-03-26T10:00:00,
1110,39,2,2,REDEMPTION,SETTLED,2026-03-26,2026-03-28,419.088962,107.6816,-45128.17,0,-45128.17,USD,2026-03-26T10:00:00,
1111,43,2,3,REDEMPTION,SETTLED,2026-03-26,2026-03-28,96.655283,211.5545,-20447.86,0,-20447.86,USD,2026-03-26T10:00:00,
1112,16,2,1,SUBSCRIPTION,SETTLED,2026-03-26,2026-03-28,654.927582,38.9542,25512.18,0,25512.18,USD,2026-03-26T10:00:00,
1113,32,2,1,SUBSCRIPTION,SETTLED,2026-03-26,2026-03-28,34.338859,203.6049,6991.56,0,6991.56,USD,2026-03-26T10:00:00,
1114,38,2,3,SUBSCRIPTION,SETTLED,2026-03-26,2026-03-28,565.407632,66.6251,37670.34,0,37670.34,USD,2026-03-26T10:00:00,
1115,14,1,1,SUBSCRIPTION,SETTLED,2026-03-26,2026-03-28,151.417947,75.8914,11491.32,0,11491.32,USD,2026-03-26T10:00:00,
1116,17,3,3,SUBSCRIPTION,SETTLED,2026-03-26,2026-03-28,152.550668,177.9083,27140.03,0,27140.03,USD,2026-03-26T10:00:00,
1117,21,1,3,SUBSCRIPTION,SETTLED,2026-03-26,2026-03-28,142.847406,241.1957,34454.18,0,34454.18,USD,2026-03-26T10:00:00,
1118,31,2,3,SUBSCRIPTION,SETTLED,2026-03-27,2026-03-29,97.64008,164.8954,16100.4,0,16100.4,USD,2026-03-27T10:00:00,
1119,48,1,3,REDEMPTION,SETTLED,2026-03-27,2026-03-29,15.982209,230.1897,-3678.94,0,-3678.94,USD,2026-03-27T10:00:00,
1120,17,3,3,SUBSCRIPTION,SETTLED,2026-03-27,2026-03-29,181.357635,178.148,32308.5,0,32308.5,USD,2026-03-27T10:00:00,
1121,35,2,1,REDEMPTION,SETTLED,2026-03-27,2026-03-29,87.738702,228.3494,-20035.08,0,-20035.08,USD,2026-03-27T10:00:00,
1122,17,3,2,SUBSCRIPTION,SETTLED,2026-03-27,2026-03-29,621.145233,66.5105,41312.68,0,41312.68,USD,2026-03-27T10:00:00,
1123,11,2,2,SUBSCRIPTION,SETTLED,2026-03-27,2026-03-29,227.267292,194.0178,44093.9,0,44093.9,USD,2026-03-27T10:00:00,
1124,3,3,2,REDEMPTION,SETTLED,2026-03-27,2026-03-29,175.364343,235.7189,-41336.69,0,-41336.69,USD,2026-03-27T10:00:00,
1125,48,1,2,REDEMPTION,SETTLED,2026-03-27,2026-03-29,155.371571,111.3678,-17303.39,0,-17303.39,USD,2026-03-27T10:00:00,
1126,11,2,3,SUBSCRIPTION,SETTLED,2026-03-27,2026-03-29,38.303145,111.0089,4251.99,0,4251.99,USD,2026-03-27T10:00:00,
1127,30,2,3,SUBSCRIPTION,SETTLED,2026-03-27,2026-03-29,21.66601,163.9822,3552.84,0,3552.84,USD,2026-03-27T10:00:00,
1128,42,2,1,SUBSCRIPTION,SETTLED,2026-03-27,2026-03-29,129.647288,83.3314,10803.69,0,10803.69,USD,2026-03-27T10:00:00,
1129,8,3,1,SUBSCRIPTION,SETTLED,2026-03-27,2026-03-29,185.169169,194.2258,35964.63,0,35964.63,USD,2026-03-27T10:00:00,
1130,39,2,3,SUBSCRIPTION,SETTLED,2026-03-27,2026-03-29,397.367723,118.3576,47031.49,0,47031.49,USD,2026-03-27T10:00:00,
1131,12,1,3,SUBSCRIPTION,SETTLED,2026-03-28,2026-03-30,219.646174,77.6314,17051.44,0,17051.44,USD,2026-03-28T10:00:00,
1132,27,3,2,SUBSCRIPTION,SETTLED,2026-03-28,2026-03-30,185.616264,236.7417,43943.11,0,43943.11,USD,2026-03-28T10:00:00,
1133,2,2,1,REDEMPTION,SETTLED,2026-03-28,2026-03-30,203.928597,160.3906,-32708.23,0,-32708.23,USD,2026-03-28T10:00:00,
1134,30,2,1,SUBSCRIPTION,SETTLED,2026-03-28,2026-03-30,1947.325712,21.9479,42739.71,0,42739.71,USD,2026-03-28T10:00:00,
1135,39,2,2,SUBSCRIPTION,SETTLED,2026-03-28,2026-03-30,943.224112,50.8295,47943.61,0,47943.61,USD,2026-03-28T10:00:00,
1136,1,3,3,SUBSCRIPTION,SETTLED,2026-03-28,2026-03-30,167.081392,232.7884,38894.61,0,38894.61,USD,2026-03-28T10:00:00,
1137,8,3,1,REDEMPTION,SETTLED,2026-03-28,2026-03-30,47.664075,216.8648,-10336.66,0,-10336.66,USD,2026-03-28T10:00:00,
1138,19,1,3,SUBSCRIPTION,SETTLED,2026-03-28,2026-03-30,34.24152,215.5211,7379.77,0,7379.77,USD,2026-03-28T10:00:00,
1139,19,1,3,SUBSCRIPTION,SETTLED,2026-03-28,2026-03-30,198.973213,108.0458,21498.22,0,21498.22,USD,2026-03-28T10:00:00,
1140,2,2,2,REDEMPTION,SETTLED,2026-03-28,2026-03-30,106.050354,118.2344,-12538.8,0,-12538.8,USD,2026-03-28T10:00:00,
1141,24,1,3,REDEMPTION,SETTLED,2026-03-28,2026-03-30,1879.476473,12.4769,-23450.04,0,-23450.04,USD,2026-03-28T10:00:00,
1142,21,1,3,SUBSCRIPTION,SETTLED,2026-03-28,2026-03-30,111.709064,102.0389,11398.67,0,11398.67,USD,2026-03-28T10:00:00,
1143,17,3,1,SUBSCRIPTION,SETTLED,2026-03-29,2026-03-31,43.152625,89.887,3878.86,0,3878.86,USD,2026-03-29T10:00:00,
1144,31,2,2,REDEMPTION,SETTLED,2026-03-29,2026-03-31,194.220883,242.1304,-47026.78,0,-47026.78,USD,2026-03-29T10:00:00,
1145,1,3,2,SUBSCRIPTION,SETTLED,2026-03-29,2026-03-31,80.398576,244.6057,19665.95,0,19665.95,USD,2026-03-29T10:00:00,
1146,9,2,3,SUBSCRIPTION,SETTLED,2026-03-29,2026-03-31,192.823038,50.768,9789.24,0,9789.24,USD,2026-03-29T10:00:00,
1147,22,3,2,SUBSCRIPTION,SETTLED,2026-03-29,2026-03-31,120.526913,137.3017,16548.55,0,16548.55,USD,2026-03-29T10:00:00,
1148,17,3,1,SUBSCRIPTION,SETTLED,2026-03-29,2026-03-31,377.067418,129.8105,48947.31,0,48947.31,USD,2026-03-29T10:00:00,
1149,48,1,2,REDEMPTION,SETTLED,2026-03-29,2026-03-31,67.418276,220.4647,-14863.35,0,-14863.35,USD,2026-03-29T10:00:00,
1150,34,3,2,SUBSCRIPTION,SETTLED,2026-03-29,2026-03-31,48.618026,186.8486,9084.21,0,9084.21,USD,2026-03-29T10:00:00,
1151,49,3,1,SUBSCRIPTION,SETTLED,2026-03-29,2026-03-31,283.911448,162.7965,46219.79,0,46219.79,USD,2026-03-29T10:00:00,
1152,4,3,1,SUBSCRIPTION,SETTLED,2026-03-29,2026-03-31,659.065723,18.6069,12263.17,0,12263.17,USD,2026-03-29T10:00:00,
1153,11,2,3,SUBSCRIPTION,SETTLED,2026-03-29,2026-03-31,29.732777,224.8421,6685.18,0,6685.18,USD,2026-03-29T10:00:00,
1154,3,3,2,SUBSCRIPTION,SETTLED,2026-03-29,2026-03-31,282.665272,126.4479,35742.43,0,35742.43,USD,2026-03-29T10:00:00,
1155,8,3,3,REDEMPTION,SETTLED,2026-03-29,2026-03-31,217.478211,32.4587,-7059.06,0,-7059.06,USD,2026-03-29T10:00:00,
1156,12,1,1,REDEMPTION,SETTLED,2026-03-29,2026-03-31,284.517087,145.1794,-41306.02,0,-41306.02,USD,2026-03-29T10:00:00,
1157,38,2,1,SUBSCRIPTION,SETTLED,2026-03-29,2026-03-31,263.493195,109.9406,28968.6,0,28968.6,USD,2026-03-29T10:00:00,
1158,16,2,2,SUBSCRIPTION,SETTLED,2026-03-29,2026-03-31,2740.514697,16.2309,44481.02,0,44481.02,USD,2026-03-29T10:00:00,
1159,26,3,2,SUBSCRIPTION,SETTLED,2026-03-29,2026-03-31,225.773007,210.8745,47609.77,0,47609.77,USD,2026-03-29T10:00:00,
1160,6,1,2,REDEMPTION,SETTLED,2026-03-30,2026-04-01,280.041236,118.9733,-33317.43,0,-33317.43,USD,2026-03-30T10:00:00,
1161,39,2,3,SUBSCRIPTION,SETTLED,2026-03-30,2026-04-01,289.696235,167.4815,48518.76,0,48518.76,USD,2026-03-30T10:00:00,
1162,21,1,3,REDEMPTION,SETTLED,2026-03-30,2026-04-01,225.731489,201.288,-45437.04,0,-45437.04,USD,2026-03-30T10:00:00,
1163,14,1,1,REDEMPTION,SETTLED,2026-03-30,2026-04-01,73.750231,201.5553,-14864.75,0,-14864.75,USD,2026-03-30T10:00:00,
1164,36,2,3,SUBSCRIPTION,SETTLED,2026-03-30,2026-04-01,389.663446,52.7226,20544.07,0,20544.07,USD,2026-03-30T10:00:00,
1165,6,1,1,REDEMPTION,SETTLED,2026-03-30,2026-04-01,45.586422,197.0782,-8984.09,0,-8984.09,USD,2026-03-30T10:00:00,
1166,42,2,3,SUBSCRIPTION,SETTLED,2026-03-30,2026-04-01,77.269224,202.2641,15628.79,0,15628.79,USD,2026-03-30T10:00:00,
1167,44,1,3,SUBSCRIPTION,SETTLED,2026-03-30,2026-04-01,160.284502,209.6927,33610.49,0,33610.49,USD,2026-03-30T10:00:00,
1168,29,1,2,SUBSCRIPTION,SETTLED,2026-03-31,2026-04-02,256.325933,111.5369,28589.8,0,28589.8,USD,2026-03-31T10:00:00,
1169,24,1,3,SUBSCRIPTION,SETTLED,2026-03-31,2026-04-02,987.502244,32.3074,31903.63,0,31903.63,USD,2026-03-31T10:00:00,
1170,30,2,3,SUBSCRIPTION,SETTLED,2026-03-31,2026-04-02,733.333545,47.2167,34625.59,0,34625.59,USD,2026-03-31T10:00:00,
1171,34,3,3,SUBSCRIPTION,SETTLED,2026-03-31,2026-04-02,41.794732,122.3726,5114.53,0,5114.53,USD,2026-03-31T10:00:00,
1172,31,2,2,SUBSCRIPTION,SETTLED,2026-03-31,2026-04-02,32.032639,226.6969,7261.7,0,7261.7,USD,2026-03-31T10:00:00,
1173,34,3,2,SUBSCRIPTION,SETTLED,2026-03-31,2026-04-02,117.692948,28.3678,3338.69,0,3338.69,USD,2026-03-31T10:00:00,
1174,33,3,1,SUBSCRIPTION,SETTLED,2026-03-31,2026-04-02,174.772626,121.5176,21237.95,0,21237.95,USD,2026-03-31T10:00:00,
1175,23,3,2,SUBSCRIPTION,SETTLED,2026-03-31,2026-04-02,2780.660218,13.9045,38663.69,0,38663.69,USD,2026-03-31T10:00:00,
1176,12,1,1,REDEMPTION,SETTLED,2026-03-31,2026-04-02,29.278146,109.9004,-3217.68,0,-3217.68,USD,2026-03-31T10:00:00,
1177,21,1,3,REDEMPTION,SETTLED,2026-03-31,2026-04-02,323.003369,117.9875,-38110.36,0,-38110.36,USD,2026-03-31T10:00:00,
1178,22,3,1,SUBSCRIPTION,SETTLED,2026-03-31,2026-04-02,19.667579,245.7247,4832.81,0,4832.81,USD,2026-03-31T10:00:00,
1179,44,1,1,SUBSCRIPTION,SETTLED,2026-03-31,2026-04-02,17.921135,104.7841,1877.85,0,1877.85,USD,2026-03-31T10:00:00,
1180,11,2,3,SUBSCRIPTION,SETTLED,2026-03-31,2026-04-02,159.713245,218.5073,34898.51,0,34898.51,USD,2026-03-31T10:00:00,
1181,20,2,3,REDEMPTION,SETTLED,2026-03-31,2026-04-02,177.63244,175.759,-31220.5,0,-31220.5,USD,2026-03-31T10:00:00,
1182,20,2,1,SUBSCRIPTION,SETTLED,2026-03-31,2026-04-02,45.576928,36.859,1679.92,0,1679.92,USD,2026-03-31T10:00:00,
