holding_id,investor_id,fund_id,valuation_date,units,nav_price,market_value,currency_code,created_at
1,1,1,2026-01-01,835.23893,55.1731,46082.72,USD,2026-01-01T18:30:00
2,1,2,2026-01-01,32.178356,125.4681,4037.36,USD,2026-01-01T18:30:00
3,1,3,2026-01-01,174.185029,68.0273,11849.34,USD,2026-01-01T18:30:00
4,2,1,2026-01-01,1010.507652,215.9654,218234.69,USD,2026-01-01T18:30:00
5,2,2,2026-01-01,646.299042,30.6625,19817.14,USD,2026-01-01T18:30:00
6,2,3,2026-01-01,923.665376,45.5598,42082.01,USD,2026-01-01T18:30:00
7,3,1,2026-01-01,506.25507,37.9501,19212.43,USD,2026-01-01T18:30:00
8,3,2,2026-01-01,1082.898404,187.3075,202834.99,USD,2026-01-01T18:30:00
9,3,3,2026-01-01,534.319138,126.4112,67543.92,USD,2026-01-01T18:30:00
10,4,1,2026-01-01,23.553334,117.8839,2776.56,USD,2026-01-01T18:30:00
11,4,2,2026-01-01,291.155579,80.7595,23513.58,USD,2026-01-01T18:30:00
12,4,3,2026-01-01,995.340915,104.016,103531.38,USD,2026-01-01T18:30:00
13,5,1,2026-01-01,400.620067,34.6392,13877.16,USD,2026-01-01T18:30:00
14,5,2,2026-01-01,1017.155436,113.6291,115578.46,USD,2026-01-01T18:30:00
15,5,3,2026-01-01,498.823087,128.9688,64332.61,USD,2026-01-01T18:30:00
16,6,1,2026-01-01,694.393521,185.4589,128781.46,USD,2026-01-01T18:30:00
17,6,2,2026-01-01,1198.831641,18.8841,22638.86,USD,2026-01-01T18:30:00
18,6,3,2026-01-01,479.616447,133.2054,63887.5,USD,2026-01-01T18:30:00
19,7,1,2026-01-01,869.537022,234.4674,203878.08,USD,2026-01-01T18:30:00
20,7,2,2026-01-01,1086.087771,218.2322,237019.32,USD,2026-01-01T18:30:00
21,7,3,2026-01-01,278.286943,24.5691,6837.26,USD,2026-01-01T18:30:00
22,8,1,2026-01-01,22.823591,148.3368,3385.58,USD,2026-01-01T18:30:00
23,8,2,2026-01-01,663.906822,74.2837,49317.46,USD,2026-01-01T18:30:00
24,8,3,2026-01-01,777.960343,223.3937,173791.44,USD,2026-01-01T18:30:00
25,9,1,2026-01-01,140.328889,159.4472,22375.05,USD,2026-01-01T18:30:00
26,9,2,2026-01-01,775.415775,117.5981,91187.42,USD,2026-01-01T18:30:00
27,9,3,2026-01-01,523.476005,48.72,25503.75,USD,2026-01-01T18:30:00
28,10,1,2026-01-01,871.450962,122.6177,106855.31,USD,2026-01-01T18:30:00
29,10,2,2026-01-01,525.732826,131.8326,69308.73,USD,2026-01-01T18:30:00
30,10,3,2026-01-01,705.190452,174.3938,122980.84,USD,2026-01-01T18:30:00
31,11,1,2026-01-01,1106.082716,214.8289,237618.53,USD,2026-01-01T18:30:00
32,11,2,2026-01-01,858.238995,122.4321,105076.0,USD,2026-01-01T18:30:00
33,11,3,2026-01-01,1059.808072,183.5188,194494.71,USD,2026-01-01T18:30:00
34,12,1,2026-01-01,468.44548,110.0467,51550.88,USD,2026-01-01T18:30:00
35,12,2,2026-01-01,1129.436389,166.6,188164.1,USD,2026-01-01T18:30:00
36,12,3,2026-01-01,432.306681,123.358,53328.49,USD,2026-01-01T18:30:00
37,13,1,2026-01-01,1165.129967,48.8862,56958.78,USD,2026-01-01T18:30:00
38,13,2,2026-01-01,248.650309,175.7674,43704.62,USD,2026-01-01T18:30:00
39,13,3,2026-01-01,103.430277,125.8935,13021.2,USD,2026-01-01T18:30:00
40,14,1,2026-01-01,207.949324,47.5154,9880.8,USD,2026-01-01T18:30:00
41,14,2,2026-01-01,590.622882,200.4358,118381.97,USD,2026-01-01T18:30:00
42,14,3,2026-01-01,1131.665638,128.494,145412.24,USD,2026-01-01T18:30:00
43,15,1,2026-01-01,281.662687,143.6393,40457.83,USD,2026-01-01T18:30:00
44,15,2,2026-01-01,1199.113467,96.1088,115245.36,USD,2026-01-01T18:30:00
45,15,3,2026-01-01,312.96961,172.4627,53975.58,USD,2026-01-01T18:30:00
46,16,1,2026-01-01,209.657754,216.2708,45342.85,USD,2026-01-01T18:30:00
47,16,2,2026-01-01,604.17468,203.6357,123031.53,USD,2026-01-01T18:30:00
48,16,3,2026-01-01,405.281706,37.3526,15138.33,USD,2026-01-01T18:30:00
49,17,1,2026-01-01,272.028307,144.8755,39410.24,USD,2026-01-01T18:30:00
50,17,2,2026-01-01,583.638357,248.4791,145021.93,USD,2026-01-01T18:30:00
51,17,3,2026-01-01,941.862965,194.6497,183333.34,USD,2026-01-01T18:30:00
52,18,1,2026-01-01,924.113872,143.6854,132781.67,USD,2026-01-01T18:30:00
53,18,2,2026-01-01,1075.581239,214.818,231054.21,USD,2026-01-01T18:30:00
54,18,3,2026-01-01,1048.43481,155.0295,162538.32,USD,2026-01-01T18:30:00
55,19,1,2026-01-01,124.970428,22.1013,2762.01,USD,2026-01-01T18:30:00
56,19,2,2026-01-01,1135.521273,201.7569,229099.25,USD,2026-01-01T18:30:00
57,19,3,2026-01-01,1155.176531,191.3834,221081.61,USD,2026-01-01T18:30:00
58,20,1,2026-01-01,1169.591708,197.5966,231107.34,USD,2026-01-01T18:30:00
59,20,2,2026-01-01,731.587018,216.013,158032.31,USD,2026-01-01T18:30:00
60,20,3,2026-01-01,122.241647,144.9935,17724.24,USD,2026-01-01T18:30:00
61,21,1,2026-01-01,608.766873,50.0911,30493.8,USD,2026-01-01T18:30:00
62,21,2,2026-01-01,141.671221,59.2927,8400.07,USD,2026-01-01T18:30:00
63,21,3,2026-01-01,433.966122,184.8038,80198.59,USD,2026-01-01T18:30:00
64,22,1,2026-01-01,849.796034,192.8715,163901.44,USD,2026-01-01T18:30:00
65,22,2,2026-01-01,598.069201,218.9183,130928.29,USD,2026-01-01T18:30:00
66,22,3,2026-01-01,185.154879,97.2969,18015.0,USD,2026-01-01T18:30:00
67,23,1,2026-01-01,982.992939,39.516,38843.95,USD,2026-01-01T18:30:00
68,23,2,2026-01-01,242.268396,242.7128,58801.64,USD,2026-01-01T18:30:00
69,23,3,2026-01-01,923.06316,11.581,10689.99,USD,2026-01-01T18:30:00
70,24,1,2026-01-01,1001.776044,123.6792,123898.86,USD,2026-01-01T18:30:00
71,24,2,2026-01-01,344.10996,51.1028,17584.98,USD,2026-01-01T18:30:00
72,24,3,2026-01-01,319.218755,181.6479,57985.42,USD,2026-01-01T18:30:00
73,25,1,2026-01-01,498.010329,161.0657,80212.38,USD,2026-01-01T18:30:00
74,25,2,2026-01-01,294.541536,190.7695,56189.54,USD,2026-01-01T18:30:00
75,25,3,2026-01-01,635.580329,198.9318,126437.14,USD,2026-01-01T18:30:00
76,26,1,2026-01-01,165.593199,112.9175,18698.37,USD,2026-01-01T18:30:00
77,26,2,2026-01-01,1101.624069,225.5357,248455.56,USD,2026-01-01T18:30:00
78,26,3,2026-01-01,1142.208649,133.8773,152915.81,USD,2026-01-01T18:30:00
79,27,1,2026-01-01,818.638367,236.4977,193606.09,USD,2026-01-01T18:30:00
80,27,2,2026-01-01,531.094427,194.8364,103476.53,USD,2026-01-01T18:30:00
81,27,3,2026-01-01,861.150883,134.1637,115535.19,USD,2026-01-01T18:30:00
82,28,1,2026-01-01,83.497427,91.1929,7614.37,USD,2026-01-01T18:30:00
83,28,2,2026-01-01,481.981042,195.3694,94164.35,USD,2026-01-01T18:30:00
84,28,3,2026-01-01,520.886735,104.3839,54372.19,USD,2026-01-01T18:30:00
85,29,1,2026-01-01,44.51248,231.4045,10300.39,USD,2026-01-01T18:30:00
86,29,2,2026-01-01,181.14252,147.8937,26789.84,USD,2026-01-01T18:30:00
87,29,3,2026-01-01,1173.279571,245.2113,287701.41,USD,2026-01-01T18:30:00
88,30,1,2026-01-01,958.884919,220.1952,211141.86,USD,2026-01-01T18:30:00
89,30,2,2026-01-01,1167.193377,110.6333,129130.46,USD,2026-01-01T18:30:00
90,30,3,2026-01-01,1062.93942,178.1897,189404.86,USD,2026-01-01T18:30:00
91,31,1,2026-01-01,1048.255637,183.1723,192011.4,USD,2026-01-01T18:30:00
92,31,2,2026-01-01,376.434284,92.5978,34856.99,USD,2026-01-01T18:30:00
93,31,3,2026-01-01,992.404267,226.05,224332.98,USD,2026-01-01T18:30:00
94,32,1,2026-01-01,732.481276,45.2468,33142.43,USD,2026-01-01T18:30:00
95,32,2,2026-01-01,484.725688,164.531,79752.4,USD,2026-01-01T18:30:00
96,32,3,2026-01-01,1065.09571,159.8463,170251.61,USD,2026-01-01T18:30:00
97,33,1,2026-01-01,741.824955,116.1145,86136.63,USD,2026-01-01T18:30:00
98,33,2,2026-01-01,414.300736,204.8395,84865.16,USD,2026-01-01T18:30:00
99,33,3,2026-01-01,778.508408,196.0961,152662.46,USD,2026-01-01T18:30:00
100,34,1,2026-01-01,1057.169619,30.2274,31955.49,USD,2026-01-01T18:30:00
101,34,2,2026-01-01,644.920191,103.5984,66812.7,USD,2026-01-01T18:30:00
102,34,3,2026-01-01,862.656648,221.1701,190793.86,USD,2026-01-01T18:30:00
103,35,1,2026-01-01,624.563643,139.7897,87307.56,USD,2026-01-01T18:30:00
104,35,2,2026-01-01,256.481419,132.8012,34061.04,USD,2026-01-01T18:30:00
105,35,3,2026-01-01,374.702896,91.7701,34386.52,USD,2026-01-01T18:30:00
106,36,1,2026-01-01,762.822606,15.6212,11916.2,USD,2026-01-01T18:30:00
107,36,2,2026-01-01,1068.383206,139.5838,149128.99,USD,2026-01-01T18:30:00
108,36,3,2026-01-01,310.428216,209.735,65107.66,USD,2026-01-01T18:30:00
109,37,1,2026-01-01,364.730508,111.459,40652.5,USD,2026-01-01T18:30:00
110,37,2,2026-01-01,606.329505,185.6767,112581.26,USD,2026-01-01T18:30:00
111,37,3,2026-01-01,1009.900129,72.3415,73057.69,USD,2026-01-01T18:30:00
112,38,1,2026-01-01,608.999253,39.7151,24186.47,USD,2026-01-01T18:30:00
113,38,2,2026-01-01,907.871932,235.9223,214187.23,USD,2026-01-01T18:30:00
114,38,3,2026-01-01,538.484263,147.3845,79364.23,USD,2026-01-01T18:30:00
115,39,1,2026-01-01,6.256078,91.3553,571.53,USD,2026-01-01T18:30:00
116,39,2,2026-01-01,283.316792,188.9819,53541.75,USD,2026-01-01T18:30:00
117,39,3,2026-01-01,697.912588,181.5153,126681.81,USD,2026-01-01T18:30:00
118,40,1,2026-01-01,1125.047311,169.7249,190948.54,USD,2026-01-01T18:30:00
119,40,2,2026-01-01,1013.394924,66.1211,67006.79,USD,2026-01-01T18:30:00
120,40,3,2026-01-01,359.041932,170.0614,61059.17,USD,2026-01-01T18:30:00
121,41,1,2026-01-01,978.095079,147.4638,144233.62,USD,2026-01-01T18:30:00
122,41,2,2026-01-01,167.965791,100.6398,16904.04,USD,2026-01-01T18:30:00
123,41,3,2026-01-01,885.014787,35.2545,31200.75,USD,2026-01-01T18:30:00
124,42,1,2026-01-01,619.74219,56.2133,34837.75,USD,2026-01-01T18:30:00
125,42,2,2026-01-01,934.259412,119.0343,111208.92,USD,2026-01-01T18:30:00
126,42,3,2026-01-01,175.863904,112.1661,19725.97,USD,2026-01-01T18:30:00
127,43,1,2026-01-01,494.463543,32.1397,15891.91,USD,2026-01-01T18:30:00
128,43,2,2026-01-01,509.864079,41.2152,21014.15,USD,2026-01-01T18:30:00
129,43,3,2026-01-01,257.741282,28.7374,7406.81,USD,2026-01-01T18:30:00
130,44,1,2026-01-01,812.186931,106.6609,86628.59,USD,2026-01-01T18:30:00
131,44,2,2026-01-01,670.762141,196.9179,132085.07,USD,2026-01-01T18:30:00
132,44,3,2026-01-01,1046.417751,150.2329,157206.37,USD,2026-01-01T18:30:00
133,45,1,2026-01-01,763.753379,249.1628,190298.93,USD,2026-01-01T18:30:00
134,45,2,2026-01-01,826.821434,237.4768,196350.91,USD,2026-01-01T18:30:00
135,45,3,2026-01-01,878.060353,110.0614,96640.55,USD,2026-01-01T18:30:00
136,46,1,2026-01-01,195.411329,131.3886,25674.82,USD,2026-01-01T18:30:00
137,46,2,2026-01-01,581.717283,119.8511,69719.46,USD,2026-01-01T18:30:00
138,46,3,2026-01-01,1161.638168,133.1645,154688.97,USD,2026-01-01T18:30:00
139,47,1,2026-01-01,634.969328,176.673,112181.94,USD,2026-01-01T18:30:00
140,47,2,2026-01-01,546.518849,17.8258,9742.14,USD,2026-01-01T18:30:00
141,47,3,2026-01-01,188.207638,144.1664,27133.22,USD,2026-01-01T18:30:00
142,48,1,2026-01-01,1106.036827,38.5039,42586.73,USD,2026-01-01T18:30:00
143,48,2,2026-01-01,1022.781358,36.4807,37311.78,USD,2026-01-01T18:30:00
144,48,3,2026-01-01,443.503158,79.5017,35259.26,USD,2026-01-01T18:30:00
145,49,1,2026-01-01,627.332999,38.2581,24000.57,USD,2026-01-01T18:30:00
146,49,2,2026-01-01,365.909511,99.8703,36543.49,USD,2026-01-01T18:30:00
147,49,3,2026-01-01,352.777554,16.7147,5896.57,USD,2026-01-01T18:30:00
148,50,1,2026-01-01,171.44327,198.1102,33964.66,USD,2026-01-01T18:30:00
149,50,2,2026-01-01,506.108362,234.837,118852.97,USD,2026-01-01T18:30:00
150,50,3,2026-01-01,366.196757,78.0358,28576.46,USD,2026-01-01T18:30:00
151,1,1,2026-01-08,219.692559,187.5185,41196.42,USD,2026-01-08T18:30:00
152,1,2,2026-01-08,2.502904,141.409,353.93,USD,2026-01-08T18:30:00
153,1,3,2026-01-08,81.077446,20.7238,1680.23,USD,2026-01-08T18:30:00
154,2,1,2026-01-08,577.411719,84.3285,48692.26,USD,2026-01-08T18:30:00
155,2,2,2026-01-08,542.849313,91.0776,49441.41,USD,2026-01-08T18:30:00
156,2,3,2026-01-08,452.766756,210.2704,95203.45,USD,2026-01-08T18:30:00
157,3,1,2026-01-08,1000.420159,41.8743,41891.89,USD,2026-01-08T18:30:00
158,3,2,2026-01-08,166.226743,162.7505,27053.49,USD,2026-01-08T18:30:00
159,3,3,2026-01-08,914.014537,170.133,155504.04,USD,2026-01-08T18:30:00
160,4,1,2026-01-08,178.779109,184.6874,33018.25,USD,2026-01-08T18:30:00
161,4,2,2026-01-08,107.177977,159.9449,17142.57,USD,2026-01-08T18:30:00
162,4,3,2026-01-08,748.307369,102.9364,77028.07,USD,2026-01-08T18:30:00
163,5,1,2026-01-08,1080.293301,91.3595,98695.06,USD,2026-01-08T18:30:00
164,5,2,2026-01-08,54.983657,170.9065,9397.06,USD,2026-01-08T18:30:00
165,5,3,2026-01-08,531.715444,76.57,40713.45,USD,2026-01-08T18:30:00
166,6,1,2026-01-08,106.23587,49.7475,5284.97,USD,2026-01-08T18:30:00
167,6,2,2026-01-08,29.764908,161.2262,4798.88,USD,2026-01-08T18:30:00
168,6,3,2026-01-08,925.914169,84.1235,77891.14,USD,2026-01-08T18:30:00
169,7,1,2026-01-08,774.191613,164.5394,127385.02,USD,2026-01-08T18:30:00
170,7,2,2026-01-08,102.182438,239.2404,24446.17,USD,2026-01-08T18:30:00
171,7,3,2026-01-08,650.201195,191.8276,124726.53,USD,2026-01-08T18:30:00
172,8,1,2026-01-08,1148.751368,135.2209,155335.19,USD,2026-01-08T18:30:00
173,8,2,2026-01-08,900.670288,130.6333,117657.53,USD,2026-01-08T18:30:00
174,8,3,2026-01-08,22.396884,167.9811,3762.25,USD,2026-01-08T18:30:00
175,9,1,2026-01-08,638.231324,240.9704,153794.86,USD,2026-01-08T18:30:00
176,9,2,2026-01-08,329.955034,59.3932,19597.09,USD,2026-01-08T18:30:00
177,9,3,2026-01-08,995.628661,211.3402,210416.36,USD,2026-01-08T18:30:00
178,10,1,2026-01-08,695.463301,30.3155,21083.32,USD,2026-01-08T18:30:00
179,10,2,2026-01-08,640.25264,86.9035,55640.2,USD,2026-01-08T18:30:00
180,10,3,2026-01-08,706.671632,127.9535,90421.11,USD,2026-01-08T18:30:00
181,11,1,2026-01-08,1120.61854,91.5896,102637.0,USD,2026-01-08T18:30:00
182,11,2,2026-01-08,216.609607,15.7737,3416.73,USD,2026-01-08T18:30:00
183,11,3,2026-01-08,633.482107,101.6826,64414.11,USD,2026-01-08T18:30:00
184,12,1,2026-01-08,109.230102,245.1487,26777.62,USD,2026-01-08T18:30:00
185,12,2,2026-01-08,650.135128,78.4844,51025.47,USD,2026-01-08T18:30:00
186,12,3,2026-01-08,219.202711,194.3931,42611.49,USD,2026-01-08T18:30:00
187,13,1,2026-01-08,185.072845,238.5195,44143.48,USD,2026-01-08T18:30:00
188,13,2,2026-01-08,814.330281,24.1393,19657.36,USD,2026-01-08T18:30:00
189,13,3,2026-01-08,1153.348002,53.5499,61761.67,USD,2026-01-08T18:30:00
190,14,1,2026-01-08,855.960748,81.5258,69782.88,USD,2026-01-08T18:30:00
191,14,2,2026-01-08,118.493059,44.1905,5236.27,USD,2026-01-08T18:30:00
192,14,3,2026-01-08,1071.613225,71.9042,77053.49,USD,2026-01-08T18:30:00
193,15,1,2026-01-08,1129.893018,225.8804,255220.69,USD,2026-01-08T18:30:00
194,15,2,2026-01-08,62.253742,67.5095,4202.72,USD,2026-01-08T18:30:00
195,15,3,2026-01-08,716.405543,66.7579,47825.73,USD,2026-01-08T18:30:00
196,16,1,2026-01-08,610.345528,131.0611,79992.56,USD,2026-01-08T18:30:00
197,16,2,2026-01-08,1139.228467,74.629,85019.48,USD,2026-01-08T18:30:00
198,16,3,2026-01-08,382.003735,142.7491,54530.69,USD,2026-01-08T18:30:00
199,17,1,2026-01-08,78.549854,16.9375,1330.44,USD,2026-01-08T18:30:00
200,17,2,2026-01-08,760.249554,229.2964,174322.49,USD,2026-01-08T18:30:00
201,17,3,2026-01-08,22.347399,142.9781,3195.19,USD,2026-01-08T18:30:00
202,18,1,2026-01-08,703.407237,34.3623,24170.69,USD,2026-01-08T18:30:00
203,18,2,2026-01-08,915.573957,166.3722,152326.05,USD,2026-01-08T18:30:00
204,18,3,2026-01-08,150.685611,146.379,22057.21,USD,2026-01-08T18:30:00
205,19,1,2026-01-08,535.178707,213.1067,114050.17,USD,2026-01-08T18:30:00
206,19,2,2026-01-08,600.518848,197.8916,118837.64,USD,2026-01-08T18:30:00
207,19,3,2026-01-08,170.840437,139.7055,23867.35,USD,2026-01-08T18:30:00
208,20,1,2026-01-08,201.825998,68.8388,13893.46,USD,2026-01-08T18:30:00
209,20,2,2026-01-08,1143.135152,240.7245,275180.64,USD,2026-01-08T18:30:00
210,20,3,2026-01-08,666.182698,20.0301,13343.71,USD,2026-01-08T18:30:00
211,21,1,2026-01-08,975.172461,240.6675,234692.32,USD,2026-01-08T18:30:00
212,21,2,2026-01-08,744.875902,166.7341,124196.21,USD,2026-01-08T18:30:00
213,21,3,2026-01-08,200.858009,24.442,4909.37,USD,2026-01-08T18:30:00
214,22,1,2026-01-08,1106.172855,75.5927,83618.59,USD,2026-01-08T18:30:00
215,22,2,2026-01-08,301.066749,173.1995,52144.61,USD,2026-01-08T18:30:00
216,22,3,2026-01-08,1199.090243,212.1853,254429.32,USD,2026-01-08T18:30:00
217,23,1,2026-01-08,255.304962,211.7642,54064.45,USD,2026-01-08T18:30:00
218,23,2,2026-01-08,337.573547,48.7399,16453.3,USD,2026-01-08T18:30:00
219,23,3,2026-01-08,640.907144,26.7845,17166.38,USD,2026-01-08T18:30:00
220,24,1,2026-01-08,107.658125,177.623,19122.56,USD,2026-01-08T18:30:00
221,24,2,2026-01-08,996.597729,184.0177,183391.62,USD,2026-01-08T18:30:00
222,24,3,2026-01-08,1198.585504,220.787,264632.1,USD,2026-01-08T18:30:00
223,25,1,2026-01-08,253.020212,131.1569,33185.35,USD,2026-01-08T18:30:00
224,25,2,2026-01-08,962.467864,222.1436,213806.08,USD,2026-01-08T18:30:00
225,25,3,2026-01-08,1134.490159,162.4408,184287.49,USD,2026-01-08T18:30:00
226,26,1,2026-01-08,1175.568417,179.861,211438.91,USD,2026-01-08T18:30:00
227,26,2,2026-01-08,327.615767,168.9465,55349.54,USD,2026-01-08T18:30:00
228,26,3,2026-01-08,385.965902,60.5497,23370.12,USD,2026-01-08T18:30:00
229,27,1,2026-01-08,1150.791215,88.8297,102224.44,USD,2026-01-08T18:30:00
230,27,2,2026-01-08,1096.82189,42.0942,46169.84,USD,2026-01-08T18:30:00
231,27,3,2026-01-08,1106.709337,156.1088,172767.07,USD,2026-01-08T18:30:00
232,28,1,2026-01-08,5.135097,12.2989,63.16,USD,2026-01-08T18:30:00
233,28,2,2026-01-08,208.243225,143.3898,29859.95,USD,2026-01-08T18:30:00
234,28,3,2026-01-08,835.787931,127.3544,106441.27,USD,2026-01-08T18:30:00
235,29,1,2026-01-08,471.349298,29.4757,13893.35,USD,2026-01-08T18:30:00
236,29,2,2026-01-08,1052.06435,166.304,174962.51,USD,2026-01-08T18:30:00
237,29,3,2026-01-08,646.379194,224.2173,144929.4,USD,2026-01-08T18:30:00
238,30,1,2026-01-08,979.267919,116.8424,114420.01,USD,2026-01-08T18:30:00
239,30,2,2026-01-08,148.09871,243.2894,36030.85,USD,2026-01-08T18:30:00
240,30,3,2026-01-08,451.651739,154.3146,69696.46,USD,2026-01-08T18:30:00
241,31,1,2026-01-08,464.101242,211.395,98108.68,USD,2026-01-08T18:30:00
242,31,2,2026-01-08,974.24365,246.1109,239771.98,USD,2026-01-08T18:30:00
243,31,3,2026-01-08,149.716638,98.9154,14809.28,USD,2026-01-08T18:30:00
244,32,1,2026-01-08,231.589029,12.2472,2836.32,USD,2026-01-08T18:30:00
245,32,2,2026-01-08,891.773334,192.021,171239.21,USD,2026-01-08T18:30:00
246,32,3,2026-01-08,816.665223,180.2075,147169.2,USD,2026-01-08T18:30:00
247,33,1,2026-01-08,229.814012,205.9074,47320.41,USD,2026-01-08T18:30:00
248,33,2,2026-01-08,750.28387,204.0195,153072.54,USD,2026-01-08T18:30:00
249,33,3,2026-01-08,265.377217,245.2286,65078.08,USD,2026-01-08T18:30:00
250,34,1,2026-01-08,1160.755807,18.8311,21858.31,USD,2026-01-08T18:30:00
251,34,2,2026-01-08,591.40545,178.9714,105844.66,USD,2026-01-08T18:30:00
252,34,3,2026-01-08,727.232357,11.7125,8517.71,USD,2026-01-08T18:30:00
253,35,1,2026-01-08,1181.116246,163.2247,192787.34,USD,2026-01-08T18:30:00
254,35,2,2026-01-08,133.135833,76.5634,10193.33,USD,2026-01-08T18:30:00
255,35,3,2026-01-08,600.390767,50.9145,30568.6,USD,2026-01-08T18:30:00
256,36,1,2026-01-08,232.524309,187.3156,43555.43,USD,2026-01-08T18:30:00
257,36,2,2026-01-08,806.610656,154.7134,124793.48,USD,2026-01-08T18:30:00
258,36,3,2026-01-08,210.634608,151.1595,31839.42,USD,2026-01-08T18:30:00
259,37,1,2026-01-08,895.168126,40.5834,36328.97,USD,2026-01-08T18:30:00
260,37,2,2026-01-08,1120.276081,215.315,241212.24,USD,2026-01-08T18:30:00
261,37,3,2026-01-08,1057.203712,184.9357,195514.71,USD,2026-01-08T18:30:00
262,38,1,2026-01-08,329.193567,213.4401,70263.11,USD,2026-01-08T18:30:00
263,38,2,2026-01-08,27.741006,242.7546,6734.26,USD,2026-01-08T18:30:00
264,38,3,2026-01-08,813.281353,157.4696,128067.09,USD,2026-01-08T18:30:00
265,39,1,2026-01-08,816.816424,221.9445,181287.91,USD,2026-01-08T18:30:00
266,39,2,2026-01-08,2.345958,112.5075,263.94,USD,2026-01-08T18:30:00
267,39,3,2026-01-08,807.719743,166.0072,134087.29,USD,2026-01-08T18:30:00
268,40,1,2026-01-08,1024.631774,87.5198,89675.57,USD,2026-01-08T18:30:00
269,40,2,2026-01-08,1013.209864,107.6502,109072.24,USD,2026-01-08T18:30:00
270,40,3,2026-01-08,146.061236,134.3909,19629.3,USD,2026-01-08T18:30:00
271,41,1,2026-01-08,594.689659,134.1417,79772.68,USD,2026-01-08T18:30:00
272,41,2,2026-01-08,52.15761,183.0929,9549.69,USD,2026-01-08T18:30:00
273,41,3,2026-01-08,56.357577,230.414,12985.57,USD,2026-01-08T18:30:00
274,42,1,2026-01-08,638.892339,85.8981,54879.64,USD,2026-01-08T18:30:00
275,42,2,2026-01-08,470.230662,90.3294,42475.65,USD,2026-01-08T18:30:00
276,42,3,2026-01-08,1056.118151,203.8415,215280.71,USD,2026-01-08T18:30:00
277,43,1,2026-01-08,1188.317574,64.1507,76231.4,USD,2026-01-08T18:30:00
278,43,2,2026-01-08,827.458758,239.8662,198479.39,USD,2026-01-08T18:30:00
279,43,3,2026-01-08,1100.394266,57.2504,62998.01,USD,2026-01-08T18:30:00
280,44,1,2026-01-08,395.06956,25.0826,9909.37,USD,2026-01-08T18:30:00
281,44,2,2026-01-08,750.353641,16.6895,12523.03,USD,2026-01-08T18:30:00
282,44,3,2026-01-08,518.338732,15.7656,8171.92,USD,2026-01-08T18:30:00
283,45,1,2026-01-08,956.665086,234.4146,224256.26,USD,2026-01-08T18:30:00
284,45,2,2026-01-08,1008.6091,69.3169,69913.66,USD,2026-01-08T18:30:00
285,45,3,2026-01-08,568.29183,240.1126,136454.03,USD,2026-01-08T18:30:00
286,46,1,2026-01-08,999.021015,207.1921,206989.26,USD,2026-01-08T18:30:00
287,46,2,2026-01-08,623.610054,66.8185,41668.69,USD,2026-01-08T18:30:00
288,46,3,2026-01-08,87.493003,153.9915,13473.18,USD,2026-01-08T18:30:00
289,47,1,2026-01-08,526.235379,32.961,17345.24,USD,2026-01-08T18:30:00
290,47,2,2026-01-08,535.747429,39.9583,21407.56,USD,2026-01-08T18:30:00
291,47,3,2026-01-08,1169.430695,230.0115,268982.51,USD,2026-01-08T18:30:00
292,48,1,2026-01-08,452.87416,223.6201,101271.76,USD,2026-01-08T18:30:00
293,48,2,2026-01-08,832.0364,197.8351,164606.0,USD,2026-01-08T18:30:00
294,48,3,2026-01-08,74.40268,202.5729,15071.97,USD,2026-01-08T18:30:00
295,49,1,2026-01-08,65.746596,156.5773,10294.42,USD,2026-01-08T18:30:00
296,49,2,2026-01-08,518.206788,34.4386,17846.32,USD,2026-01-08T18:30:00
297,49,3,2026-01-08,66.947951,22.5288,1508.26,USD,2026-01-08T18:30:00
298,50,1,2026-01-08,1019.915176,106.4039,108522.95,USD,2026-01-08T18:30:00
299,50,2,2026-01-08,740.762372,108.6659,80495.61,USD,2026-01-08T18:30:00
300,50,3,2026-01-08,1037.499293,198.994,206456.13,USD,2026-01-08T18:30:00
301,1,1,2026-01-15,748.809788,118.8187,88972.61,USD,2026-01-15T18:30:00
302,1,2,2026-01-15,557.050912,112.7454,62804.93,USD,2026-01-15T18:30:00
303,1,3,2026-01-15,744.252845,34.3067,25532.86,USD,2026-01-15T18:30:00
304,2,1,2026-01-15,781.105711,172.1863,134495.7,USD,2026-01-15T18:30:00
305,2,2,2026-01-15,31.166495,134.1311,4180.4,USD,2026-01-15T18:30:00
306,2,3,2026-01-15,705.376028,35.9216,25338.24,USD,2026-01-15T18:30:00
307,3,1,2026-01-15,14.746299,181.1919,2671.91,USD,2026-01-15T18:30:00
308,3,2,2026-01-15,711.463798,211.7871,150678.85,USD,2026-01-15T18:30:00
309,3,3,2026-01-15,1085.24399,40.2356,43665.44,USD,2026-01-15T18:30:00
310,4,1,2026-01-15,610.677608,95.2939,58193.85,USD,2026-01-15T18:30:00
311,4,2,2026-01-15,577.679164,159.0042,91853.41,USD,2026-01-15T18:30:00
312,4,3,2026-01-15,223.108088,43.0414,9602.88,USD,2026-01-15T18:30:00
313,5,1,2026-01-15,52.884946,40.6434,2149.42,USD,2026-01-15T18:30:00
314,5,2,2026-01-15,701.426754,133.1502,93395.11,USD,2026-01-15T18:30:00
315,5,3,2026-01-15,782.045976,95.8585,74965.75,USD,2026-01-15T18:30:00
316,6,1,2026-01-15,700.399106,139.8745,97967.97,USD,2026-01-15T18:30:00
317,6,2,2026-01-15,174.74962,122.6857,21439.28,USD,2026-01-15T18:30:00
318,6,3,2026-01-15,723.995388,79.8553,57814.87,USD,2026-01-15T18:30:00
319,7,1,2026-01-15,1164.32527,134.2433,156302.87,USD,2026-01-15T18:30:00
320,7,2,2026-01-15,789.212167,44.7041,35281.02,USD,2026-01-15T18:30:00
321,7,3,2026-01-15,284.864827,206.6041,58854.24,USD,2026-01-15T18:30:00
322,8,1,2026-01-15,671.339901,23.1057,15511.78,USD,2026-01-15T18:30:00
323,8,2,2026-01-15,412.579324,244.3626,100818.96,USD,2026-01-15T18:30:00
324,8,3,2026-01-15,768.665751,58.3027,44815.29,USD,2026-01-15T18:30:00
325,9,1,2026-01-15,82.084531,55.4453,4551.2,USD,2026-01-15T18:30:00
326,9,2,2026-01-15,570.870072,176.0418,100497.0,USD,2026-01-15T18:30:00
327,9,3,2026-01-15,560.882866,176.1793,98815.95,USD,2026-01-15T18:30:00
328,10,1,2026-01-15,1022.410419,145.8633,149132.16,USD,2026-01-15T18:30:00
329,10,2,2026-01-15,402.792581,81.9116,32993.38,USD,2026-01-15T18:30:00
330,10,3,2026-01-15,394.342859,35.1635,13866.48,USD,2026-01-15T18:30:00
331,11,1,2026-01-15,1051.326574,228.5303,240259.98,USD,2026-01-15T18:30:00
332,11,2,2026-01-15,595.116808,230.7889,137346.35,USD,2026-01-15T18:30:00
333,11,3,2026-01-15,766.52046,176.3729,135193.44,USD,2026-01-15T18:30:00
334,12,1,2026-01-15,559.844109,61.1532,34236.26,USD,2026-01-15T18:30:00
335,12,2,2026-01-15,576.895449,194.4036,112150.55,USD,2026-01-15T18:30:00
336,12,3,2026-01-15,977.583203,203.7451,199177.79,USD,2026-01-15T18:30:00
337,13,1,2026-01-15,451.094164,106.075,47849.81,USD,2026-01-15T18:30:00
338,13,2,2026-01-15,991.301188,11.6141,11513.07,USD,2026-01-15T18:30:00
339,13,3,2026-01-15,11.87051,95.8928,1138.3,USD,2026-01-15T18:30:00
340,14,1,2026-01-15,665.629927,44.1765,29405.2,USD,2026-01-15T18:30:00
341,14,2,2026-01-15,528.489743,161.5203,85361.82,USD,2026-01-15T18:30:00
342,14,3,2026-01-15,1095.250518,96.3782,105558.27,USD,2026-01-15T18:30:00
343,15,1,2026-01-15,1170.37113,57.7895,67635.16,USD,2026-01-15T18:30:00
344,15,2,2026-01-15,340.921061,62.5468,21323.52,USD,2026-01-15T18:30:00
345,15,3,2026-01-15,314.398623,51.8283,16294.75,USD,2026-01-15T18:30:00
346,16,1,2026-01-15,1017.041021,69.0314,70207.77,USD,2026-01-15T18:30:00
347,16,2,2026-01-15,235.185072,52.2586,12290.44,USD,2026-01-15T18:30:00
348,16,3,2026-01-15,314.146327,34.2857,10770.73,USD,2026-01-15T18:30:00
349,17,1,2026-01-15,997.734884,42.9384,42841.14,USD,2026-01-15T18:30:00
350,17,2,2026-01-15,785.843037,222.4028,174773.69,USD,2026-01-15T18:30:00
351,17,3,2026-01-15,406.059935,60.457,24549.17,USD,2026-01-15T18:30:00
352,18,1,2026-01-15,547.444414,98.7138,54040.32,USD,2026-01-15T18:30:00
353,18,2,2026-01-15,446.82031,51.1264,22844.31,USD,2026-01-15T18:30:00
354,18,3,2026-01-15,632.312089,201.7655,127578.76,USD,2026-01-15T18:30:00
355,19,1,2026-01-15,747.84454,114.0923,85323.3,USD,2026-01-15T18:30:00
356,19,2,2026-01-15,853.130571,38.4384,32792.97,USD,2026-01-15T18:30:00
357,19,3,2026-01-15,1059.267747,41.3907,43843.83,USD,2026-01-15T18:30:00
358,20,1,2026-01-15,227.569352,137.8131,31362.04,USD,2026-01-15T18:30:00
359,20,2,2026-01-15,833.224675,86.3084,71914.29,USD,2026-01-15T18:30:00
360,20,3,2026-01-15,515.448198,162.6743,83850.17,USD,2026-01-15T18:30:00
361,21,1,2026-01-15,1105.216313,193.1398,213461.26,USD,2026-01-15T18:30:00
362,21,2,2026-01-15,704.791047,215.0645,151575.53,USD,2026-01-15T18:30:00
363,21,3,2026-01-15,353.019295,45.6561,16117.48,USD,2026-01-15T18:30:00
364,22,1,2026-01-15,296.605978,161.0702,47774.38,USD,2026-01-15T18:30:00
365,22,2,2026-01-15,336.087968,40.35,13561.15,USD,2026-01-15T18:30:00
366,22,3,2026-01-15,609.923377,150.1797,91598.11,USD,2026-01-15T18:30:00
367,23,1,2026-01-15,586.788763,184.5517,108292.86,USD,2026-01-15T18:30:00
368,23,2,2026-01-15,941.598268,199.8393,188168.34,USD,2026-01-15T18:30:00
369,23,3,2026-01-15,737.863738,50.184,37028.95,USD,2026-01-15T18:30:00
370,24,1,2026-01-15,465.739013,221.7813,103292.2,USD,2026-01-15T18:30:00
371,24,2,2026-01-15,901.363523,99.8239,89977.62,USD,2026-01-15T18:30:00
372,24,3,2026-01-15,622.670839,52.9596,32976.4,USD,2026-01-15T18:30:00
373,25,1,2026-01-15,854.984248,136.1142,116375.5,USD,2026-01-15T18:30:00
374,25,2,2026-01-15,579.956466,239.3805,138830.27,USD,2026-01-15T18:30:00
375,25,3,2026-01-15,568.509787,149.4848,84983.57,USD,2026-01-15T18:30:00
376,26,1,2026-01-15,765.726721,199.7499,152953.84,USD,2026-01-15T18:30:00
377,26,2,2026-01-15,779.684714,59.7279,46568.93,USD,2026-01-15T18:30:00
378,26,3,2026-01-15,1073.86155,118.4992,127251.73,USD,2026-01-15T18:30:00
379,27,1,2026-01-15,281.26151,62.4625,17568.3,USD,2026-01-15T18:30:00
380,27,2,2026-01-15,510.027425,100.4999,51257.71,USD,2026-01-15T18:30:00
381,27,3,2026-01-15,188.651204,212.1836,40028.69,USD,2026-01-15T18:30:00
382,28,1,2026-01-15,305.43509,30.3421,9267.54,USD,2026-01-15T18:30:00
383,28,2,2026-01-15,901.947302,80.8115,72887.71,USD,2026-01-15T18:30:00
384,28,3,2026-01-15,622.584865,65.2426,40619.06,USD,2026-01-15T18:30:00
385,29,1,2026-01-15,49.371506,132.9429,6563.59,USD,2026-01-15T18:30:00
386,29,2,2026-01-15,403.648777,118.2763,47742.08,USD,2026-01-15T18:30:00
387,29,3,2026-01-15,519.006795,98.2029,50967.97,USD,2026-01-15T18:30:00
388,30,1,2026-01-15,597.051674,75.5247,45092.15,USD,2026-01-15T18:30:00
389,30,2,2026-01-15,29.661836,116.0052,3440.93,USD,2026-01-15T18:30:00
390,30,3,2026-01-15,318.749854,28.2132,8992.95,USD,2026-01-15T18:30:00
391,31,1,2026-01-15,1081.771017,80.6843,87281.94,USD,2026-01-15T18:30:00
392,31,2,2026-01-15,602.117904,141.1965,85016.94,USD,2026-01-15T18:30:00
393,31,3,2026-01-15,93.790812,76.342,7160.18,USD,2026-01-15T18:30:00
394,32,1,2026-01-15,273.289911,38.4611,10511.03,USD,2026-01-15T18:30:00
395,32,2,2026-01-15,432.284269,141.0463,60972.1,USD,2026-01-15T18:30:00
396,32,3,2026-01-15,400.50941,172.0258,68897.95,USD,2026-01-15T18:30:00
397,33,1,2026-01-15,300.028372,188.8507,56660.57,USD,2026-01-15T18:30:00
398,33,2,2026-01-15,922.179425,212.9076,196339.01,USD,2026-01-15T18:30:00
399,33,3,2026-01-15,228.770924,154.9682,35452.22,USD,2026-01-15T18:30:00
400,34,1,2026-01-15,165.438151,215.1998,35602.26,USD,2026-01-15T18:30:00
401,34,2,2026-01-15,859.422431,140.3502,120620.11,USD,2026-01-15T18:30:00
402,34,3,2026-01-15,313.362533,194.8183,61048.76,USD,2026-01-15T18:30:00
403,35,1,2026-01-15,338.214324,93.1918,31518.8,USD,2026-01-15T18:30:00
404,35,2,2026-01-15,1196.210802,236.9956,283496.7,USD,2026-01-15T18:30:00
405,35,3,2026-01-15,986.233579,191.8735,189232.09,USD,2026-01-15T18:30:00
406,36,1,2026-01-15,14.268864,166.9818,2382.64,USD,2026-01-15T18:30:00
407,36,2,2026-01-15,1187.129552,238.3573,282960.99,USD,2026-01-15T18:30:00
408,36,3,2026-01-15,1038.559345,64.6188,67110.46,USD,2026-01-15T18:30:00
409,37,1,2026-01-15,868.003068,60.37,52401.35,USD,2026-01-15T18:30:00
410,37,2,2026-01-15,280.467828,150.8809,42317.24,USD,2026-01-15T18:30:00
411,37,3,2026-01-15,663.138304,122.4972,81232.59,USD,2026-01-15T18:30:00
412,38,1,2026-01-15,977.277253,91.7583,89673.3,USD,2026-01-15T18:30:00
413,38,2,2026-01-15,103.051027,212.9924,21949.09,USD,2026-01-15T18:30:00
414,38,3,2026-01-15,514.551569,236.0631,121466.64,USD,2026-01-15T18:30:00
415,39,1,2026-01-15,501.225438,115.2834,57782.97,USD,2026-01-15T18:30:00
416,39,2,2026-01-15,1023.53295,17.225,17630.36,USD,2026-01-15T18:30:00
417,39,3,2026-01-15,166.740271,219.7001,36632.85,USD,2026-01-15T18:30:00
418,40,1,2026-01-15,366.686323,187.0732,68597.18,USD,2026-01-15T18:30:00
419,40,2,2026-01-15,599.760254,168.1236,100833.85,USD,2026-01-15T18:30:00
420,40,3,2026-01-15,425.594932,64.1178,27288.21,USD,2026-01-15T18:30:00
421,41,1,2026-01-15,510.863218,190.6303,97386.01,USD,2026-01-15T18:30:00
422,41,2,2026-01-15,915.409897,175.7245,160859.95,USD,2026-01-15T18:30:00
423,41,3,2026-01-15,359.56465,150.8692,54247.23,USD,2026-01-15T18:30:00
424,42,1,2026-01-15,681.092913,17.7302,12075.91,USD,2026-01-15T18:30:00
425,42,2,2026-01-15,166.961683,244.5384,40828.54,USD,2026-01-15T18:30:00
426,42,3,2026-01-15,1193.108845,146.3658,174630.33,USD,2026-01-15T18:30:00
427,43,1,2026-01-15,958.974933,229.3005,219893.43,USD,2026-01-15T18:30:00
428,43,2,2026-01-15,688.654481,103.8126,71491.01,USD,2026-01-15T18:30:00
429,43,3,2026-01-15,457.582276,237.6862,108760.99,USD,2026-01-15T18:30:00
430,44,1,2026-01-15,76.451098,102.7441,7854.9,USD,2026-01-15T18:30:00
431,44,2,2026-01-15,569.733186,88.9219,50661.76,USD,2026-01-15T18:30:00
432,44,3,2026-01-15,1154.325775,163.3608,188571.58,USD,2026-01-15T18:30:00
433,45,1,2026-01-15,365.574557,51.1417,18696.1,USD,2026-01-15T18:30:00
434,45,2,2026-01-15,809.862645,52.6327,42625.26,USD,2026-01-15T18:30:00
435,45,3,2026-01-15,991.769794,154.8073,153533.2,USD,2026-01-15T18:30:00
436,46,1,2026-01-15,32.206206,57.7597,1860.22,USD,2026-01-15T18:30:00
437,46,2,2026-01-15,1093.614372,102.6146,112220.8,USD,2026-01-15T18:30:00
438,46,3,2026-01-15,247.070756,79.8653,19732.38,USD,2026-01-15T18:30:00
439,47,1,2026-01-15,629.274837,119.1193,74958.78,USD,2026-01-15T18:30:00
440,47,2,2026-01-15,442.382719,12.6513,5596.72,USD,2026-01-15T18:30:00
441,47,3,2026-01-15,392.126484,228.355,89544.04,USD,2026-01-15T18:30:00
442,48,1,2026-01-15,469.326328,247.5028,116159.58,USD,2026-01-15T18:30:00
443,48,2,2026-01-15,154.965203,110.4192,17111.13,USD,2026-01-15T18:30:00
444,48,3,2026-01-15,891.771305,103.3583,92171.97,USD,2026-01-15T18:30:00
445,49,1,2026-01-15,1084.305005,59.5551,64575.89,USD,2026-01-15T18:30:00
446,49,2,2026-01-15,1044.538881,84.3417,88098.18,USD,2026-01-15T18:30:00
447,49,3,2026-01-15,981.475324,169.5502,166409.34,USD,2026-01-15T18:30:00
448,50,1,2026-01-15,190.5375,148.0219,28203.72,USD,2026-01-15T18:30:00
449,50,2,2026-01-15,372.376483,58.7135,21863.53,USD,2026-01-15T18:30:00
450,50,3,2026-01-15,860.126457,120.1495,103343.76,USD,2026-01-15T18:30:00
451,1,1,2026-01-22,242.043275,247.8604,59992.94,USD,2026-01-22T18:30:00
452,1,2,2026-01-22,534.877897,207.8998,111201.01,USD,2026-01-22T18:30:00
453,1,3,2026-01-22,725.818319,69.2416,50256.82,USD,2026-01-22T18:30:00
454,2,1,2026-01-22,394.669755,146.615,57864.51,USD,2026-01-22T18:30:00
455,2,2,2026-01-22,589.150352,121.0469,71314.82,USD,2026-01-22T18:30:00
456,2,3,2026-01-22,46.901748,31.8646,1494.51,USD,2026-01-22T18:30:00
457,3,1,2026-01-22,775.558965,230.535,178793.49,USD,2026-01-22T18:30:00
458,3,2,2026-01-22,416.138208,212.2335,88318.47,USD,2026-01-22T18:30:00
459,3,3,2026-01-22,950.816142,103.8617,98753.38,USD,2026-01-22T18:30:00
460,4,1,2026-01-22,988.115527,213.9625,211419.67,USD,2026-01-22T18:30:00
461,4,2,2026-01-22,498.06331,53.0987,26446.51,USD,2026-01-22T18:30:00
462,4,3,2026-01-22,741.28382,113.6984,84282.78,USD,2026-01-22T18:30:00
463,5,1,2026-01-22,461.597996,168.1792,77631.18,USD,2026-01-22T18:30:00
464,5,2,2026-01-22,838.226443,32.9282,27601.29,USD,2026-01-22T18:30:00
465,5,3,2026-01-22,838.373708,20.4795,17169.47,USD,2026-01-22T18:30:00
466,6,1,2026-01-22,1062.650182,47.9037,50904.88,USD,2026-01-22T18:30:00
467,6,2,2026-01-22,1059.066999,139.057,147270.68,USD,2026-01-22T18:30:00
468,6,3,2026-01-22,799.988329,26.0185,20814.5,USD,2026-01-22T18:30:00
469,7,1,2026-01-22,871.845305,226.5363,197504.61,USD,2026-01-22T18:30:00
470,7,2,2026-01-22,1090.483765,108.7068,118543.0,USD,2026-01-22T18:30:00
471,7,3,2026-01-22,914.232959,39.0953,35742.21,USD,2026-01-22T18:30:00
472,8,1,2026-01-22,442.478479,191.2952,84644.01,USD,2026-01-22T18:30:00
473,8,2,2026-01-22,605.273811,197.0826,119288.94,USD,2026-01-22T18:30:00
474,8,3,2026-01-22,492.115281,49.5614,24389.92,USD,2026-01-22T18:30:00
475,9,1,2026-01-22,248.846515,20.7124,5154.21,USD,2026-01-22T18:30:00
476,9,2,2026-01-22,32.061455,163.328,5236.53,USD,2026-01-22T18:30:00
477,9,3,2026-01-22,810.74648,120.857,97984.39,USD,2026-01-22T18:30:00
478,10,1,2026-01-22,412.389258,105.842,43648.1,USD,2026-01-22T18:30:00
479,10,2,2026-01-22,233.284301,19.0659,4447.78,USD,2026-01-22T18:30:00
480,10,3,2026-01-22,300.72688,180.1839,54186.14,USD,2026-01-22T18:30:00
481,11,1,2026-01-22,163.776687,170.8709,27984.67,USD,2026-01-22T18:30:00
482,11,2,2026-01-22,557.094656,120.7257,67255.64,USD,2026-01-22T18:30:00
483,11,3,2026-01-22,99.058356,167.6854,16610.64,USD,2026-01-22T18:30:00
484,12,1,2026-01-22,856.297847,115.0537,98520.24,USD,2026-01-22T18:30:00
485,12,2,2026-01-22,564.945279,76.9941,43497.45,USD,2026-01-22T18:30:00
486,12,3,2026-01-22,193.639837,211.239,40904.29,USD,2026-01-22T18:30:00
487,13,1,2026-01-22,728.386269,52.5368,38267.08,USD,2026-01-22T18:30:00
488,13,2,2026-01-22,148.981659,187.9472,28000.69,USD,2026-01-22T18:30:00
489,13,3,2026-01-22,202.144048,171.1341,34593.74,USD,2026-01-22T18:30:00
490,14,1,2026-01-22,13.452742,75.5805,1016.76,USD,2026-01-22T18:30:00
491,14,2,2026-01-22,528.789589,52.7057,27870.23,USD,2026-01-22T18:30:00
492,14,3,2026-01-22,857.294727,224.245,192244.06,USD,2026-01-22T18:30:00
493,15,1,2026-01-22,638.758566,116.094,74156.04,USD,2026-01-22T18:30:00
494,15,2,2026-01-22,57.307227,162.3497,9303.81,USD,2026-01-22T18:30:00
495,15,3,2026-01-22,627.449357,169.0096,106044.96,USD,2026-01-22T18:30:00
496,16,1,2026-01-22,792.048489,34.6704,27460.64,USD,2026-01-22T18:30:00
497,16,2,2026-01-22,828.416055,116.5568,96557.52,USD,2026-01-22T18:30:00
498,16,3,2026-01-22,717.84642,21.6795,15562.55,USD,2026-01-22T18:30:00
499,17,1,2026-01-22,452.874638,58.4171,26455.62,USD,2026-01-22T18:30:00
500,17,2,2026-01-22,299.639738,228.1015,68348.27,USD,2026-01-22T18:30:00
501,17,3,2026-01-22,239.982829,13.8492,3323.57,USD,2026-01-22T18:30:00
502,18,1,2026-01-22,33.533004,13.4944,452.51,USD,2026-01-22T18:30:00
503,18,2,2026-01-22,984.631859,173.1903,170528.69,USD,2026-01-22T18:30:00
504,18,3,2026-01-22,75.805782,240.0989,18200.88,USD,2026-01-22T18:30:00
505,19,1,2026-01-22,115.923847,210.4924,24401.09,USD,2026-01-22T18:30:00
506,19,2,2026-01-22,796.930505,183.7628,146446.18,USD,2026-01-22T18:30:00
507,19,3,2026-01-22,52.815015,133.0,7024.4,USD,2026-01-22T18:30:00
508,20,1,2026-01-22,978.749204,87.4431,85584.86,USD,2026-01-22T18:30:00
509,20,2,2026-01-22,752.143721,159.9216,120284.03,USD,2026-01-22T18:30:00
510,20,3,2026-01-22,1121.192842,104.8153,117518.16,USD,2026-01-22T18:30:00
511,21,1,2026-01-22,513.456355,65.778,33774.13,USD,2026-01-22T18:30:00
512,21,2,2026-01-22,127.062378,87.6083,11131.72,USD,2026-01-22T18:30:00
513,21,3,2026-01-22,17.993487,166.9583,3004.16,USD,2026-01-22T18:30:00
514,22,1,2026-01-22,14.377654,61.0643,877.96,USD,2026-01-22T18:30:00
515,22,2,2026-01-22,264.115432,167.9108,44347.83,USD,2026-01-22T18:30:00
516,22,3,2026-01-22,334.149149,159.7383,53376.42,USD,2026-01-22T18:30:00
517,23,1,2026-01-22,52.726731,222.5104,11732.25,USD,2026-01-22T18:30:00
518,23,2,2026-01-22,493.316203,194.2108,95807.33,USD,2026-01-22T18:30:00
519,23,3,2026-01-22,599.49123,247.7138,148502.25,USD,2026-01-22T18:30:00
520,24,1,2026-01-22,855.03733,199.9023,170923.93,USD,2026-01-22T18:30:00
521,24,2,2026-01-22,1106.668691,146.6092,162247.81,USD,2026-01-22T18:30:00
522,24,3,2026-01-22,302.328184,32.7387,9897.83,USD,2026-01-22T18:30:00
523,25,1,2026-01-22,389.225149,161.4097,62824.71,USD,2026-01-22T18:30:00
524,25,2,2026-01-22,466.278529,231.8928,108126.63,USD,2026-01-22T18:30:00
525,25,3,2026-01-22,925.687692,41.9035,38789.55,USD,2026-01-22T18:30:00
526,26,1,2026-01-22,210.397255,192.8119,40567.09,USD,2026-01-22T18:30:00
527,26,2,2026-01-22,825.150117,244.7252,201935.03,USD,2026-01-22T18:30:00
528,26,3,2026-01-22,799.644707,26.2032,20953.25,USD,2026-01-22T18:30:00
529,27,1,2026-01-22,21.178558,228.9048,4847.87,USD,2026-01-22T18:30:00
530,27,2,2026-01-22,538.693878,132.6463,71455.75,USD,2026-01-22T18:30:00
531,27,3,2026-01-22,890.176707,130.8208,116453.63,USD,2026-01-22T18:30:00
532,28,1,2026-01-22,845.554957,13.19,11152.87,USD,2026-01-22T18:30:00
533,28,2,2026-01-22,25.456056,192.1458,4891.27,USD,2026-01-22T18:30:00
534,28,3,2026-01-22,148.867395,66.7351,9934.68,USD,2026-01-22T18:30:00
535,29,1,2026-01-22,514.197446,68.451,35197.33,USD,2026-01-22T18:30:00
536,29,2,2026-01-22,95.267568,43.0133,4097.77,USD,2026-01-22T18:30:00
537,29,3,2026-01-22,598.471778,58.4828,35000.31,USD,2026-01-22T18:30:00
538,30,1,2026-01-22,450.897532,164.0893,73987.46,USD,2026-01-22T18:30:00
539,30,2,2026-01-22,285.676762,184.074,52585.66,USD,2026-01-22T18:30:00
540,30,3,2026-01-22,1186.261653,116.4943,138192.72,USD,2026-01-22T18:30:00
541,31,1,2026-01-22,1052.798289,42.2241,44453.46,USD,2026-01-22T18:30:00
542,31,2,2026-01-22,381.046393,198.873,75779.84,USD,2026-01-22T18:30:00
543,31,3,2026-01-22,47.528972,200.0271,9507.08,USD,2026-01-22T18:30:00
544,32,1,2026-01-22,497.872081,205.0505,102088.92,USD,2026-01-22T18:30:00
545,32,2,2026-01-22,900.661093,64.9624,58509.11,USD,2026-01-22T18:30:00
546,32,3,2026-01-22,879.447755,92.2548,81133.28,USD,2026-01-22T18:30:00
547,33,1,2026-01-22,246.980922,22.9778,5675.08,USD,2026-01-22T18:30:00
548,33,2,2026-01-22,1101.21381,247.2103,272231.4,USD,2026-01-22T18:30:00
549,33,3,2026-01-22,961.742169,177.1067,170330.98,USD,2026-01-22T18:30:00
550,34,1,2026-01-22,266.932865,219.4494,58578.26,USD,2026-01-22T18:30:00
551,34,2,2026-01-22,625.766313,54.0509,33823.23,USD,2026-01-22T18:30:00
552,34,3,2026-01-22,755.739015,25.5081,19277.47,USD,2026-01-22T18:30:00
553,35,1,2026-01-22,589.970747,238.8787,140931.45,USD,2026-01-22T18:30:00
554,35,2,2026-01-22,62.528234,248.083,15512.19,USD,2026-01-22T18:30:00
555,35,3,2026-01-22,1125.929432,40.1346,45188.73,USD,2026-01-22T18:30:00
556,36,1,2026-01-22,208.41099,141.7233,29536.69,USD,2026-01-22T18:30:00
557,36,2,2026-01-22,954.279711,59.0496,56349.84,USD,2026-01-22T18:30:00
558,36,3,2026-01-22,608.909459,112.2976,68379.07,USD,2026-01-22T18:30:00
559,37,1,2026-01-22,560.489097,49.3981,27687.1,USD,2026-01-22T18:30:00
560,37,2,2026-01-22,237.043514,111.764,26492.93,USD,2026-01-22T18:30:00
561,37,3,2026-01-22,727.021482,82.7442,60156.81,USD,2026-01-22T18:30:00
562,38,1,2026-01-22,691.706197,242.2542,167568.73,USD,2026-01-22T18:30:00
563,38,2,2026-01-22,241.681206,216.9821,52440.5,USD,2026-01-22T18:30:00
564,38,3,2026-01-22,577.404848,238.2432,137562.78,USD,2026-01-22T18:30:00
565,39,1,2026-01-22,431.498322,100.6522,43431.26,USD,2026-01-22T18:30:00
566,39,2,2026-01-22,564.856182,111.4473,62951.7,USD,2026-01-22T18:30:00
567,39,3,2026-01-22,731.273065,114.0233,83382.17,USD,2026-01-22T18:30:00
568,40,1,2026-01-22,187.054162,238.9018,44687.58,USD,2026-01-22T18:30:00
569,40,2,2026-01-22,578.400868,192.863,111552.13,USD,2026-01-22T18:30:00
570,40,3,2026-01-22,512.876745,29.9759,15373.94,USD,2026-01-22T18:30:00
571,41,1,2026-01-22,1087.748443,82.0556,89255.85,USD,2026-01-22T18:30:00
572,41,2,2026-01-22,644.637217,142.6845,91979.74,USD,2026-01-22T18:30:00
573,41,3,2026-01-22,210.839181,101.3081,21359.72,USD,2026-01-22T18:30:00
574,42,1,2026-01-22,367.01674,77.9742,28617.84,USD,2026-01-22T18:30:00
575,42,2,2026-01-22,674.570521,125.4026,84592.9,USD,2026-01-22T18:30:00
576,42,3,2026-01-22,399.880968,181.5672,72605.27,USD,2026-01-22T18:30:00
577,43,1,2026-01-22,234.858899,229.8717,53987.41,USD,2026-01-22T18:30:00
578,43,2,2026-01-22,5.016661,216.7972,1087.6,USD,2026-01-22T18:30:00
579,43,3,2026-01-22,876.44237,99.8219,87488.14,USD,2026-01-22T18:30:00
580,44,1,2026-01-22,485.466313,109.7968,53302.65,USD,2026-01-22T18:30:00
581,44,2,2026-01-22,473.579639,188.1266,89092.93,USD,2026-01-22T18:30:00
582,44,3,2026-01-22,460.844909,83.8746,38653.18,USD,2026-01-22T18:30:00
583,45,1,2026-01-22,1185.026475,27.0962,32109.71,USD,2026-01-22T18:30:00
584,45,2,2026-01-22,1061.999497,248.1934,263581.27,USD,2026-01-22T18:30:00
585,45,3,2026-01-22,149.37301,233.7111,34910.13,USD,2026-01-22T18:30:00
586,46,1,2026-01-22,194.83486,193.1082,37624.21,USD,2026-01-22T18:30:00
587,46,2,2026-01-22,1148.516252,195.1049,224081.15,USD,2026-01-22T18:30:00
588,46,3,2026-01-22,901.892886,93.6589,84470.3,USD,2026-01-22T18:30:00
589,47,1,2026-01-22,850.954159,162.3951,138190.79,USD,2026-01-22T18:30:00
590,47,2,2026-01-22,441.816649,23.8491,10536.93,USD,2026-01-22T18:30:00
591,47,3,2026-01-22,462.399789,111.7697,51682.29,USD,2026-01-22T18:30:00
592,48,1,2026-01-22,296.150174,124.6541,36916.33,USD,2026-01-22T18:30:00
593,48,2,2026-01-22,1105.762257,96.7394,106970.78,USD,2026-01-22T18:30:00
594,48,3,2026-01-22,847.870746,16.7815,14228.54,USD,2026-01-22T18:30:00
595,49,1,2026-01-22,798.810765,45.4922,36339.66,USD,2026-01-22T18:30:00
596,49,2,2026-01-22,726.522763,236.6237,171912.5,USD,2026-01-22T18:30:00
597,49,3,2026-01-22,176.840868,69.3796,12269.15,USD,2026-01-22T18:30:00
598,50,1,2026-01-22,694.010156,169.0251,117305.14,USD,2026-01-22T18:30:00
599,50,2,2026-01-22,193.712899,38.0154,7364.07,USD,2026-01-22T18:30:00
600,50,3,2026-01-22,110.766968,180.7863,20025.15,USD,2026-01-22T18:30:00
601,1,1,2026-01-29,461.217279,179.4567,82768.53,USD,2026-01-29T18:30:00
602,1,2,2026-01-29,1168.974709,29.2836,34231.79,USD,2026-01-29T18:30:00
603,1,3,2026-01-29,1091.938977,220.2415,240490.28,USD,2026-01-29T18:30:00
604,2,1,2026-01-29,198.988329,112.4492,22376.08,USD,2026-01-29T18:30:00
605,2,2,2026-01-29,830.204159,130.1552,108055.39,USD,2026-01-29T18:30:00
606,2,3,2026-01-29,639.841574,222.7962,142554.27,USD,2026-01-29T18:30:00
607,3,1,2026-01-29,703.295725,186.144,130914.28,USD,2026-01-29T18:30:00
608,3,2,2026-01-29,902.954702,231.8369,209338.22,USD,2026-01-29T18:30:00
609,3,3,2026-01-29,1043.30155,36.2258,37794.43,USD,2026-01-29T18:30:00
610,4,1,2026-01-29,687.134034,201.4081,138394.36,USD,2026-01-29T18:30:00
611,4,2,2026-01-29,977.073626,74.5651,72855.59,USD,2026-01-29T18:30:00
612,4,3,2026-01-29,251.430666,189.5897,47668.66,USD,2026-01-29T18:30:00
613,5,1,2026-01-29,838.810795,11.5409,9680.63,USD,2026-01-29T18:30:00
614,5,2,2026-01-29,202.07843,128.0136,25868.79,USD,2026-01-29T18:30:00
615,5,3,2026-01-29,116.244794,195.6985,22748.93,USD,2026-01-29T18:30:00
616,6,1,2026-01-29,501.407527,110.0422,55175.99,USD,2026-01-29T18:30:00
617,6,2,2026-01-29,346.008313,113.4279,39247.0,USD,2026-01-29T18:30:00
618,6,3,2026-01-29,211.681557,54.736,11586.6,USD,2026-01-29T18:30:00
619,7,1,2026-01-29,161.198475,126.7531,20432.41,USD,2026-01-29T18:30:00
620,7,2,2026-01-29,603.136503,36.4572,21988.67,USD,2026-01-29T18:30:00
621,7,3,2026-01-29,680.510561,61.0176,41523.12,USD,2026-01-29T18:30:00
622,8,1,2026-01-29,241.129017,189.9798,45809.64,USD,2026-01-29T18:30:00
623,8,2,2026-01-29,971.014351,56.0524,54427.68,USD,2026-01-29T18:30:00
624,8,3,2026-01-29,1179.53655,219.1877,258539.9,USD,2026-01-29T18:30:00
625,9,1,2026-01-29,528.87654,229.1131,121172.54,USD,2026-01-29T18:30:00
626,9,2,2026-01-29,131.034537,162.7441,21325.1,USD,2026-01-29T18:30:00
627,9,3,2026-01-29,95.771762,30.5697,2927.71,USD,2026-01-29T18:30:00
628,10,1,2026-01-29,149.617895,25.423,3803.74,USD,2026-01-29T18:30:00
629,10,2,2026-01-29,35.599982,66.3472,2361.96,USD,2026-01-29T18:30:00
630,10,3,2026-01-29,582.233223,192.5281,112096.26,USD,2026-01-29T18:30:00
631,11,1,2026-01-29,11.407891,73.8594,842.58,USD,2026-01-29T18:30:00
632,11,2,2026-01-29,1146.25648,169.6773,194493.7,USD,2026-01-29T18:30:00
633,11,3,2026-01-29,947.048601,20.0462,18984.73,USD,2026-01-29T18:30:00
634,12,1,2026-01-29,253.28203,200.0288,50663.7,USD,2026-01-29T18:30:00
635,12,2,2026-01-29,450.798964,134.8178,60775.72,USD,2026-01-29T18:30:00
636,12,3,2026-01-29,1154.469455,73.8006,85200.54,USD,2026-01-29T18:30:00
637,13,1,2026-01-29,583.111386,191.6588,111758.43,USD,2026-01-29T18:30:00
638,13,2,2026-01-29,725.245861,90.772,65832.02,USD,2026-01-29T18:30:00
639,13,3,2026-01-29,818.231999,92.3386,75554.4,USD,2026-01-29T18:30:00
640,14,1,2026-01-29,378.268565,67.5033,25534.38,USD,2026-01-29T18:30:00
641,14,2,2026-01-29,433.452752,105.6331,45786.96,USD,2026-01-29T18:30:00
642,14,3,2026-01-29,732.97087,244.0732,178898.55,USD,2026-01-29T18:30:00
643,15,1,2026-01-29,1047.692919,203.5048,213210.54,USD,2026-01-29T18:30:00
644,15,2,2026-01-29,3.701596,218.93,810.39,USD,2026-01-29T18:30:00
645,15,3,2026-01-29,482.170028,210.5011,101497.32,USD,2026-01-29T18:30:00
646,16,1,2026-01-29,1110.04454,16.1633,17941.98,USD,2026-01-29T18:30:00
647,16,2,2026-01-29,147.473447,137.351,20255.63,USD,2026-01-29T18:30:00
648,16,3,2026-01-29,1141.274327,190.3455,217236.43,USD,2026-01-29T18:30:00
649,17,1,2026-01-29,298.245168,118.4603,35330.21,USD,2026-01-29T18:30:00
650,17,2,2026-01-29,823.421875,218.7647,180135.64,USD,2026-01-29T18:30:00
651,17,3,2026-01-29,617.896802,168.4548,104087.68,USD,2026-01-29T18:30:00
652,18,1,2026-01-29,3.754932,163.1376,612.57,USD,2026-01-29T18:30:00
653,18,2,2026-01-29,1130.325247,87.3241,98704.63,USD,2026-01-29T18:30:00
654,18,3,2026-01-29,760.532761,219.6243,167031.48,USD,2026-01-29T18:30:00
655,19,1,2026-01-29,1163.517092,186.5951,217106.59,USD,2026-01-29T18:30:00
656,19,2,2026-01-29,813.515304,66.0541,53736.02,USD,2026-01-29T18:30:00
657,19,3,2026-01-29,581.443373,187.4091,108967.78,USD,2026-01-29T18:30:00
658,20,1,2026-01-29,952.752454,93.6001,89177.72,USD,2026-01-29T18:30:00
659,20,2,2026-01-29,1126.901703,235.9546,265897.64,USD,2026-01-29T18:30:00
660,20,3,2026-01-29,571.346301,168.0014,95986.98,USD,2026-01-29T18:30:00
661,21,1,2026-01-29,839.39968,34.1094,28631.42,USD,2026-01-29T18:30:00
662,21,2,2026-01-29,461.830252,155.7217,71916.99,USD,2026-01-29T18:30:00
663,21,3,2026-01-29,854.330368,218.7661,186898.52,USD,2026-01-29T18:30:00
664,22,1,2026-01-29,1051.480808,198.3669,208578.99,USD,2026-01-29T18:30:00
665,22,2,2026-01-29,859.998755,17.619,15152.32,USD,2026-01-29T18:30:00
666,22,3,2026-01-29,597.510068,30.9016,18464.02,USD,2026-01-29T18:30:00
667,23,1,2026-01-29,998.824933,249.1131,248820.38,USD,2026-01-29T18:30:00
668,23,2,2026-01-29,1184.66353,122.0327,144567.69,USD,2026-01-29T18:30:00
669,23,3,2026-01-29,1075.690291,239.2123,257318.35,USD,2026-01-29T18:30:00
670,24,1,2026-01-29,578.602254,139.7603,80865.62,USD,2026-01-29T18:30:00
671,24,2,2026-01-29,292.027198,50.9039,14865.32,USD,2026-01-29T18:30:00
672,24,3,2026-01-29,1133.051854,177.9782,201658.53,USD,2026-01-29T18:30:00
673,25,1,2026-01-29,126.563613,248.4068,31439.26,USD,2026-01-29T18:30:00
674,25,2,2026-01-29,35.066138,232.9608,8169.04,USD,2026-01-29T18:30:00
675,25,3,2026-01-29,391.800954,102.0376,39978.43,USD,2026-01-29T18:30:00
676,26,1,2026-01-29,336.429416,182.602,61432.68,USD,2026-01-29T18:30:00
677,26,2,2026-01-29,799.119217,238.3609,190478.78,USD,2026-01-29T18:30:00
678,26,3,2026-01-29,804.721526,169.7143,136572.75,USD,2026-01-29T18:30:00
679,27,1,2026-01-29,1107.283424,162.0516,179437.05,USD,2026-01-29T18:30:00
680,27,2,2026-01-29,590.350539,200.9297,118618.96,USD,2026-01-29T18:30:00
681,27,3,2026-01-29,399.361341,63.7135,25444.71,USD,2026-01-29T18:30:00
682,28,1,2026-01-29,691.166503,231.7234,160159.45,USD,2026-01-29T18:30:00
683,28,2,2026-01-29,77.600434,92.3742,7168.28,USD,2026-01-29T18:30:00
684,28,3,2026-01-29,1092.200551,188.3123,205674.8,USD,2026-01-29T18:30:00
685,29,1,2026-01-29,870.033703,166.9407,145244.04,USD,2026-01-29T18:30:00
686,29,2,2026-01-29,942.098259,241.8995,227893.1,USD,2026-01-29T18:30:00
687,29,3,2026-01-29,524.354704,66.0082,34611.71,USD,2026-01-29T18:30:00
688,30,1,2026-01-29,310.912738,79.8344,24821.53,USD,2026-01-29T18:30:00
689,30,2,2026-01-29,133.659027,91.6571,12250.8,USD,2026-01-29T18:30:00
690,30,3,2026-01-29,710.640585,55.1575,39197.16,USD,2026-01-29T18:30:00
691,31,1,2026-01-29,1130.409212,147.4814,166714.33,USD,2026-01-29T18:30:00
692,31,2,2026-01-29,152.90096,85.2093,13028.58,USD,2026-01-29T18:30:00
693,31,3,2026-01-29,456.234129,186.8603,85252.05,USD,2026-01-29T18:30:00
694,32,1,2026-01-29,372.958696,151.6143,56545.87,USD,2026-01-29T18:30:00
695,32,2,2026-01-29,227.829211,103.1549,23501.7,USD,2026-01-29T18:30:00
696,32,3,2026-01-29,508.438194,195.1074,99200.05,USD,2026-01-29T18:30:00
697,33,1,2026-01-29,957.021767,234.142,224078.99,USD,2026-01-29T18:30:00
698,33,2,2026-01-29,151.568838,169.2983,25660.35,USD,2026-01-29T18:30:00
699,33,3,2026-01-29,708.93118,35.5806,25224.2,USD,2026-01-29T18:30:00
700,34,1,2026-01-29,11.026226,214.5669,2365.86,USD,2026-01-29T18:30:00
701,34,2,2026-01-29,379.11147,205.8755,78049.76,USD,2026-01-29T18:30:00
702,34,3,2026-01-29,356.188263,62.537,22274.95,USD,2026-01-29T18:30:00
703,35,1,2026-01-29,815.977107,45.3821,37030.75,USD,2026-01-29T18:30:00
704,35,2,2026-01-29,340.07139,189.2944,64373.61,USD,2026-01-29T18:30:00
705,35,3,2026-01-29,1018.952964,208.6603,212615.03,USD,2026-01-29T18:30:00
706,36,1,2026-01-29,41.212639,86.8334,3578.63,USD,2026-01-29T18:30:00
707,36,2,2026-01-29,602.853593,175.264,105658.53,USD,2026-01-29T18:30:00
708,36,3,2026-01-29,328.143051,213.4406,70039.05,USD,2026-01-29T18:30:00
709,37,1,2026-01-29,688.766344,161.4585,111207.18,USD,2026-01-29T18:30:00
710,37,2,2026-01-29,258.846076,79.9588,20697.02,USD,2026-01-29T18:30:00
711,37,3,2026-01-29,1159.794844,24.115,27968.45,USD,2026-01-29T18:30:00
712,38,1,2026-01-29,972.252214,46.6485,45354.11,USD,2026-01-29T18:30:00
713,38,2,2026-01-29,860.119568,213.5368,183667.18,USD,2026-01-29T18:30:00
714,38,3,2026-01-29,1121.319489,64.0172,71783.73,USD,2026-01-29T18:30:00
715,39,1,2026-01-29,882.87069,231.5579,204435.68,USD,2026-01-29T18:30:00
716,39,2,2026-01-29,931.246485,215.6269,200801.79,USD,2026-01-29T18:30:00
717,39,3,2026-01-29,872.874556,81.7844,71387.52,USD,2026-01-29T18:30:00
718,40,1,2026-01-29,978.014594,228.9703,223936.29,USD,2026-01-29T18:30:00
719,40,2,2026-01-29,191.03187,15.1758,2899.06,USD,2026-01-29T18:30:00
720,40,3,2026-01-29,470.742688,111.385,52433.67,USD,2026-01-29T18:30:00
721,41,1,2026-01-29,568.105942,93.5937,53171.14,USD,2026-01-29T18:30:00
722,41,2,2026-01-29,469.635258,27.2376,12791.74,USD,2026-01-29T18:30:00
723,41,3,2026-01-29,872.105521,77.7674,67821.38,USD,2026-01-29T18:30:00
724,42,1,2026-01-29,1107.676544,178.2661,197461.18,USD,2026-01-29T18:30:00
725,42,2,2026-01-29,657.612038,33.3567,21935.77,USD,2026-01-29T18:30:00
726,42,3,2026-01-29,388.102303,199.9066,77584.21,USD,2026-01-29T18:30:00
727,43,1,2026-01-29,1039.026518,22.9896,23886.8,USD,2026-01-29T18:30:00
728,43,2,2026-01-29,1121.490515,82.9778,93058.82,USD,2026-01-29T18:30:00
729,43,3,2026-01-29,785.560782,148.5178,116669.76,USD,2026-01-29T18:30:00
730,44,1,2026-01-29,530.260489,125.786,66699.35,USD,2026-01-29T18:30:00
731,44,2,2026-01-29,1076.661704,60.3439,64969.97,USD,2026-01-29T18:30:00
732,44,3,2026-01-29,965.230132,56.9572,54976.81,USD,2026-01-29T18:30:00
733,45,1,2026-01-29,781.485593,96.9342,75752.68,USD,2026-01-29T18:30:00
734,45,2,2026-01-29,1027.369555,34.4675,35410.86,USD,2026-01-29T18:30:00
735,45,3,2026-01-29,942.599103,216.0234,203623.46,USD,2026-01-29T18:30:00
736,46,1,2026-01-29,451.866951,245.8481,111090.63,USD,2026-01-29T18:30:00
737,46,2,2026-01-29,815.334319,50.3735,41071.24,USD,2026-01-29T18:30:00
738,46,3,2026-01-29,67.59781,95.3401,6444.78,USD,2026-01-29T18:30:00
739,47,1,2026-01-29,568.650906,236.8152,134665.18,USD,2026-01-29T18:30:00
740,47,2,2026-01-29,140.816215,133.7044,18827.75,USD,2026-01-29T18:30:00
741,47,3,2026-01-29,406.182983,114.1171,46352.42,USD,2026-01-29T18:30:00
742,48,1,2026-01-29,178.281986,183.4121,32699.07,USD,2026-01-29T18:30:00
743,48,2,2026-01-29,294.001204,38.5126,11322.75,USD,2026-01-29T18:30:00
744,48,3,2026-01-29,475.973757,82.6455,39337.09,USD,2026-01-29T18:30:00
745,49,1,2026-01-29,715.386575,51.3969,36768.65,USD,2026-01-29T18:30:00
746,49,2,2026-01-29,894.240281,196.204,175453.52,USD,2026-01-29T18:30:00
747,49,3,2026-01-29,1189.396752,170.9766,203359.01,USD,2026-01-29T18:30:00
748,50,1,2026-01-29,107.533378,121.2817,13041.83,USD,2026-01-29T18:30:00
749,50,2,2026-01-29,981.834185,101.7042,99856.66,USD,2026-01-29T18:30:00
750,50,3,2026-01-29,758.800217,116.8284,88649.42,USD,2026-01-29T18:30:00
751,1,1,2026-02-05,13.922901,37.9906,528.94,USD,2026-02-05T18:30:00
752,1,2,2026-02-05,146.461876,163.9382,24010.7,USD,2026-02-05T18:30:00
753,1,3,2026-02-05,1090.17414,63.9844,69754.14,USD,2026-02-05T18:30:00
754,2,1,2026-02-05,704.220589,246.9638,173916.99,USD,2026-02-05T18:30:00
755,2,2,2026-02-05,575.398039,176.4942,101554.42,USD,2026-02-05T18:30:00
756,2,3,2026-02-05,113.463886,152.291,17279.53,USD,2026-02-05T18:30:00
757,3,1,2026-02-05,460.751854,249.989,115182.9,USD,2026-02-05T18:30:00
758,3,2,2026-02-05,843.284381,81.6072,68818.08,USD,2026-02-05T18:30:00
759,3,3,2026-02-05,150.283725,88.055,13233.23,USD,2026-02-05T18:30:00
760,4,1,2026-02-05,856.521776,216.9305,185805.7,USD,2026-02-05T18:30:00
761,4,2,2026-02-05,645.01328,107.2793,69196.57,USD,2026-02-05T18:30:00
762,4,3,2026-02-05,840.890292,104.5112,87882.45,USD,2026-02-05T18:30:00
763,5,1,2026-02-05,980.955412,198.0339,194262.43,USD,2026-02-05T18:30:00
764,5,2,2026-02-05,636.105193,25.3436,16121.2,USD,2026-02-05T18:30:00
765,5,3,2026-02-05,1004.572728,139.3556,139992.84,USD,2026-02-05T18:30:00
766,6,1,2026-02-05,982.593126,166.4082,163511.55,USD,2026-02-05T18:30:00
767,6,2,2026-02-05,904.209859,59.7913,54063.88,USD,2026-02-05T18:30:00
768,6,3,2026-02-05,790.298857,38.1583,30156.46,USD,2026-02-05T18:30:00
769,7,1,2026-02-05,1034.404131,176.8518,182936.23,USD,2026-02-05T18:30:00
770,7,2,2026-02-05,6.388803,117.3359,749.64,USD,2026-02-05T18:30:00
771,7,3,2026-02-05,377.155299,19.3944,7314.7,USD,2026-02-05T18:30:00
772,8,1,2026-02-05,690.097235,166.6337,114993.46,USD,2026-02-05T18:30:00
773,8,2,2026-02-05,105.385115,71.6225,7547.95,USD,2026-02-05T18:30:00
774,8,3,2026-02-05,903.682477,30.3065,27387.45,USD,2026-02-05T18:30:00
775,9,1,2026-02-05,149.660544,81.6587,12221.09,USD,2026-02-05T18:30:00
776,9,2,2026-02-05,1159.531399,51.1848,59350.38,USD,2026-02-05T18:30:00
777,9,3,2026-02-05,1172.523719,167.9582,196934.97,USD,2026-02-05T18:30:00
778,10,1,2026-02-05,298.004502,21.0799,6281.91,USD,2026-02-05T18:30:00
779,10,2,2026-02-05,1134.953512,227.1087,257757.82,USD,2026-02-05T18:30:00
780,10,3,2026-02-05,352.076194,138.1846,48651.51,USD,2026-02-05T18:30:00
781,11,1,2026-02-05,167.826056,127.7063,21432.44,USD,2026-02-05T18:30:00
782,11,2,2026-02-05,375.523259,228.588,85840.11,USD,2026-02-05T18:30:00
783,11,3,2026-02-05,1196.156594,155.4813,185979.98,USD,2026-02-05T18:30:00
784,12,1,2026-02-05,612.708415,175.1033,107287.27,USD,2026-02-05T18:30:00
785,12,2,2026-02-05,795.140396,20.7365,16488.43,USD,2026-02-05T18:30:00
786,12,3,2026-02-05,44.080739,44.0002,1939.56,USD,2026-02-05T18:30:00
787,13,1,2026-02-05,1027.302207,61.6511,63334.31,USD,2026-02-05T18:30:00
788,13,2,2026-02-05,161.049607,142.497,22949.09,USD,2026-02-05T18:30:00
789,13,3,2026-02-05,710.139767,76.575,54378.95,USD,2026-02-05T18:30:00
790,14,1,2026-02-05,874.925285,111.2836,97364.84,USD,2026-02-05T18:30:00
791,14,2,2026-02-05,659.818333,72.5619,47877.67,USD,2026-02-05T18:30:00
792,14,3,2026-02-05,779.722728,49.1966,38359.71,USD,2026-02-05T18:30:00
793,15,1,2026-02-05,547.281299,236.7377,129562.12,USD,2026-02-05T18:30:00
794,15,2,2026-02-05,811.830805,235.6478,191306.14,USD,2026-02-05T18:30:00
795,15,3,2026-02-05,171.89274,58.9031,10125.02,USD,2026-02-05T18:30:00
796,16,1,2026-02-05,755.481843,74.6559,56401.18,USD,2026-02-05T18:30:00
797,16,2,2026-02-05,759.74381,164.9371,125309.94,USD,2026-02-05T18:30:00
798,16,3,2026-02-05,857.333961,145.2741,124548.42,USD,2026-02-05T18:30:00
799,17,1,2026-02-05,777.325334,132.7426,103184.19,USD,2026-02-05T18:30:00
800,17,2,2026-02-05,196.851686,207.1763,40783.0,USD,2026-02-05T18:30:00
801,17,3,2026-02-05,379.632407,199.0682,75572.74,USD,2026-02-05T18:30:00
802,18,1,2026-02-05,454.730281,241.3642,109755.61,USD,2026-02-05T18:30:00
803,18,2,2026-02-05,296.997223,74.8301,22224.33,USD,2026-02-05T18:30:00
804,18,3,2026-02-05,637.764199,174.155,111069.82,USD,2026-02-05T18:30:00
805,19,1,2026-02-05,488.137517,89.0458,43466.6,USD,2026-02-05T18:30:00
806,19,2,2026-02-05,106.76899,228.2189,24366.7,USD,2026-02-05T18:30:00
807,19,3,2026-02-05,933.685141,45.1191,42127.03,USD,2026-02-05T18:30:00
808,20,1,2026-02-05,957.71684,75.6752,72475.41,USD,2026-02-05T18:30:00
809,20,2,2026-02-05,117.536226,245.0765,28805.37,USD,2026-02-05T18:30:00
810,20,3,2026-02-05,266.670686,238.4279,63581.73,USD,2026-02-05T18:30:00
811,21,1,2026-02-05,939.280342,39.6408,37233.82,USD,2026-02-05T18:30:00
812,21,2,2026-02-05,631.770808,220.1229,139067.22,USD,2026-02-05T18:30:00
813,21,3,2026-02-05,706.59246,203.6316,143884.55,USD,2026-02-05T18:30:00
814,22,1,2026-02-05,114.648669,93.7361,10746.72,USD,2026-02-05T18:30:00
815,22,2,2026-02-05,686.58969,77.6792,53333.74,USD,2026-02-05T18:30:00
816,22,3,2026-02-05,325.26476,33.7759,10986.11,USD,2026-02-05T18:30:00
817,23,1,2026-02-05,57.555942,86.3191,4968.18,USD,2026-02-05T18:30:00
818,23,2,2026-02-05,902.247498,53.3614,48145.19,USD,2026-02-05T18:30:00
819,23,3,2026-02-05,967.301995,172.6749,167028.78,USD,2026-02-05T18:30:00
820,24,1,2026-02-05,946.496876,142.4012,134782.29,USD,2026-02-05T18:30:00
821,24,2,2026-02-05,1058.425371,106.6363,112866.57,USD,2026-02-05T18:30:00
822,24,3,2026-02-05,710.772149,72.1746,51299.7,USD,2026-02-05T18:30:00
823,25,1,2026-02-05,823.990019,181.1734,149285.07,USD,2026-02-05T18:30:00
824,25,2,2026-02-05,789.075522,44.2408,34909.33,USD,2026-02-05T18:30:00
825,25,3,2026-02-05,681.07293,74.1688,50514.36,USD,2026-02-05T18:30:00
826,26,1,2026-02-05,1102.129973,163.4064,180095.09,USD,2026-02-05T18:30:00
827,26,2,2026-02-05,444.180838,196.6068,87328.97,USD,2026-02-05T18:30:00
828,26,3,2026-02-05,813.85827,110.3785,89832.46,USD,2026-02-05T18:30:00
829,27,1,2026-02-05,549.343909,115.3504,63367.04,USD,2026-02-05T18:30:00
830,27,2,2026-02-05,424.8017,122.4798,52029.63,USD,2026-02-05T18:30:00
831,27,3,2026-02-05,344.183593,238.6279,82131.81,USD,2026-02-05T18:30:00
832,28,1,2026-02-05,624.713596,182.432,113967.75,USD,2026-02-05T18:30:00
833,28,2,2026-02-05,1108.574347,64.9034,71950.24,USD,2026-02-05T18:30:00
834,28,3,2026-02-05,762.762298,30.8661,23543.5,USD,2026-02-05T18:30:00
835,29,1,2026-02-05,366.793803,194.9388,71502.34,USD,2026-02-05T18:30:00
836,29,2,2026-02-05,1014.294729,162.3224,164642.75,USD,2026-02-05T18:30:00
837,29,3,2026-02-05,92.031855,67.6088,6222.16,USD,2026-02-05T18:30:00
838,30,1,2026-02-05,112.36033,148.076,16637.87,USD,2026-02-05T18:30:00
839,30,2,2026-02-05,101.502145,78.6042,7978.49,USD,2026-02-05T18:30:00
840,30,3,2026-02-05,1115.506808,204.0033,227567.07,USD,2026-02-05T18:30:00
841,31,1,2026-02-05,12.833619,237.6152,3049.46,USD,2026-02-05T18:30:00
842,31,2,2026-02-05,812.439676,233.7859,189936.94,USD,2026-02-05T18:30:00
843,31,3,2026-02-05,163.714059,129.4732,21196.58,USD,2026-02-05T18:30:00
844,32,1,2026-02-05,822.146237,172.4258,141759.22,USD,2026-02-05T18:30:00
845,32,2,2026-02-05,638.891214,39.926,25508.37,USD,2026-02-05T18:30:00
846,32,3,2026-02-05,16.680315,55.6442,928.16,USD,2026-02-05T18:30:00
847,33,1,2026-02-05,997.676904,11.7497,11722.4,USD,2026-02-05T18:30:00
848,33,2,2026-02-05,509.974692,138.238,70497.88,USD,2026-02-05T18:30:00
849,33,3,2026-02-05,414.072751,248.6133,102943.99,USD,2026-02-05T18:30:00
850,34,1,2026-02-05,793.408933,230.9101,183206.14,USD,2026-02-05T18:30:00
851,34,2,2026-02-05,1199.001502,236.7859,283906.65,USD,2026-02-05T18:30:00
852,34,3,2026-02-05,820.893722,20.1654,16553.65,USD,2026-02-05T18:30:00
853,35,1,2026-02-05,538.382452,50.4478,27160.21,USD,2026-02-05T18:30:00
854,35,2,2026-02-05,1116.222434,193.2905,215755.19,USD,2026-02-05T18:30:00
855,35,3,2026-02-05,1084.558343,51.9554,56348.66,USD,2026-02-05T18:30:00
856,36,1,2026-02-05,440.461125,41.9965,18497.83,USD,2026-02-05T18:30:00
857,36,2,2026-02-05,423.94984,22.2176,9419.15,USD,2026-02-05T18:30:00
858,36,3,2026-02-05,594.609434,50.9162,30275.25,USD,2026-02-05T18:30:00
859,37,1,2026-02-05,1163.674084,91.1101,106022.46,USD,2026-02-05T18:30:00
860,37,2,2026-02-05,814.875808,209.6143,170809.62,USD,2026-02-05T18:30:00
861,37,3,2026-02-05,1020.932461,215.8735,220392.26,USD,2026-02-05T18:30:00
862,38,1,2026-02-05,348.077687,125.9499,43840.35,USD,2026-02-05T18:30:00
863,38,2,2026-02-05,317.700945,10.5362,3347.36,USD,2026-02-05T18:30:00
864,38,3,2026-02-05,757.411744,104.4692,79126.2,USD,2026-02-05T18:30:00
865,39,1,2026-02-05,1107.66764,232.9862,258071.27,USD,2026-02-05T18:30:00
866,39,2,2026-02-05,1150.961929,133.727,153914.69,USD,2026-02-05T18:30:00
867,39,3,2026-02-05,1072.101429,234.4995,251407.25,USD,2026-02-05T18:30:00
868,40,1,2026-02-05,1070.99269,213.6044,228768.75,USD,2026-02-05T18:30:00
869,40,2,2026-02-05,68.996075,11.4139,787.51,USD,2026-02-05T18:30:00
870,40,3,2026-02-05,552.424651,81.6042,45080.17,USD,2026-02-05T18:30:00
871,41,1,2026-02-05,128.596866,93.9332,12079.52,USD,2026-02-05T18:30:00
872,41,2,2026-02-05,866.920309,106.4963,92323.81,USD,2026-02-05T18:30:00
873,41,3,2026-02-05,10.63648,113.3929,1206.1,USD,2026-02-05T18:30:00
874,42,1,2026-02-05,237.053321,136.9832,32472.32,USD,2026-02-05T18:30:00
875,42,2,2026-02-05,1078.21195,108.5726,117064.27,USD,2026-02-05T18:30:00
876,42,3,2026-02-05,1095.730935,11.6585,12774.58,USD,2026-02-05T18:30:00
877,43,1,2026-02-05,923.337129,70.0323,64663.42,USD,2026-02-05T18:30:00
878,43,2,2026-02-05,564.838416,99.8343,56390.25,USD,2026-02-05T18:30:00
879,43,3,2026-02-05,437.394837,224.1264,98031.73,USD,2026-02-05T18:30:00
880,44,1,2026-02-05,643.712862,74.6756,48069.64,USD,2026-02-05T18:30:00
881,44,2,2026-02-05,1187.243096,167.5071,198871.65,USD,2026-02-05T18:30:00
882,44,3,2026-02-05,527.228041,43.5699,22971.27,USD,2026-02-05T18:30:00
883,45,1,2026-02-05,896.509306,11.3945,10215.28,USD,2026-02-05T18:30:00
884,45,2,2026-02-05,1060.291519,180.2127,191078.0,USD,2026-02-05T18:30:00
885,45,3,2026-02-05,132.798772,78.3759,10408.22,USD,2026-02-05T18:30:00
886,46,1,2026-02-05,160.416398,111.0534,17814.79,USD,2026-02-05T18:30:00
887,46,2,2026-02-05,397.456213,17.5856,6989.51,USD,2026-02-05T18:30:00
888,46,3,2026-02-05,799.445783,237.6102,189956.47,USD,2026-02-05T18:30:00
889,47,1,2026-02-05,1151.638624,245.9029,283191.28,USD,2026-02-05T18:30:00
890,47,2,2026-02-05,142.550767,127.3763,18157.59,USD,2026-02-05T18:30:00
891,47,3,2026-02-05,594.681115,173.6168,103246.63,USD,2026-02-05T18:30:00
892,48,1,2026-02-05,152.920785,190.2616,29094.95,USD,2026-02-05T18:30:00
893,48,2,2026-02-05,936.404996,105.9702,99231.02,USD,2026-02-05T18:30:00
894,48,3,2026-02-05,871.193468,188.0544,163831.76,USD,2026-02-05T18:30:00
895,49,1,2026-02-05,990.767181,41.5402,41156.67,USD,2026-02-05T18:30:00
896,49,2,2026-02-05,1149.214313,200.2511,230131.43,USD,2026-02-05T18:30:00
897,49,3,2026-02-05,151.348294,92.5889,14013.17,USD,2026-02-05T18:30:00
898,50,1,2026-02-05,16.378746,174.265,2854.24,USD,2026-02-05T18:30:00
899,50,2,2026-02-05,62.447804,209.1606,13061.62,USD,2026-02-05T18:30:00
900,50,3,2026-02-05,515.598061,153.3008,79041.6,USD,2026-02-05T18:30:00
901,1,1,2026-02-12,9.634669,125.2463,1206.71,USD,2026-02-12T18:30:00
902,1,2,2026-02-12,338.668044,29.8276,10101.65,USD,2026-02-12T18:30:00
903,1,3,2026-02-12,514.742323,158.2272,81446.24,USD,2026-02-12T18:30:00
904,2,1,2026-02-12,875.098287,54.8465,47996.08,USD,2026-02-12T18:30:00
905,2,2,2026-02-12,337.366603,37.6048,12686.6,USD,2026-02-12T18:30:00
906,2,3,2026-02-12,316.236877,178.2294,56362.71,USD,2026-02-12T18:30:00
907,3,1,2026-02-12,799.596538,112.9981,90352.89,USD,2026-02-12T18:30:00
908,3,2,2026-02-12,568.671394,197.8521,112512.83,USD,2026-02-12T18:30:00
909,3,3,2026-02-12,123.677871,185.3096,22918.7,USD,2026-02-12T18:30:00
910,4,1,2026-02-12,733.320533,55.2806,40538.4,USD,2026-02-12T18:30:00
911,4,2,2026-02-12,1025.846302,160.9379,165097.55,USD,2026-02-12T18:30:00
912,4,3,2026-02-12,178.47132,38.9107,6944.44,USD,2026-02-12T18:30:00
913,5,1,2026-02-12,481.539792,75.7268,36465.47,USD,2026-02-12T18:30:00
914,5,2,2026-02-12,230.61287,45.0902,10398.38,USD,2026-02-12T18:30:00
915,5,3,2026-02-12,21.193614,57.9144,1227.42,USD,2026-02-12T18:30:00
916,6,1,2026-02-12,1037.220133,101.2846,105054.43,USD,2026-02-12T18:30:00
917,6,2,2026-02-12,629.965418,178.0381,112157.85,USD,2026-02-12T18:30:00
918,6,3,2026-02-12,1176.149209,63.2261,74363.33,USD,2026-02-12T18:30:00
919,7,1,2026-02-12,511.291028,24.7239,12641.11,USD,2026-02-12T18:30:00
920,7,2,2026-02-12,512.487393,22.3973,11478.33,USD,2026-02-12T18:30:00
921,7,3,2026-02-12,132.065939,97.2583,12844.51,USD,2026-02-12T18:30:00
922,8,1,2026-02-12,1131.598497,180.7805,204570.94,USD,2026-02-12T18:30:00
923,8,2,2026-02-12,296.362364,224.8255,66629.82,USD,2026-02-12T18:30:00
924,8,3,2026-02-12,218.101949,10.1286,2209.07,USD,2026-02-12T18:30:00
925,9,1,2026-02-12,792.516909,87.1935,69102.32,USD,2026-02-12T18:30:00
926,9,2,2026-02-12,342.380364,77.2382,26444.84,USD,2026-02-12T18:30:00
927,9,3,2026-02-12,727.826188,113.4178,82548.45,USD,2026-02-12T18:30:00
928,10,1,2026-02-12,302.715656,127.9087,38719.97,USD,2026-02-12T18:30:00
929,10,2,2026-02-12,401.138577,36.7669,14748.62,USD,2026-02-12T18:30:00
930,10,3,2026-02-12,802.737048,173.9108,139604.64,USD,2026-02-12T18:30:00
931,11,1,2026-02-12,924.556373,41.2739,38160.05,USD,2026-02-12T18:30:00
932,11,2,2026-02-12,432.682449,204.4085,88443.97,USD,2026-02-12T18:30:00
933,11,3,2026-02-12,891.518424,151.3387,134921.24,USD,2026-02-12T18:30:00
934,12,1,2026-02-12,725.656569,67.1805,48749.97,USD,2026-02-12T18:30:00
935,12,2,2026-02-12,331.136336,150.2385,49749.43,USD,2026-02-12T18:30:00
936,12,3,2026-02-12,104.677408,35.5277,3718.95,USD,2026-02-12T18:30:00
937,13,1,2026-02-12,755.470354,154.4404,116675.14,USD,2026-02-12T18:30:00
938,13,2,2026-02-12,49.246722,242.3992,11937.37,USD,2026-02-12T18:30:00
939,13,3,2026-02-12,1060.849649,206.1782,218724.07,USD,2026-02-12T18:30:00
940,14,1,2026-02-12,231.513009,116.9848,27083.5,USD,2026-02-12T18:30:00
941,14,2,2026-02-12,118.364892,236.0363,27938.41,USD,2026-02-12T18:30:00
942,14,3,2026-02-12,742.812443,82.3543,61173.8,USD,2026-02-12T18:30:00
943,15,1,2026-02-12,569.038224,192.6371,109617.87,USD,2026-02-12T18:30:00
944,15,2,2026-02-12,640.269065,46.8814,30016.71,USD,2026-02-12T18:30:00
945,15,3,2026-02-12,153.398334,110.371,16930.73,USD,2026-02-12T18:30:00
946,16,1,2026-02-12,853.923755,223.9808,191262.53,USD,2026-02-12T18:30:00
947,16,2,2026-02-12,911.226188,213.0611,194146.85,USD,2026-02-12T18:30:00
948,16,3,2026-02-12,672.415262,93.3615,62777.7,USD,2026-02-12T18:30:00
949,17,1,2026-02-12,439.21443,161.1675,70787.09,USD,2026-02-12T18:30:00
950,17,2,2026-02-12,140.914722,114.6702,16158.72,USD,2026-02-12T18:30:00
951,17,3,2026-02-12,579.384742,135.7031,78624.31,USD,2026-02-12T18:30:00
952,18,1,2026-02-12,1142.933075,199.8124,228372.2,USD,2026-02-12T18:30:00
953,18,2,2026-02-12,200.322154,75.7957,15183.56,USD,2026-02-12T18:30:00
954,18,3,2026-02-12,1160.98433,79.5175,92318.57,USD,2026-02-12T18:30:00
955,19,1,2026-02-12,1146.963506,24.5904,28204.29,USD,2026-02-12T18:30:00
956,19,2,2026-02-12,1166.968799,55.6458,64936.91,USD,2026-02-12T18:30:00
957,19,3,2026-02-12,977.440206,128.8062,125900.36,USD,2026-02-12T18:30:00
958,20,1,2026-02-12,638.963823,133.237,85133.62,USD,2026-02-12T18:30:00
959,20,2,2026-02-12,89.982633,115.0588,10353.29,USD,2026-02-12T18:30:00
960,20,3,2026-02-12,611.134041,144.9997,88614.25,USD,2026-02-12T18:30:00
961,21,1,2026-02-12,468.296281,155.7324,72928.9,USD,2026-02-12T18:30:00
962,21,2,2026-02-12,248.309516,10.8641,2697.66,USD,2026-02-12T18:30:00
963,21,3,2026-02-12,686.277573,152.1071,104387.69,USD,2026-02-12T18:30:00
964,22,1,2026-02-12,10.63359,232.8706,2476.25,USD,2026-02-12T18:30:00
965,22,2,2026-02-12,615.35481,130.9163,80559.97,USD,2026-02-12T18:30:00
966,22,3,2026-02-12,864.694999,72.1203,62362.06,USD,2026-02-12T18:30:00
967,23,1,2026-02-12,1022.970094,81.1273,82990.8,USD,2026-02-12T18:30:00
968,23,2,2026-02-12,322.217583,38.5848,12432.7,USD,2026-02-12T18:30:00
969,23,3,2026-02-12,268.71534,138.0558,37097.71,USD,2026-02-12T18:30:00
970,24,1,2026-02-12,350.211954,163.5077,57262.35,USD,2026-02-12T18:30:00
971,24,2,2026-02-12,1130.455201,76.6616,86662.5,USD,2026-02-12T18:30:00
972,24,3,2026-02-12,159.565672,219.6119,35042.52,USD,2026-02-12T18:30:00
973,25,1,2026-02-12,61.823967,245.2057,15159.59,USD,2026-02-12T18:30:00
974,25,2,2026-02-12,1187.443523,60.3934,71713.75,USD,2026-02-12T18:30:00
975,25,3,2026-02-12,139.421806,165.6749,23098.69,USD,2026-02-12T18:30:00
976,26,1,2026-02-12,759.219455,243.3325,184742.77,USD,2026-02-12T18:30:00
977,26,2,2026-02-12,389.474247,237.1427,92360.97,USD,2026-02-12T18:30:00
978,26,3,2026-02-12,1060.783665,73.3692,77828.85,USD,2026-02-12T18:30:00
979,27,1,2026-02-12,160.33392,225.6006,36171.43,USD,2026-02-12T18:30:00
980,27,2,2026-02-12,353.874406,246.4627,87216.84,USD,2026-02-12T18:30:00
981,27,3,2026-02-12,751.146366,12.498,9387.83,USD,2026-02-12T18:30:00
982,28,1,2026-02-12,426.579784,185.3144,79051.38,USD,2026-02-12T18:30:00
983,28,2,2026-02-12,335.627766,71.4369,23976.21,USD,2026-02-12T18:30:00
984,28,3,2026-02-12,18.766187,167.7562,3148.14,USD,2026-02-12T18:30:00
985,29,1,2026-02-12,1041.578327,235.3641,245150.15,USD,2026-02-12T18:30:00
986,29,2,2026-02-12,699.913458,183.4245,128381.28,USD,2026-02-12T18:30:00
987,29,3,2026-02-12,825.738469,236.9575,195664.92,USD,2026-02-12T18:30:00
988,30,1,2026-02-12,308.814203,160.2951,49501.4,USD,2026-02-12T18:30:00
989,30,2,2026-02-12,725.210028,59.4782,43134.19,USD,2026-02-12T18:30:00
990,30,3,2026-02-12,530.621867,87.8231,46600.86,USD,2026-02-12T18:30:00
991,31,1,2026-02-12,244.702359,161.1522,39434.32,USD,2026-02-12T18:30:00
992,31,2,2026-02-12,1029.865602,104.9112,108044.44,USD,2026-02-12T18:30:00
993,31,3,2026-02-12,535.267087,185.1549,99107.32,USD,2026-02-12T18:30:00
994,32,1,2026-02-12,520.684275,45.6002,23743.31,USD,2026-02-12T18:30:00
995,32,2,2026-02-12,574.808265,129.0307,74167.91,USD,2026-02-12T18:30:00
996,32,3,2026-02-12,551.268135,205.7435,113419.84,USD,2026-02-12T18:30:00
997,33,1,2026-02-12,211.332663,146.7179,31006.28,USD,2026-02-12T18:30:00
998,33,2,2026-02-12,1132.026071,53.2976,60334.27,USD,2026-02-12T18:30:00
999,33,3,2026-02-12,338.453096,84.4385,28578.47,USD,2026-02-12T18:30:00
1000,34,1,2026-02-12,1062.303652,206.1998,219046.8,USD,2026-02-12T18:30:00
1001,34,2,2026-02-12,824.84019,55.0835,45435.08,USD,2026-02-12T18:30:00
1002,34,3,2026-02-12,172.226832,112.3348,19347.07,USD,2026-02-12T18:30:00
1003,35,1,2026-02-12,546.028992,164.8285,90001.14,USD,2026-02-12T18:30:00
1004,35,2,2026-02-12,483.005155,183.8337,88792.62,USD,2026-02-12T18:30:00
1005,35,3,2026-02-12,164.749554,190.1066,31319.98,USD,2026-02-12T18:30:00
1006,36,1,2026-02-12,14.146235,33.9352,480.06,USD,2026-02-12T18:30:00
1007,36,2,2026-02-12,460.788658,36.4085,16776.62,USD,2026-02-12T18:30:00
1008,36,3,2026-02-12,16.262473,209.3241,3404.13,USD,2026-02-12T18:30:00
1009,37,1,2026-02-12,1121.613282,41.723,46797.07,USD,2026-02-12T18:30:00
1010,37,2,2026-02-12,924.141151,74.2376,68606.02,USD,2026-02-12T18:30:00
1011,37,3,2026-02-12,1126.31807,153.9129,173354.88,USD,2026-02-12T18:30:00
1012,38,1,2026-02-12,950.880521,12.2551,11653.14,USD,2026-02-12T18:30:00
1013,38,2,2026-02-12,949.992836,140.1688,133159.36,USD,2026-02-12T18:30:00
1014,38,3,2026-02-12,981.906432,214.6529,210769.06,USD,2026-02-12T18:30:00
1015,39,1,2026-02-12,101.958232,43.4152,4426.54,USD,2026-02-12T18:30:00
1016,39,2,2026-02-12,911.606102,224.1737,204358.11,USD,2026-02-12T18:30:00
1017,39,3,2026-02-12,978.557907,83.7724,81976.14,USD,2026-02-12T18:30:00
1018,40,1,2026-02-12,574.69006,68.5141,39374.37,USD,2026-02-12T18:30:00
1019,40,2,2026-02-12,652.231726,74.1896,48388.81,USD,2026-02-12T18:30:00
1020,40,3,2026-02-12,652.335487,15.0899,9843.68,USD,2026-02-12T18:30:00
1021,41,1,2026-02-12,53.431017,140.7141,7518.5,USD,2026-02-12T18:30:00
1022,41,2,2026-02-12,123.079307,222.7496,27415.87,USD,2026-02-12T18:30:00
1023,41,3,2026-02-12,498.341606,10.2905,5128.18,USD,2026-02-12T18:30:00
1024,42,1,2026-02-12,269.175294,64.402,17335.43,USD,2026-02-12T18:30:00
1025,42,2,2026-02-12,462.459667,94.7944,43838.59,USD,2026-02-12T18:30:00
1026,42,3,2026-02-12,344.215449,231.2058,79584.61,USD,2026-02-12T18:30:00
1027,43,1,2026-02-12,821.300969,174.8239,143583.04,USD,2026-02-12T18:30:00
1028,43,2,2026-02-12,857.821439,226.3875,194200.05,USD,2026-02-12T18:30:00
1029,43,3,2026-02-12,590.18469,247.7843,146238.5,USD,2026-02-12T18:30:00
1030,44,1,2026-02-12,269.426949,239.552,64541.76,USD,2026-02-12T18:30:00
1031,44,2,2026-02-12,338.177127,28.3096,9573.66,USD,2026-02-12T18:30:00
1032,44,3,2026-02-12,400.469748,96.5184,38652.7,USD,2026-02-12T18:30:00
1033,45,1,2026-02-12,1109.642672,30.353,33680.98,USD,2026-02-12T18:30:00
1034,45,2,2026-02-12,52.016201,46.2647,2406.51,USD,2026-02-12T18:30:00
1035,45,3,2026-02-12,514.354085,90.3626,46478.37,USD,2026-02-12T18:30:00
1036,46,1,2026-02-12,217.638585,112.0587,24388.3,USD,2026-02-12T18:30:00
1037,46,2,2026-02-12,1071.741062,174.9186,187467.45,USD,2026-02-12T18:30:00
1038,46,3,2026-02-12,749.709926,78.8813,59138.09,USD,2026-02-12T18:30:00
1039,47,1,2026-02-12,1050.482602,75.0624,78851.75,USD,2026-02-12T18:30:00
1040,47,2,2026-02-12,599.100938,98.587,59063.56,USD,2026-02-12T18:30:00
1041,47,3,2026-02-12,318.481169,227.6763,72510.61,USD,2026-02-12T18:30:00
1042,48,1,2026-02-12,958.420248,199.3255,191037.6,USD,2026-02-12T18:30:00
1043,48,2,2026-02-12,1034.05677,244.7319,253066.68,USD,2026-02-12T18:30:00
1044,48,3,2026-02-12,933.340847,45.1814,42169.65,USD,2026-02-12T18:30:00
1045,49,1,2026-02-12,177.336219,117.2069,20785.03,USD,2026-02-12T18:30:00
1046,49,2,2026-02-12,956.220887,244.3214,233625.23,USD,2026-02-12T18:30:00
1047,49,3,2026-02-12,977.579713,37.1594,36326.28,USD,2026-02-12T18:30:00
1048,50,1,2026-02-12,512.943792,184.4099,94591.91,USD,2026-02-12T18:30:00
1049,50,2,2026-02-12,173.601384,87.5328,15195.82,USD,2026-02-12T18:30:00
1050,50,3,2026-02-12,153.042896,194.2085,29722.23,USD,2026-02-12T18:30:00
1051,1,1,2026-02-19,423.130509,128.6096,54418.65,USD,2026-02-19T18:30:00
1052,1,2,2026-02-19,577.54626,243.4837,140623.1,USD,2026-02-19T18:30:00
1053,1,3,2026-02-19,722.091739,162.785,117545.7,USD,2026-02-19T18:30:00
1054,2,1,2026-02-19,165.865533,236.5673,39238.36,USD,2026-02-19T18:30:00
1055,2,2,2026-02-19,1105.925884,101.9645,112765.18,USD,2026-02-19T18:30:00
1056,2,3,2026-02-19,659.207113,139.2993,91827.09,USD,2026-02-19T18:30:00
1057,3,1,2026-02-19,591.121687,138.691,81983.26,USD,2026-02-19T18:30:00
1058,3,2,2026-02-19,276.137418,30.0683,8302.98,USD,2026-02-19T18:30:00
1059,3,3,2026-02-19,857.905263,136.467,117075.76,USD,2026-02-19T18:30:00
1060,4,1,2026-02-19,931.911069,204.7101,190771.61,USD,2026-02-19T18:30:00
1061,4,2,2026-02-19,263.200787,30.9401,8143.46,USD,2026-02-19T18:30:00
1062,4,3,2026-02-19,434.051317,58.7871,25516.62,USD,2026-02-19T18:30:00
1063,5,1,2026-02-19,1020.714131,96.9756,98984.37,USD,2026-02-19T18:30:00
1064,5,2,2026-02-19,568.71162,42.0622,23921.26,USD,2026-02-19T18:30:00
1065,5,3,2026-02-19,132.187576,228.7269,30234.85,USD,2026-02-19T18:30:00
1066,6,1,2026-02-19,433.030243,213.839,92598.75,USD,2026-02-19T18:30:00
1067,6,2,2026-02-19,934.376253,43.4438,40592.86,USD,2026-02-19T18:30:00
1068,6,3,2026-02-19,552.466063,210.4606,116272.34,USD,2026-02-19T18:30:00
1069,7,1,2026-02-19,661.800465,233.522,154544.97,USD,2026-02-19T18:30:00
1070,7,2,2026-02-19,505.292364,60.577,30609.1,USD,2026-02-19T18:30:00
1071,7,3,2026-02-19,269.504634,189.2789,51011.54,USD,2026-02-19T18:30:00
1072,8,1,2026-02-19,140.682971,176.9874,24899.11,USD,2026-02-19T18:30:00
1073,8,2,2026-02-19,171.691895,185.9396,31924.32,USD,2026-02-19T18:30:00
1074,8,3,2026-02-19,835.347041,111.9301,93500.48,USD,2026-02-19T18:30:00
1075,9,1,2026-02-19,64.900014,35.4424,2300.21,USD,2026-02-19T18:30:00
1076,9,2,2026-02-19,697.928489,124.4384,86849.1,USD,2026-02-19T18:30:00
1077,9,3,2026-02-19,712.710776,47.9616,34182.75,USD,2026-02-19T18:30:00
1078,10,1,2026-02-19,176.264006,43.9066,7739.15,USD,2026-02-19T18:30:00
1079,10,2,2026-02-19,294.054965,12.9946,3821.13,USD,2026-02-19T18:30:00
1080,10,3,2026-02-19,997.281591,109.9588,109659.89,USD,2026-02-19T18:30:00
1081,11,1,2026-02-19,918.501245,122.7435,112740.06,USD,2026-02-19T18:30:00
1082,11,2,2026-02-19,168.134878,136.588,22965.21,USD,2026-02-19T18:30:00
1083,11,3,2026-02-19,1138.518917,122.8443,139860.56,USD,2026-02-19T18:30:00
1084,12,1,2026-02-19,867.068905,116.5537,101060.09,USD,2026-02-19T18:30:00
1085,12,2,2026-02-19,773.816583,13.1703,10191.4,USD,2026-02-19T18:30:00
1086,12,3,2026-02-19,133.52,24.4002,3257.91,USD,2026-02-19T18:30:00
1087,13,1,2026-02-19,770.945138,155.0017,119497.81,USD,2026-02-19T18:30:00
1088,13,2,2026-02-19,208.296244,48.4837,10098.97,USD,2026-02-19T18:30:00
1089,13,3,2026-02-19,475.668828,111.669,53117.46,USD,2026-02-19T18:30:00
1090,14,1,2026-02-19,1137.890356,119.0312,135444.45,USD,2026-02-19T18:30:00
1091,14,2,2026-02-19,853.688119,71.933,61408.35,USD,2026-02-19T18:30:00
1092,14,3,2026-02-19,686.47816,83.4482,57285.37,USD,2026-02-19T18:30:00
1093,15,1,2026-02-19,272.777826,233.5481,63706.74,USD,2026-02-19T18:30:00
1094,15,2,2026-02-19,326.19313,32.0648,10459.32,USD,2026-02-19T18:30:00
1095,15,3,2026-02-19,453.072336,238.2575,107947.88,USD,2026-02-19T18:30:00
1096,16,1,2026-02-19,891.761686,106.0966,94612.88,USD,2026-02-19T18:30:00
1097,16,2,2026-02-19,67.196186,104.1498,6998.47,USD,2026-02-19T18:30:00
1098,16,3,2026-02-19,987.005959,244.237,241063.37,USD,2026-02-19T18:30:00
1099,17,1,2026-02-19,726.100086,28.5302,20715.78,USD,2026-02-19T18:30:00
1100,17,2,2026-02-19,830.911915,124.5799,103514.92,USD,2026-02-19T18:30:00
1101,17,3,2026-02-19,783.239943,107.224,83982.12,USD,2026-02-19T18:30:00
1102,18,1,2026-02-19,456.564073,23.1212,10556.31,USD,2026-02-19T18:30:00
1103,18,2,2026-02-19,445.773765,111.8133,49843.44,USD,2026-02-19T18:30:00
1104,18,3,2026-02-19,323.903472,35.056,11354.76,USD,2026-02-19T18:30:00
1105,19,1,2026-02-19,435.241955,196.9113,85704.06,USD,2026-02-19T18:30:00
1106,19,2,2026-02-19,402.565992,67.4872,27168.05,USD,2026-02-19T18:30:00
1107,19,3,2026-02-19,195.312484,35.5515,6943.65,USD,2026-02-19T18:30:00
1108,20,1,2026-02-19,254.291936,12.6345,3212.85,USD,2026-02-19T18:30:00
1109,20,2,2026-02-19,1091.624418,55.0585,60103.2,USD,2026-02-19T18:30:00
1110,20,3,2026-02-19,242.071104,233.0085,56404.62,USD,2026-02-19T18:30:00
1111,21,1,2026-02-19,288.402184,30.4094,8770.14,USD,2026-02-19T18:30:00
1112,21,2,2026-02-19,684.14733,20.7699,14209.67,USD,2026-02-19T18:30:00
1113,21,3,2026-02-19,1183.792768,126.1137,149292.49,USD,2026-02-19T18:30:00
1114,22,1,2026-02-19,57.658681,32.3706,1866.45,USD,2026-02-19T18:30:00
1115,22,2,2026-02-19,370.325831,245.33,90852.04,USD,2026-02-19T18:30:00
1116,22,3,2026-02-19,902.015316,240.0974,216571.53,USD,2026-02-19T18:30:00
1117,23,1,2026-02-19,600.2593,85.4734,51306.2,USD,2026-02-19T18:30:00
1118,23,2,2026-02-19,468.769569,95.401,44721.09,USD,2026-02-19T18:30:00
1119,23,3,2026-02-19,155.420268,171.9247,26720.58,USD,2026-02-19T18:30:00
1120,24,1,2026-02-19,397.581825,225.1627,89520.6,USD,2026-02-19T18:30:00
1121,24,2,2026-02-19,604.294083,130.5225,78873.97,USD,2026-02-19T18:30:00
1122,24,3,2026-02-19,930.072223,15.6845,14587.72,USD,2026-02-19T18:30:00
1123,25,1,2026-02-19,955.283156,124.4687,118902.85,USD,2026-02-19T18:30:00
1124,25,2,2026-02-19,1042.574822,18.978,19785.98,USD,2026-02-19T18:30:00
1125,25,3,2026-02-19,193.467603,173.7698,33618.83,USD,2026-02-19T18:30:00
1126,26,1,2026-02-19,94.503431,160.2287,15142.16,USD,2026-02-19T18:30:00
1127,26,2,2026-02-19,1143.381954,65.5768,74979.33,USD,2026-02-19T18:30:00
1128,26,3,2026-02-19,258.776636,173.5503,44910.76,USD,2026-02-19T18:30:00
1129,27,1,2026-02-19,169.035153,182.4531,30840.99,USD,2026-02-19T18:30:00
1130,27,2,2026-02-19,1192.099955,130.3888,155436.48,USD,2026-02-19T18:30:00
1131,27,3,2026-02-19,1190.734646,156.0973,185870.46,USD,2026-02-19T18:30:00
1132,28,1,2026-02-19,627.944505,194.4727,122118.06,USD,2026-02-19T18:30:00
1133,28,2,2026-02-19,536.976249,41.4874,22277.75,USD,2026-02-19T18:30:00
1134,28,3,2026-02-19,349.009907,159.633,55713.5,USD,2026-02-19T18:30:00
1135,29,1,2026-02-19,1128.169365,19.6031,22115.62,USD,2026-02-19T18:30:00
1136,29,2,2026-02-19,855.314977,173.8896,148730.38,USD,2026-02-19T18:30:00
1137,29,3,2026-02-19,286.932753,249.2823,71527.26,USD,2026-02-19T18:30:00
1138,30,1,2026-02-19,728.252453,239.9238,174725.1,USD,2026-02-19T18:30:00
1139,30,2,2026-02-19,680.281034,248.6571,169156.71,USD,2026-02-19T18:30:00
1140,30,3,2026-02-19,116.887252,13.586,1588.03,USD,2026-02-19T18:30:00
1141,31,1,2026-02-19,919.580777,84.2902,77511.65,USD,2026-02-19T18:30:00
1142,31,2,2026-02-19,1041.040411,201.3719,209636.29,USD,2026-02-19T18:30:00
1143,31,3,2026-02-19,1074.161813,129.7389,139360.57,USD,2026-02-19T18:30:00
1144,32,1,2026-02-19,545.769429,50.7322,27688.08,USD,2026-02-19T18:30:00
1145,32,2,2026-02-19,354.729815,26.3588,9350.25,USD,2026-02-19T18:30:00
1146,32,3,2026-02-19,691.813949,94.8084,65589.77,USD,2026-02-19T18:30:00
1147,33,1,2026-02-19,85.360704,180.5572,15412.49,USD,2026-02-19T18:30:00
1148,33,2,2026-02-19,552.889379,246.6744,136383.66,USD,2026-02-19T18:30:00
1149,33,3,2026-02-19,1174.180513,193.1551,226798.95,USD,2026-02-19T18:30:00
1150,34,1,2026-02-19,530.454466,231.7986,122958.6,USD,2026-02-19T18:30:00
1151,34,2,2026-02-19,1127.795364,243.2034,274283.67,USD,2026-02-19T18:30:00
1152,34,3,2026-02-19,585.910794,97.2333,56970.04,USD,2026-02-19T18:30:00
1153,35,1,2026-02-19,343.950081,108.168,37204.39,USD,2026-02-19T18:30:00
1154,35,2,2026-02-19,743.620204,173.3403,128899.35,USD,2026-02-19T18:30:00
1155,35,3,2026-02-19,528.993213,132.995,70353.45,USD,2026-02-19T18:30:00
1156,36,1,2026-02-19,749.558293,85.2749,63918.51,USD,2026-02-19T18:30:00
1157,36,2,2026-02-19,100.188658,109.1666,10937.26,USD,2026-02-19T18:30:00
1158,36,3,2026-02-19,540.110728,220.5781,119136.6,USD,2026-02-19T18:30:00
1159,37,1,2026-02-19,1189.497781,20.2421,24077.93,USD,2026-02-19T18:30:00
1160,37,2,2026-02-19,1172.917965,23.6941,27791.24,USD,2026-02-19T18:30:00
1161,37,3,2026-02-19,948.708766,177.9389,168812.19,USD,2026-02-19T18:30:00
1162,38,1,2026-02-19,672.960484,47.0949,31693.01,USD,2026-02-19T18:30:00
1163,38,2,2026-02-19,126.357609,100.1972,12660.68,USD,2026-02-19T18:30:00
1164,38,3,2026-02-19,684.160472,214.919,147039.08,USD,2026-02-19T18:30:00
1165,39,1,2026-02-19,267.661548,219.7981,58831.5,USD,2026-02-19T18:30:00
1166,39,2,2026-02-19,802.980674,93.7451,75275.5,USD,2026-02-19T18:30:00
1167,39,3,2026-02-19,562.186438,138.4278,77822.23,USD,2026-02-19T18:30:00
1168,40,1,2026-02-19,981.947694,36.1886,35535.31,USD,2026-02-19T18:30:00
1169,40,2,2026-02-19,216.328031,36.0036,7788.59,USD,2026-02-19T18:30:00
1170,40,3,2026-02-19,1151.457774,105.2668,121210.28,USD,2026-02-19T18:30:00
1171,41,1,2026-02-19,519.737275,106.3649,55281.8,USD,2026-02-19T18:30:00
1172,41,2,2026-02-19,77.365836,92.1817,7131.71,USD,2026-02-19T18:30:00
1173,41,3,2026-02-19,725.243305,61.0324,44263.34,USD,2026-02-19T18:30:00
1174,42,1,2026-02-19,889.541714,37.4383,33302.93,USD,2026-02-19T18:30:00
1175,42,2,2026-02-19,545.494375,140.8195,76816.25,USD,2026-02-19T18:30:00
1176,42,3,2026-02-19,1138.240416,44.9233,51133.52,USD,2026-02-19T18:30:00
1177,43,1,2026-02-19,256.164169,146.3696,37494.65,USD,2026-02-19T18:30:00
1178,43,2,2026-02-19,1185.372891,195.8093,232107.04,USD,2026-02-19T18:30:00
1179,43,3,2026-02-19,74.88031,204.0481,15279.18,USD,2026-02-19T18:30:00
1180,44,1,2026-02-19,947.470955,244.8546,231992.62,USD,2026-02-19T18:30:00
1181,44,2,2026-02-19,256.104997,60.7583,15560.5,USD,2026-02-19T18:30:00
1182,44,3,2026-02-19,27.531284,192.0679,5287.88,USD,2026-02-19T18:30:00
1183,45,1,2026-02-19,507.504418,70.4971,35777.59,USD,2026-02-19T18:30:00
1184,45,2,2026-02-19,211.326743,44.0171,9301.99,USD,2026-02-19T18:30:00
1185,45,3,2026-02-19,328.686381,29.6102,9732.47,USD,2026-02-19T18:30:00
1186,46,1,2026-02-19,1048.531068,118.341,124084.22,USD,2026-02-19T18:30:00
1187,46,2,2026-02-19,503.666233,61.3852,30917.65,USD,2026-02-19T18:30:00
1188,46,3,2026-02-19,1071.688067,54.1788,58062.77,USD,2026-02-19T18:30:00
1189,47,1,2026-02-19,64.490739,224.7896,14496.85,USD,2026-02-19T18:30:00
1190,47,2,2026-02-19,514.241153,241.2078,124038.98,USD,2026-02-19T18:30:00
1191,47,3,2026-02-19,356.285979,57.6653,20545.34,USD,2026-02-19T18:30:00
1192,48,1,2026-02-19,1130.329973,125.5901,141958.25,USD,2026-02-19T18:30:00
1193,48,2,2026-02-19,642.607549,198.1258,127317.13,USD,2026-02-19T18:30:00
1194,48,3,2026-02-19,1158.707801,114.8282,133052.33,USD,2026-02-19T18:30:00
1195,49,1,2026-02-19,1095.117381,146.876,160846.46,USD,2026-02-19T18:30:00
1196,49,2,2026-02-19,987.618837,144.618,142827.46,USD,2026-02-19T18:30:00
1197,49,3,2026-02-19,1072.535148,57.6544,61836.37,USD,2026-02-19T18:30:00
1198,50,1,2026-02-19,867.268419,148.8374,129081.98,USD,2026-02-19T18:30:00
1199,50,2,2026-02-19,173.540687,169.3751,29393.47,USD,2026-02-19T18:30:00
1200,50,3,2026-02-19,988.204586,186.2456,184048.76,USD,2026-02-19T18:30:00
1201,1,1,2026-02-26,990.281919,185.9504,184143.32,USD,2026-02-26T18:30:00
1202,1,2,2026-02-26,17.024134,225.1603,3833.16,USD,2026-02-26T18:30:00
1203,1,3,2026-02-26,1120.583279,129.867,145526.79,USD,2026-02-26T18:30:00
1204,2,1,2026-02-26,379.689405,200.084,75969.77,USD,2026-02-26T18:30:00
1205,2,2,2026-02-26,808.734373,73.0726,59096.32,USD,2026-02-26T18:30:00
1206,2,3,2026-02-26,866.743246,247.1773,214239.26,USD,2026-02-26T18:30:00
1207,3,1,2026-02-26,1131.988494,215.7441,244219.84,USD,2026-02-26T18:30:00
1208,3,2,2026-02-26,761.151664,163.3399,124326.44,USD,2026-02-26T18:30:00
1209,3,3,2026-02-26,694.05242,18.7566,13018.06,USD,2026-02-26T18:30:00
1210,4,1,2026-02-26,894.84905,55.0377,49250.43,USD,2026-02-26T18:30:00
1211,4,2,2026-02-26,835.735305,195.8523,163680.68,USD,2026-02-26T18:30:00
1212,4,3,2026-02-26,721.132031,61.8729,44618.53,USD,2026-02-26T18:30:00
1213,5,1,2026-02-26,251.715695,55.8782,14065.42,USD,2026-02-26T18:30:00
1214,5,2,2026-02-26,815.553891,239.2251,195100.96,USD,2026-02-26T18:30:00
1215,5,3,2026-02-26,444.307698,97.3107,43235.89,USD,2026-02-26T18:30:00
1216,6,1,2026-02-26,362.333365,83.6717,30317.05,USD,2026-02-26T18:30:00
1217,6,2,2026-02-26,982.861822,39.9389,39254.42,USD,2026-02-26T18:30:00
1218,6,3,2026-02-26,598.956796,249.7716,149602.4,USD,2026-02-26T18:30:00
1219,7,1,2026-02-26,496.864472,94.415,46911.46,USD,2026-02-26T18:30:00
1220,7,2,2026-02-26,993.823032,112.2038,111510.72,USD,2026-02-26T18:30:00
1221,7,3,2026-02-26,1168.884192,90.5984,105899.04,USD,2026-02-26T18:30:00
1222,8,1,2026-02-26,1111.618631,120.1177,133525.07,USD,2026-02-26T18:30:00
1223,8,2,2026-02-26,447.745784,142.6609,63875.82,USD,2026-02-26T18:30:00
1224,8,3,2026-02-26,195.188566,114.6103,22370.62,USD,2026-02-26T18:30:00
1225,9,1,2026-02-26,342.033522,168.3053,57566.05,USD,2026-02-26T18:30:00
1226,9,2,2026-02-26,816.338203,162.1857,132398.38,USD,2026-02-26T18:30:00
1227,9,3,2026-02-26,842.511147,235.0964,198071.34,USD,2026-02-26T18:30:00
1228,10,1,2026-02-26,1087.059321,33.814,36757.82,USD,2026-02-26T18:30:00
1229,10,2,2026-02-26,105.144219,210.9363,22178.73,USD,2026-02-26T18:30:00
1230,10,3,2026-02-26,107.565528,13.9424,1499.72,USD,2026-02-26T18:30:00
1231,11,1,2026-02-26,1118.996102,34.8821,39032.93,USD,2026-02-26T18:30:00
1232,11,2,2026-02-26,899.932415,159.7182,143735.59,USD,2026-02-26T18:30:00
1233,11,3,2026-02-26,653.680489,162.046,105926.31,USD,2026-02-26T18:30:00
1234,12,1,2026-02-26,604.033824,203.409,122865.92,USD,2026-02-26T18:30:00
1235,12,2,2026-02-26,801.252162,214.4093,171795.92,USD,2026-02-26T18:30:00
1236,12,3,2026-02-26,254.245352,196.4513,49946.83,USD,2026-02-26T18:30:00
1237,13,1,2026-02-26,661.905495,37.4803,24808.42,USD,2026-02-26T18:30:00
1238,13,2,2026-02-26,1027.611159,238.1324,244707.51,USD,2026-02-26T18:30:00
1239,13,3,2026-02-26,420.73642,200.5003,84357.78,USD,2026-02-26T18:30:00
1240,14,1,2026-02-26,556.736553,227.9185,126890.56,USD,2026-02-26T18:30:00
1241,14,2,2026-02-26,773.831299,198.3124,153460.34,USD,2026-02-26T18:30:00
1242,14,3,2026-02-26,474.970266,235.508,111859.3,USD,2026-02-26T18:30:00
1243,15,1,2026-02-26,938.635265,131.8146,123725.83,USD,2026-02-26T18:30:00
1244,15,2,2026-02-26,321.130969,168.0836,53976.85,USD,2026-02-26T18:30:00
1245,15,3,2026-02-26,368.876024,226.6415,83602.62,USD,2026-02-26T18:30:00
1246,16,1,2026-02-26,1091.205252,171.5922,187242.31,USD,2026-02-26T18:30:00
1247,16,2,2026-02-26,4.989069,228.1742,1138.38,USD,2026-02-26T18:30:00
1248,16,3,2026-02-26,39.209533,16.2992,639.08,USD,2026-02-26T18:30:00
1249,17,1,2026-02-26,948.612154,211.7847,200901.54,USD,2026-02-26T18:30:00
1250,17,2,2026-02-26,622.755895,187.8989,117015.15,USD,2026-02-26T18:30:00
1251,17,3,2026-02-26,380.965155,50.8986,19390.59,USD,2026-02-26T18:30:00
1252,18,1,2026-02-26,686.624935,113.2047,77729.17,USD,2026-02-26T18:30:00
1253,18,2,2026-02-26,666.887498,103.927,69307.62,USD,2026-02-26T18:30:00
1254,18,3,2026-02-26,739.5215,104.3963,77203.31,USD,2026-02-26T18:30:00
1255,19,1,2026-02-26,61.897193,233.6657,14463.25,USD,2026-02-26T18:30:00
1256,19,2,2026-02-26,514.922933,235.454,121240.66,USD,2026-02-26T18:30:00
1257,19,3,2026-02-26,468.494037,184.747,86552.87,USD,2026-02-26T18:30:00
1258,20,1,2026-02-26,483.742823,86.35,41771.19,USD,2026-02-26T18:30:00
1259,20,2,2026-02-26,190.132386,65.4327,12440.88,USD,2026-02-26T18:30:00
1260,20,3,2026-02-26,852.029834,40.3193,34353.25,USD,2026-02-26T18:30:00
1261,21,1,2026-02-26,142.047274,148.4641,21088.92,USD,2026-02-26T18:30:00
1262,21,2,2026-02-26,470.414613,192.9212,90752.95,USD,2026-02-26T18:30:00
1263,21,3,2026-02-26,1099.998435,210.9611,232056.88,USD,2026-02-26T18:30:00
1264,22,1,2026-02-26,190.863803,87.3771,16677.13,USD,2026-02-26T18:30:00
1265,22,2,2026-02-26,111.90531,16.1537,1807.68,USD,2026-02-26T18:30:00
1266,22,3,2026-02-26,13.845747,194.8077,2697.26,USD,2026-02-26T18:30:00
1267,23,1,2026-02-26,183.658335,158.3439,29081.18,USD,2026-02-26T18:30:00
1268,23,2,2026-02-26,652.406984,243.376,158780.2,USD,2026-02-26T18:30:00
1269,23,3,2026-02-26,686.152602,16.0696,11026.2,USD,2026-02-26T18:30:00
1270,24,1,2026-02-26,881.002997,246.0194,216743.83,USD,2026-02-26T18:30:00
1271,24,2,2026-02-26,761.355781,196.6215,149698.92,USD,2026-02-26T18:30:00
1272,24,3,2026-02-26,223.866206,166.6055,37297.34,USD,2026-02-26T18:30:00
1273,25,1,2026-02-26,266.106268,56.5189,15040.03,USD,2026-02-26T18:30:00
1274,25,2,2026-02-26,1008.548152,184.315,185890.55,USD,2026-02-26T18:30:00
1275,25,3,2026-02-26,968.516875,100.7457,97573.91,USD,2026-02-26T18:30:00
1276,26,1,2026-02-26,312.575668,22.4197,7007.85,USD,2026-02-26T18:30:00
1277,26,2,2026-02-26,99.556043,44.5047,4430.71,USD,2026-02-26T18:30:00
1278,26,3,2026-02-26,27.768987,246.3515,6840.93,USD,2026-02-26T18:30:00
1279,27,1,2026-02-26,1040.326856,36.6236,38100.51,USD,2026-02-26T18:30:00
1280,27,2,2026-02-26,1112.638831,39.4442,43887.15,USD,2026-02-26T18:30:00
1281,27,3,2026-02-26,170.202463,72.8787,12404.13,USD,2026-02-26T18:30:00
1282,28,1,2026-02-26,216.753236,28.5715,6192.97,USD,2026-02-26T18:30:00
1283,28,2,2026-02-26,1013.548336,229.0526,232155.88,USD,2026-02-26T18:30:00
1284,28,3,2026-02-26,249.566946,34.1612,8525.51,USD,2026-02-26T18:30:00
1285,29,1,2026-02-26,954.529748,109.2988,104328.96,USD,2026-02-26T18:30:00
1286,29,2,2026-02-26,583.820754,160.1639,93507.01,USD,2026-02-26T18:30:00
1287,29,3,2026-02-26,252.355167,110.7777,27955.32,USD,2026-02-26T18:30:00
1288,30,1,2026-02-26,1067.656225,162.0524,173016.25,USD,2026-02-26T18:30:00
1289,30,2,2026-02-26,541.054235,48.6649,26330.35,USD,2026-02-26T18:30:00
1290,30,3,2026-02-26,358.505979,226.8732,81335.4,USD,2026-02-26T18:30:00
1291,31,1,2026-02-26,791.599672,161.4912,127836.38,USD,2026-02-26T18:30:00
1292,31,2,2026-02-26,1025.770712,38.1297,39112.33,USD,2026-02-26T18:30:00
1293,31,3,2026-02-26,411.372542,93.2281,38351.48,USD,2026-02-26T18:30:00
1294,32,1,2026-02-26,1193.899259,153.9983,183858.46,USD,2026-02-26T18:30:00
1295,32,2,2026-02-26,6.017466,135.2197,813.68,USD,2026-02-26T18:30:00
1296,32,3,2026-02-26,305.401226,39.1825,11966.38,USD,2026-02-26T18:30:00
1297,33,1,2026-02-26,727.332929,138.629,100829.44,USD,2026-02-26T18:30:00
1298,33,2,2026-02-26,621.593906,192.6306,119738.01,USD,2026-02-26T18:30:00
1299,33,3,2026-02-26,259.567835,97.5738,25327.02,USD,2026-02-26T18:30:00
1300,34,1,2026-02-26,1078.286846,17.0794,18416.49,USD,2026-02-26T18:30:00
1301,34,2,2026-02-26,166.278024,30.0263,4992.71,USD,2026-02-26T18:30:00
1302,34,3,2026-02-26,829.922068,40.3793,33511.67,USD,2026-02-26T18:30:00
1303,35,1,2026-02-26,328.399779,57.817,18987.09,USD,2026-02-26T18:30:00
1304,35,2,2026-02-26,110.363811,179.9401,19858.88,USD,2026-02-26T18:30:00
1305,35,3,2026-02-26,782.309436,122.0905,95512.55,USD,2026-02-26T18:30:00
1306,36,1,2026-02-26,970.814078,114.6549,111308.59,USD,2026-02-26T18:30:00
1307,36,2,2026-02-26,1135.61481,231.3635,262739.82,USD,2026-02-26T18:30:00
1308,36,3,2026-02-26,300.111778,57.4903,17253.52,USD,2026-02-26T18:30:00
1309,37,1,2026-02-26,1015.242933,182.1751,184951.98,USD,2026-02-26T18:30:00
1310,37,2,2026-02-26,1154.245559,34.6947,40046.2,USD,2026-02-26T18:30:00
1311,37,3,2026-02-26,951.783879,151.0189,143737.35,USD,2026-02-26T18:30:00
1312,38,1,2026-02-26,198.783739,59.3996,11807.67,USD,2026-02-26T18:30:00
1313,38,2,2026-02-26,866.472418,114.0332,98806.62,USD,2026-02-26T18:30:00
1314,38,3,2026-02-26,535.389281,153.1191,81978.32,USD,2026-02-26T18:30:00
1315,39,1,2026-02-26,326.008709,86.4997,28199.66,USD,2026-02-26T18:30:00
1316,39,2,2026-02-26,129.070934,101.931,13156.33,USD,2026-02-26T18:30:00
1317,39,3,2026-02-26,239.664929,94.6997,22696.2,USD,2026-02-26T18:30:00
1318,40,1,2026-02-26,1077.473613,206.642,222651.3,USD,2026-02-26T18:30:00
1319,40,2,2026-02-26,539.284061,223.4679,120512.68,USD,2026-02-26T18:30:00
1320,40,3,2026-02-26,1149.716927,70.7353,81325.57,USD,2026-02-26T18:30:00
1321,41,1,2026-02-26,491.769918,154.9317,76190.75,USD,2026-02-26T18:30:00
1322,41,2,2026-02-26,1052.70251,238.0907,250638.68,USD,2026-02-26T18:30:00
1323,41,3,2026-02-26,636.597824,105.5936,67220.66,USD,2026-02-26T18:30:00
1324,42,1,2026-02-26,137.579943,204.1697,28089.66,USD,2026-02-26T18:30:00
1325,42,2,2026-02-26,515.264161,54.6196,28143.52,USD,2026-02-26T18:30:00
1326,42,3,2026-02-26,294.381774,61.6442,18146.93,USD,2026-02-26T18:30:00
1327,43,1,2026-02-26,445.992354,44.8095,19984.69,USD,2026-02-26T18:30:00
1328,43,2,2026-02-26,377.343474,12.3119,4645.82,USD,2026-02-26T18:30:00
1329,43,3,2026-02-26,825.950897,182.0326,150349.99,USD,2026-02-26T18:30:00
1330,44,1,2026-02-26,256.526912,146.1926,37502.34,USD,2026-02-26T18:30:00
1331,44,2,2026-02-26,385.873487,65.8357,25404.25,USD,2026-02-26T18:30:00
1332,44,3,2026-02-26,79.482171,78.0674,6204.97,USD,2026-02-26T18:30:00
1333,45,1,2026-02-26,254.610197,62.1912,15834.51,USD,2026-02-26T18:30:00
1334,45,2,2026-02-26,673.150441,181.9037,122448.56,USD,2026-02-26T18:30:00
1335,45,3,2026-02-26,1135.525273,203.7824,231400.07,USD,2026-02-26T18:30:00
1336,46,1,2026-02-26,805.61396,147.7476,119027.53,USD,2026-02-26T18:30:00
1337,46,2,2026-02-26,775.524137,173.7117,134717.62,USD,2026-02-26T18:30:00
1338,46,3,2026-02-26,522.24668,205.2147,107172.7,USD,2026-02-26T18:30:00
1339,47,1,2026-02-26,237.780495,21.9183,5211.74,USD,2026-02-26T18:30:00
1340,47,2,2026-02-26,592.721115,21.23,12583.47,USD,2026-02-26T18:30:00
1341,47,3,2026-02-26,329.298542,38.6222,12718.23,USD,2026-02-26T18:30:00
1342,48,1,2026-02-26,543.342127,154.3434,83861.27,USD,2026-02-26T18:30:00
1343,48,2,2026-02-26,709.405315,66.7413,47346.63,USD,2026-02-26T18:30:00
1344,48,3,2026-02-26,25.522437,14.2807,364.48,USD,2026-02-26T18:30:00
1345,49,1,2026-02-26,939.966764,148.1821,139286.25,USD,2026-02-26T18:30:00
1346,49,2,2026-02-26,5.576419,120.8252,673.77,USD,2026-02-26T18:30:00
1347,49,3,2026-02-26,157.269661,242.0449,38066.32,USD,2026-02-26T18:30:00
1348,50,1,2026-02-26,44.409834,138.0321,6129.98,USD,2026-02-26T18:30:00
1349,50,2,2026-02-26,633.01642,90.9736,57587.78,USD,2026-02-26T18:30:00
1350,50,3,2026-02-26,19.52675,122.7744,2397.39,USD,2026-02-26T18:30:00
1351,1,1,2026-03-05,995.820261,109.6189,109160.72,USD,2026-03-05T18:30:00
1352,1,2,2026-03-05,361.197927,86.1255,31108.35,USD,2026-03-05T18:30:00
1353,1,3,2026-03-05,414.989362,29.1441,12094.49,USD,2026-03-05T18:30:00
1354,2,1,2026-03-05,929.536122,128.5165,119460.73,USD,2026-03-05T18:30:00
1355,2,2,2026-03-05,56.487325,81.6265,4610.86,USD,2026-03-05T18:30:00
1356,2,3,2026-03-05,1180.760206,128.4008,151610.56,USD,2026-03-05T18:30:00
1357,3,1,2026-03-05,769.316563,228.5132,175798.99,USD,2026-03-05T18:30:00
1358,3,2,2026-03-05,1011.690772,235.0489,237796.8,USD,2026-03-05T18:30:00
1359,3,3,2026-03-05,123.292333,63.7634,7861.54,USD,2026-03-05T18:30:00
1360,4,1,2026-03-05,990.547836,43.2963,42887.06,USD,2026-03-05T18:30:00
1361,4,2,2026-03-05,1192.248446,216.7333,258399.94,USD,2026-03-05T18:30:00
1362,4,3,2026-03-05,869.104032,64.3219,55902.42,USD,2026-03-05T18:30:00
1363,5,1,2026-03-05,105.620064,183.7859,19411.48,USD,2026-03-05T18:30:00
1364,5,2,2026-03-05,974.73839,205.8754,200674.66,USD,2026-03-05T18:30:00
1365,5,3,2026-03-05,645.070043,11.1859,7215.69,USD,2026-03-05T18:30:00
1366,6,1,2026-03-05,825.8895,22.5978,18663.29,USD,2026-03-05T18:30:00
1367,6,2,2026-03-05,1059.983216,20.3383,21558.26,USD,2026-03-05T18:30:00
1368,6,3,2026-03-05,57.604068,83.0296,4782.84,USD,2026-03-05T18:30:00
1369,7,1,2026-03-05,316.472557,175.1012,55414.72,USD,2026-03-05T18:30:00
1370,7,2,2026-03-05,949.953396,101.0936,96034.21,USD,2026-03-05T18:30:00
1371,7,3,2026-03-05,838.397796,231.966,194479.78,USD,2026-03-05T18:30:00
1372,8,1,2026-03-05,700.143845,38.7763,27148.99,USD,2026-03-05T18:30:00
1373,8,2,2026-03-05,383.199217,45.5204,17443.38,USD,2026-03-05T18:30:00
1374,8,3,2026-03-05,700.956361,214.0369,150030.53,USD,2026-03-05T18:30:00
1375,9,1,2026-03-05,1074.572489,162.8569,175001.54,USD,2026-03-05T18:30:00
1376,9,2,2026-03-05,801.882301,135.2233,108433.17,USD,2026-03-05T18:30:00
1377,9,3,2026-03-05,288.628136,124.7024,35992.62,USD,2026-03-05T18:30:00
1378,10,1,2026-03-05,588.124609,77.33,45479.68,USD,2026-03-05T18:30:00
1379,10,2,2026-03-05,927.172769,125.8495,116684.23,USD,2026-03-05T18:30:00
1380,10,3,2026-03-05,110.159247,193.8885,21358.61,USD,2026-03-05T18:30:00
1381,11,1,2026-03-05,853.657652,94.7223,80860.42,USD,2026-03-05T18:30:00
1382,11,2,2026-03-05,1002.650516,68.1703,68350.99,USD,2026-03-05T18:30:00
1383,11,3,2026-03-05,776.561127,215.4072,167276.86,USD,2026-03-05T18:30:00
1384,12,1,2026-03-05,833.958078,28.0347,23379.76,USD,2026-03-05T18:30:00
1385,12,2,2026-03-05,593.5269,60.9941,36201.64,USD,2026-03-05T18:30:00
1386,12,3,2026-03-05,804.598745,122.3561,98447.56,USD,2026-03-05T18:30:00
1387,13,1,2026-03-05,462.072267,127.0349,58699.3,USD,2026-03-05T18:30:00
1388,13,2,2026-03-05,408.540167,205.3589,83897.36,USD,2026-03-05T18:30:00
1389,13,3,2026-03-05,913.923039,133.3426,121864.87,USD,2026-03-05T18:30:00
1390,14,1,2026-03-05,376.030833,236.6515,88988.26,USD,2026-03-05T18:30:00
1391,14,2,2026-03-05,850.214834,167.2694,142214.93,USD,2026-03-05T18:30:00
1392,14,3,2026-03-05,1017.368375,35.3585,35972.62,USD,2026-03-05T18:30:00
1393,15,1,2026-03-05,156.072613,230.0073,35897.84,USD,2026-03-05T18:30:00
1394,15,2,2026-03-05,462.690899,118.5837,54867.6,USD,2026-03-05T18:30:00
1395,15,3,2026-03-05,744.573663,58.725,43725.09,USD,2026-03-05T18:30:00
1396,16,1,2026-03-05,480.245887,26.4734,12713.74,USD,2026-03-05T18:30:00
1397,16,2,2026-03-05,507.71278,174.7038,88699.35,USD,2026-03-05T18:30:00
1398,16,3,2026-03-05,1141.793515,148.5381,169599.84,USD,2026-03-05T18:30:00
1399,17,1,2026-03-05,122.47722,120.629,14774.3,USD,2026-03-05T18:30:00
1400,17,2,2026-03-05,128.608067,36.4478,4687.48,USD,2026-03-05T18:30:00
1401,17,3,2026-03-05,19.905522,120.6032,2400.67,USD,2026-03-05T18:30:00
1402,18,1,2026-03-05,320.108003,124.2977,39788.69,USD,2026-03-05T18:30:00
1403,18,2,2026-03-05,637.062491,94.4696,60183.04,USD,2026-03-05T18:30:00
1404,18,3,2026-03-05,141.991433,142.073,20173.15,USD,2026-03-05T18:30:00
1405,19,1,2026-03-05,425.312201,60.8958,25899.73,USD,2026-03-05T18:30:00
1406,19,2,2026-03-05,476.313601,113.4036,54015.68,USD,2026-03-05T18:30:00
1407,19,3,2026-03-05,400.487406,115.9217,46425.18,USD,2026-03-05T18:30:00
1408,20,1,2026-03-05,443.73681,21.7923,9670.05,USD,2026-03-05T18:30:00
1409,20,2,2026-03-05,459.027035,232.7248,106826.97,USD,2026-03-05T18:30:00
1410,20,3,2026-03-05,232.717952,55.4679,12908.38,USD,2026-03-05T18:30:00
1411,21,1,2026-03-05,211.974125,76.2222,16157.13,USD,2026-03-05T18:30:00
1412,21,2,2026-03-05,728.937761,134.4684,98019.09,USD,2026-03-05T18:30:00
1413,21,3,2026-03-05,131.021473,21.9691,2878.42,USD,2026-03-05T18:30:00
1414,22,1,2026-03-05,298.733094,36.6599,10951.53,USD,2026-03-05T18:30:00
1415,22,2,2026-03-05,138.225487,224.814,31075.02,USD,2026-03-05T18:30:00
1416,22,3,2026-03-05,690.276604,67.3041,46458.45,USD,2026-03-05T18:30:00
1417,23,1,2026-03-05,638.55807,76.1103,48600.85,USD,2026-03-05T18:30:00
1418,23,2,2026-03-05,1059.120348,177.8829,188399.4,USD,2026-03-05T18:30:00
1419,23,3,2026-03-05,485.471279,104.2925,50631.01,USD,2026-03-05T18:30:00
1420,24,1,2026-03-05,263.865957,207.7765,54825.15,USD,2026-03-05T18:30:00
1421,24,2,2026-03-05,830.020543,128.8412,106940.84,USD,2026-03-05T18:30:00
1422,24,3,2026-03-05,205.234943,58.8581,12079.74,USD,2026-03-05T18:30:00
1423,25,1,2026-03-05,764.279055,179.4048,137115.33,USD,2026-03-05T18:30:00
1424,25,2,2026-03-05,345.574359,10.7456,3713.4,USD,2026-03-05T18:30:00
1425,25,3,2026-03-05,222.094591,227.8678,50608.21,USD,2026-03-05T18:30:00
1426,26,1,2026-03-05,746.54202,187.3818,139888.39,USD,2026-03-05T18:30:00
1427,26,2,2026-03-05,1023.076727,175.1046,179145.44,USD,2026-03-05T18:30:00
1428,26,3,2026-03-05,204.279089,173.5462,35451.86,USD,2026-03-05T18:30:00
1429,27,1,2026-03-05,199.974545,89.7173,17941.18,USD,2026-03-05T18:30:00
1430,27,2,2026-03-05,546.259583,240.9383,131614.86,USD,2026-03-05T18:30:00
1431,27,3,2026-03-05,799.237655,112.7014,90075.2,USD,2026-03-05T18:30:00
1432,28,1,2026-03-05,24.992217,243.849,6094.33,USD,2026-03-05T18:30:00
1433,28,2,2026-03-05,1057.509033,50.974,53905.47,USD,2026-03-05T18:30:00
1434,28,3,2026-03-05,912.312903,12.3361,11254.38,USD,2026-03-05T18:30:00
1435,29,1,2026-03-05,422.572374,123.7192,52280.32,USD,2026-03-05T18:30:00
1436,29,2,2026-03-05,1.207767,219.5724,265.19,USD,2026-03-05T18:30:00
1437,29,3,2026-03-05,567.081893,20.8424,11819.35,USD,2026-03-05T18:30:00
1438,30,1,2026-03-05,20.868986,173.2111,3614.74,USD,2026-03-05T18:30:00
1439,30,2,2026-03-05,348.790284,64.789,22597.77,USD,2026-03-05T18:30:00
1440,30,3,2026-03-05,603.775765,191.1982,115440.84,USD,2026-03-05T18:30:00
1441,31,1,2026-03-05,930.307863,33.9982,31628.79,USD,2026-03-05T18:30:00
1442,31,2,2026-03-05,964.671142,90.5626,87363.13,USD,2026-03-05T18:30:00
1443,31,3,2026-03-05,588.79422,94.1875,55457.06,USD,2026-03-05T18:30:00
1444,32,1,2026-03-05,654.858088,169.218,110813.78,USD,2026-03-05T18:30:00
1445,32,2,2026-03-05,304.244215,120.1002,36539.79,USD,2026-03-05T18:30:00
1446,32,3,2026-03-05,993.299374,82.2722,81720.92,USD,2026-03-05T18:30:00
1447,33,1,2026-03-05,400.486644,134.2795,53777.15,USD,2026-03-05T18:30:00
1448,33,2,2026-03-05,796.724428,217.6307,173391.69,USD,2026-03-05T18:30:00
1449,33,3,2026-03-05,1012.436544,126.2452,127815.25,USD,2026-03-05T18:30:00
1450,34,1,2026-03-05,323.924935,134.6341,43611.34,USD,2026-03-05T18:30:00
1451,34,2,2026-03-05,767.760372,45.4961,34930.1,USD,2026-03-05T18:30:00
1452,34,3,2026-03-05,492.382737,62.8613,30951.82,USD,2026-03-05T18:30:00
1453,35,1,2026-03-05,1192.904477,95.7267,114192.81,USD,2026-03-05T18:30:00
1454,35,2,2026-03-05,37.08561,148.6202,5511.67,USD,2026-03-05T18:30:00
1455,35,3,2026-03-05,834.967303,113.3729,94662.66,USD,2026-03-05T18:30:00
1456,36,1,2026-03-05,247.569025,31.4258,7780.05,USD,2026-03-05T18:30:00
1457,36,2,2026-03-05,1104.776707,100.6668,111214.34,USD,2026-03-05T18:30:00
1458,36,3,2026-03-05,129.51799,75.7417,9809.91,USD,2026-03-05T18:30:00
1459,37,1,2026-03-05,752.270049,140.7799,105904.5,USD,2026-03-05T18:30:00
1460,37,2,2026-03-05,1094.868542,246.9596,270388.3,USD,2026-03-05T18:30:00
1461,37,3,2026-03-05,1051.311408,51.9885,54656.1,USD,2026-03-05T18:30:00
1462,38,1,2026-03-05,1092.392802,93.7228,102382.11,USD,2026-03-05T18:30:00
1463,38,2,2026-03-05,397.434804,151.3955,60169.84,USD,2026-03-05T18:30:00
1464,38,3,2026-03-05,1134.3198,76.2993,86547.81,USD,2026-03-05T18:30:00
1465,39,1,2026-03-05,228.687197,149.084,34093.6,USD,2026-03-05T18:30:00
1466,39,2,2026-03-05,842.202762,210.2012,177032.03,USD,2026-03-05T18:30:00
1467,39,3,2026-03-05,147.553516,200.8799,29640.54,USD,2026-03-05T18:30:00
1468,40,1,2026-03-05,679.994917,200.2061,136139.13,USD,2026-03-05T18:30:00
1469,40,2,2026-03-05,416.397377,36.4457,15175.89,USD,2026-03-05T18:30:00
1470,40,3,2026-03-05,10.001855,232.5359,2325.79,USD,2026-03-05T18:30:00
1471,41,1,2026-03-05,176.557307,173.4215,30618.83,USD,2026-03-05T18:30:00
1472,41,2,2026-03-05,627.823403,79.5476,49941.84,USD,2026-03-05T18:30:00
1473,41,3,2026-03-05,669.769019,49.0256,32835.83,USD,2026-03-05T18:30:00
1474,42,1,2026-03-05,584.189757,25.508,14901.51,USD,2026-03-05T18:30:00
1475,42,2,2026-03-05,353.672075,118.926,42060.81,USD,2026-03-05T18:30:00
1476,42,3,2026-03-05,260.790363,208.1129,54273.84,USD,2026-03-05T18:30:00
1477,43,1,2026-03-05,148.122919,127.2079,18842.41,USD,2026-03-05T18:30:00
1478,43,2,2026-03-05,6.108297,94.5413,577.49,USD,2026-03-05T18:30:00
1479,43,3,2026-03-05,1000.932062,21.9765,21996.98,USD,2026-03-05T18:30:00
1480,44,1,2026-03-05,165.262541,220.8933,36505.39,USD,2026-03-05T18:30:00
1481,44,2,2026-03-05,942.315959,130.4784,122951.88,USD,2026-03-05T18:30:00
1482,44,3,2026-03-05,1150.229151,144.5798,166299.9,USD,2026-03-05T18:30:00
1483,45,1,2026-03-05,1144.422305,181.1673,207331.9,USD,2026-03-05T18:30:00
1484,45,2,2026-03-05,171.173108,185.9328,31826.7,USD,2026-03-05T18:30:00
1485,45,3,2026-03-05,518.460941,230.3824,119444.28,USD,2026-03-05T18:30:00
1486,46,1,2026-03-05,348.962431,17.7128,6181.1,USD,2026-03-05T18:30:00
1487,46,2,2026-03-05,1119.521716,69.6948,78024.84,USD,2026-03-05T18:30:00
1488,46,3,2026-03-05,814.200332,102.6978,83616.58,USD,2026-03-05T18:30:00
1489,47,1,2026-03-05,478.936323,226.9991,108718.11,USD,2026-03-05T18:30:00
1490,47,2,2026-03-05,1071.640369,230.8466,247384.54,USD,2026-03-05T18:30:00
1491,47,3,2026-03-05,716.446551,51.5925,36963.27,USD,2026-03-05T18:30:00
1492,48,1,2026-03-05,522.979525,220.2238,115172.54,USD,2026-03-05T18:30:00
1493,48,2,2026-03-05,965.2563,43.4023,41894.34,USD,2026-03-05T18:30:00
1494,48,3,2026-03-05,921.19243,70.0049,64487.98,USD,2026-03-05T18:30:00
1495,49,1,2026-03-05,499.574765,57.8856,28918.19,USD,2026-03-05T18:30:00
1496,49,2,2026-03-05,365.995315,81.3602,29777.45,USD,2026-03-05T18:30:00
1497,49,3,2026-03-05,1112.542379,120.6771,134258.39,USD,2026-03-05T18:30:00
1498,50,1,2026-03-05,220.046607,197.7774,43520.25,USD,2026-03-05T18:30:00
1499,50,2,2026-03-05,1000.622816,33.0502,33070.78,USD,2026-03-05T18:30:00
1500,50,3,2026-03-05,631.885676,176.592,111585.96,USD,2026-03-05T18:30:00
1501,1,1,2026-03-12,604.578208,174.4392,105462.14,USD,2026-03-12T18:30:00
1502,1,2,2026-03-12,429.07079,95.0065,40764.51,USD,2026-03-12T18:30:00
1503,1,3,2026-03-12,559.86307,240.7473,134785.52,USD,2026-03-12T18:30:00
1504,2,1,2026-03-12,553.540778,229.014,126768.59,USD,2026-03-12T18:30:00
1505,2,2,2026-03-12,31.706544,194.0247,6151.85,USD,2026-03-12T18:30:00
1506,2,3,2026-03-12,106.114785,43.7405,4641.51,USD,2026-03-12T18:30:00
1507,3,1,2026-03-12,1088.21854,198.7917,216328.81,USD,2026-03-12T18:30:00
1508,3,2,2026-03-12,696.386902,99.5467,69323.02,USD,2026-03-12T18:30:00
1509,3,3,2026-03-12,745.067691,225.979,168369.65,USD,2026-03-12T18:30:00
1510,4,1,2026-03-12,1053.366282,22.8486,24067.94,USD,2026-03-12T18:30:00
1511,4,2,2026-03-12,1014.128811,40.2246,40792.93,USD,2026-03-12T18:30:00
1512,4,3,2026-03-12,804.095078,121.0739,97354.93,USD,2026-03-12T18:30:00
1513,5,1,2026-03-12,915.594621,134.322,122984.5,USD,2026-03-12T18:30:00
1514,5,2,2026-03-12,1007.037646,30.3182,30531.57,USD,2026-03-12T18:30:00
1515,5,3,2026-03-12,324.209814,246.6816,79976.6,USD,2026-03-12T18:30:00
1516,6,1,2026-03-12,128.4587,152.6415,19608.13,USD,2026-03-12T18:30:00
1517,6,2,2026-03-12,986.32816,145.7064,143714.33,USD,2026-03-12T18:30:00
1518,6,3,2026-03-12,828.711483,217.4354,180191.21,USD,2026-03-12T18:30:00
1519,7,1,2026-03-12,145.731217,150.3082,21904.6,USD,2026-03-12T18:30:00
1520,7,2,2026-03-12,612.985045,182.0683,111605.15,USD,2026-03-12T18:30:00
1521,7,3,2026-03-12,841.887199,133.9034,112731.56,USD,2026-03-12T18:30:00
1522,8,1,2026-03-12,674.459103,242.1468,163318.11,USD,2026-03-12T18:30:00
1523,8,2,2026-03-12,163.6833,224.8126,36798.07,USD,2026-03-12T18:30:00
1524,8,3,2026-03-12,767.601754,47.1461,36189.43,USD,2026-03-12T18:30:00
1525,9,1,2026-03-12,753.887355,182.5941,137655.38,USD,2026-03-12T18:30:00
1526,9,2,2026-03-12,1123.83745,203.348,228530.1,USD,2026-03-12T18:30:00
1527,9,3,2026-03-12,748.396707,58.168,43532.74,USD,2026-03-12T18:30:00
1528,10,1,2026-03-12,80.570474,46.7253,3764.68,USD,2026-03-12T18:30:00
1529,10,2,2026-03-12,1055.878876,134.7574,142287.49,USD,2026-03-12T18:30:00
1530,10,3,2026-03-12,296.647303,34.8657,10342.82,USD,2026-03-12T18:30:00
1531,11,1,2026-03-12,29.587661,131.3931,3887.61,USD,2026-03-12T18:30:00
1532,11,2,2026-03-12,468.856672,232.2507,108892.29,USD,2026-03-12T18:30:00
1533,11,3,2026-03-12,359.90851,126.0927,45381.84,USD,2026-03-12T18:30:00
1534,12,1,2026-03-12,220.852731,66.3827,14660.8,USD,2026-03-12T18:30:00
1535,12,2,2026-03-12,1017.273944,72.4652,73716.96,USD,2026-03-12T18:30:00
1536,12,3,2026-03-12,735.312069,115.3912,84848.54,USD,2026-03-12T18:30:00
1537,13,1,2026-03-12,789.791184,39.5672,31249.83,USD,2026-03-12T18:30:00
1538,13,2,2026-03-12,175.495645,15.1979,2667.17,USD,2026-03-12T18:30:00
1539,13,3,2026-03-12,170.023422,188.7036,32084.03,USD,2026-03-12T18:30:00
1540,14,1,2026-03-12,288.818274,132.7636,38344.55,USD,2026-03-12T18:30:00
1541,14,2,2026-03-12,839.554395,58.0842,48764.85,USD,2026-03-12T18:30:00
1542,14,3,2026-03-12,576.559758,79.4678,45817.94,USD,2026-03-12T18:30:00
1543,15,1,2026-03-12,120.023623,151.3033,18159.97,USD,2026-03-12T18:30:00
1544,15,2,2026-03-12,440.807289,76.0435,33520.53,USD,2026-03-12T18:30:00
1545,15,3,2026-03-12,462.984947,201.9652,93506.85,USD,2026-03-12T18:30:00
1546,16,1,2026-03-12,556.756438,205.2385,114267.86,USD,2026-03-12T18:30:00
1547,16,2,2026-03-12,177.799836,78.0213,13872.17,USD,2026-03-12T18:30:00
1548,16,3,2026-03-12,144.151797,103.4631,14914.39,USD,2026-03-12T18:30:00
1549,17,1,2026-03-12,696.645689,18.1801,12665.09,USD,2026-03-12T18:30:00
1550,17,2,2026-03-12,780.506792,167.7259,130911.2,USD,2026-03-12T18:30:00
1551,17,3,2026-03-12,533.375261,227.946,121580.76,USD,2026-03-12T18:30:00
1552,18,1,2026-03-12,425.672248,43.4328,18488.14,USD,2026-03-12T18:30:00
1553,18,2,2026-03-12,1058.909026,120.004,127073.32,USD,2026-03-12T18:30:00
1554,18,3,2026-03-12,10.944074,47.9955,525.27,USD,2026-03-12T18:30:00
1555,19,1,2026-03-12,600.766055,216.6453,130153.14,USD,2026-03-12T18:30:00
1556,19,2,2026-03-12,252.936167,226.6121,57318.4,USD,2026-03-12T18:30:00
1557,19,3,2026-03-12,630.06678,133.1308,83881.29,USD,2026-03-12T18:30:00
1558,20,1,2026-03-12,209.396255,46.3367,9702.73,USD,2026-03-12T18:30:00
1559,20,2,2026-03-12,787.120063,145.1555,114254.81,USD,2026-03-12T18:30:00
1560,20,3,2026-03-12,551.378093,216.0793,119141.39,USD,2026-03-12T18:30:00
1561,21,1,2026-03-12,168.047156,198.3906,33338.98,USD,2026-03-12T18:30:00
1562,21,2,2026-03-12,790.132734,231.6345,183022.0,USD,2026-03-12T18:30:00
1563,21,3,2026-03-12,81.852131,211.4381,17306.66,USD,2026-03-12T18:30:00
1564,22,1,2026-03-12,580.493594,241.0132,139906.62,USD,2026-03-12T18:30:00
1565,22,2,2026-03-12,727.010158,53.2899,38742.3,USD,2026-03-12T18:30:00
1566,22,3,2026-03-12,850.20022,131.6753,111950.37,USD,2026-03-12T18:30:00
1567,23,1,2026-03-12,790.68612,72.2142,57098.77,USD,2026-03-12T18:30:00
1568,23,2,2026-03-12,837.322447,151.3245,126707.4,USD,2026-03-12T18:30:00
1569,23,3,2026-03-12,696.869663,150.2784,104724.46,USD,2026-03-12T18:30:00
1570,24,1,2026-03-12,995.863522,26.2168,26108.35,USD,2026-03-12T18:30:00
1571,24,2,2026-03-12,35.426213,185.8906,6585.4,USD,2026-03-12T18:30:00
1572,24,3,2026-03-12,278.045172,169.6626,47173.87,USD,2026-03-12T18:30:00
1573,25,1,2026-03-12,599.320685,173.0373,103704.83,USD,2026-03-12T18:30:00
1574,25,2,2026-03-12,388.391257,65.5683,25466.15,USD,2026-03-12T18:30:00
1575,25,3,2026-03-12,926.091982,230.1444,213134.88,USD,2026-03-12T18:30:00
1576,26,1,2026-03-12,954.725917,35.3036,33705.26,USD,2026-03-12T18:30:00
1577,26,2,2026-03-12,1056.906493,184.7592,195273.2,USD,2026-03-12T18:30:00
1578,26,3,2026-03-12,460.900156,243.5967,112273.76,USD,2026-03-12T18:30:00
1579,27,1,2026-03-12,1106.850958,24.8624,27518.97,USD,2026-03-12T18:30:00
1580,27,2,2026-03-12,300.580619,18.9804,5705.14,USD,2026-03-12T18:30:00
1581,27,3,2026-03-12,899.92193,115.9668,104361.07,USD,2026-03-12T18:30:00
1582,28,1,2026-03-12,449.186536,161.5106,72548.39,USD,2026-03-12T18:30:00
1583,28,2,2026-03-12,35.351344,51.7761,1830.35,USD,2026-03-12T18:30:00
1584,28,3,2026-03-12,129.193208,117.8823,15229.59,USD,2026-03-12T18:30:00
1585,29,1,2026-03-12,159.85997,162.975,26053.18,USD,2026-03-12T18:30:00
1586,29,2,2026-03-12,667.761864,56.9723,38043.93,USD,2026-03-12T18:30:00
1587,29,3,2026-03-12,589.323623,172.9238,101908.08,USD,2026-03-12T18:30:00
1588,30,1,2026-03-12,270.595847,188.1169,50903.65,USD,2026-03-12T18:30:00
1589,30,2,2026-03-12,520.87561,136.8471,71280.32,USD,2026-03-12T18:30:00
1590,30,3,2026-03-12,948.005061,30.6444,29051.05,USD,2026-03-12T18:30:00
1591,31,1,2026-03-12,29.091665,240.3598,6992.47,USD,2026-03-12T18:30:00
1592,31,2,2026-03-12,115.447338,17.9774,2075.44,USD,2026-03-12T18:30:00
1593,31,3,2026-03-12,168.675112,11.2567,1898.73,USD,2026-03-12T18:30:00
1594,32,1,2026-03-12,929.262806,146.3908,136035.53,USD,2026-03-12T18:30:00
1595,32,2,2026-03-12,1037.389389,91.7707,95201.95,USD,2026-03-12T18:30:00
1596,32,3,2026-03-12,818.833447,239.8585,196404.16,USD,2026-03-12T18:30:00
1597,33,1,2026-03-12,873.940226,136.7571,119517.53,USD,2026-03-12T18:30:00
1598,33,2,2026-03-12,228.164281,59.7939,13642.83,USD,2026-03-12T18:30:00
1599,33,3,2026-03-12,993.090887,130.2041,129304.51,USD,2026-03-12T18:30:00
1600,34,1,2026-03-12,427.782231,225.9414,96653.72,USD,2026-03-12T18:30:00
1601,34,2,2026-03-12,1024.10592,202.383,207261.63,USD,2026-03-12T18:30:00
1602,34,3,2026-03-12,526.653675,160.113,84324.1,USD,2026-03-12T18:30:00
1603,35,1,2026-03-12,1048.772282,146.5966,153746.45,USD,2026-03-12T18:30:00
1604,35,2,2026-03-12,152.630861,134.1392,20473.78,USD,2026-03-12T18:30:00
1605,35,3,2026-03-12,121.095605,129.6909,15705.0,USD,2026-03-12T18:30:00
1606,36,1,2026-03-12,61.774811,139.7291,8631.74,USD,2026-03-12T18:30:00
1607,36,2,2026-03-12,27.050974,207.1187,5602.76,USD,2026-03-12T18:30:00
1608,36,3,2026-03-12,347.875776,208.7556,72621.02,USD,2026-03-12T18:30:00
1609,37,1,2026-03-12,468.511692,95.8972,44928.96,USD,2026-03-12T18:30:00
1610,37,2,2026-03-12,1046.931042,47.8871,50134.49,USD,2026-03-12T18:30:00
1611,37,3,2026-03-12,345.682795,138.2617,47794.69,USD,2026-03-12T18:30:00
1612,38,1,2026-03-12,289.678081,134.2623,38892.85,USD,2026-03-12T18:30:00
1613,38,2,2026-03-12,733.496828,84.9374,62301.31,USD,2026-03-12T18:30:00
1614,38,3,2026-03-12,742.373899,141.026,104694.02,USD,2026-03-12T18:30:00
1615,39,1,2026-03-12,1070.170052,149.8654,160381.46,USD,2026-03-12T18:30:00
1616,39,2,2026-03-12,1124.312263,246.3841,277012.67,USD,2026-03-12T18:30:00
1617,39,3,2026-03-12,783.878401,17.7459,13910.63,USD,2026-03-12T18:30:00
1618,40,1,2026-03-12,505.686837,58.1227,29391.88,USD,2026-03-12T18:30:00
1619,40,2,2026-03-12,1065.633638,24.2541,25845.98,USD,2026-03-12T18:30:00
1620,40,3,2026-03-12,245.079969,206.023,50492.11,USD,2026-03-12T18:30:00
1621,41,1,2026-03-12,395.531004,191.7627,75848.09,USD,2026-03-12T18:30:00
1622,41,2,2026-03-12,1094.783448,24.9588,27324.48,USD,2026-03-12T18:30:00
1623,41,3,2026-03-12,592.266137,203.3589,120442.59,USD,2026-03-12T18:30:00
1624,42,1,2026-03-12,676.627438,156.4004,105824.8,USD,2026-03-12T18:30:00
1625,42,2,2026-03-12,1002.004147,203.797,204205.44,USD,2026-03-12T18:30:00
1626,42,3,2026-03-12,415.014687,26.9831,11198.38,USD,2026-03-12T18:30:00
1627,43,1,2026-03-12,499.48821,187.4295,93618.83,USD,2026-03-12T18:30:00
1628,43,2,2026-03-12,1115.236304,223.0045,248702.71,USD,2026-03-12T18:30:00
1629,43,3,2026-03-12,574.525782,41.0715,23596.64,USD,2026-03-12T18:30:00
1630,44,1,2026-03-12,867.99573,34.9747,30357.89,USD,2026-03-12T18:30:00
1631,44,2,2026-03-12,595.916064,64.0588,38173.67,USD,2026-03-12T18:30:00
1632,44,3,2026-03-12,420.30922,124.6222,52379.86,USD,2026-03-12T18:30:00
1633,45,1,2026-03-12,937.850206,220.348,206653.42,USD,2026-03-12T18:30:00
1634,45,2,2026-03-12,273.306164,233.4992,63816.77,USD,2026-03-12T18:30:00
1635,45,3,2026-03-12,31.624583,197.6374,6250.2,USD,2026-03-12T18:30:00
1636,46,1,2026-03-12,235.409139,155.9533,36712.83,USD,2026-03-12T18:30:00
1637,46,2,2026-03-12,455.266068,174.0628,79244.89,USD,2026-03-12T18:30:00
1638,46,3,2026-03-12,21.713837,125.7216,2729.9,USD,2026-03-12T18:30:00
1639,47,1,2026-03-12,464.549748,100.5347,46703.37,USD,2026-03-12T18:30:00
1640,47,2,2026-03-12,150.284872,178.3211,26798.96,USD,2026-03-12T18:30:00
1641,47,3,2026-03-12,659.453909,37.74,24887.79,USD,2026-03-12T18:30:00
1642,48,1,2026-03-12,141.591068,157.7568,22336.95,USD,2026-03-12T18:30:00
1643,48,2,2026-03-12,1084.261549,94.4294,102386.17,USD,2026-03-12T18:30:00
1644,48,3,2026-03-12,411.750765,230.3365,94841.23,USD,2026-03-12T18:30:00
1645,49,1,2026-03-12,285.80425,32.0778,9167.97,USD,2026-03-12T18:30:00
1646,49,2,2026-03-12,12.05958,109.1357,1316.13,USD,2026-03-12T18:30:00
1647,49,3,2026-03-12,903.082876,203.8564,184099.22,USD,2026-03-12T18:30:00
1648,50,1,2026-03-12,643.461089,20.9871,13504.38,USD,2026-03-12T18:30:00
1649,50,2,2026-03-12,962.120515,219.5814,211263.77,USD,2026-03-12T18:30:00
1650,50,3,2026-03-12,299.906881,23.6521,7093.43,USD,2026-03-12T18:30:00
1651,1,1,2026-03-19,67.985506,115.2534,7835.56,USD,2026-03-19T18:30:00
1652,1,2,2026-03-19,339.115173,85.3902,28957.11,USD,2026-03-19T18:30:00
1653,1,3,2026-03-19,722.899216,223.7019,161713.93,USD,2026-03-19T18:30:00
1654,2,1,2026-03-19,1197.706571,41.1319,49263.95,USD,2026-03-19T18:30:00
1655,2,2,2026-03-19,477.382381,167.8199,80114.26,USD,2026-03-19T18:30:00
1656,2,3,2026-03-19,787.90834,28.3307,22321.99,USD,2026-03-19T18:30:00
1657,3,1,2026-03-19,1126.044171,59.4066,66894.46,USD,2026-03-19T18:30:00
1658,3,2,2026-03-19,846.306223,205.222,173680.66,USD,2026-03-19T18:30:00
1659,3,3,2026-03-19,1077.168211,216.1024,232778.64,USD,2026-03-19T18:30:00
1660,4,1,2026-03-19,532.250205,82.6525,43991.81,USD,2026-03-19T18:30:00
1661,4,2,2026-03-19,440.320362,142.3374,62674.06,USD,2026-03-19T18:30:00
1662,4,3,2026-03-19,1042.765131,68.6094,71543.49,USD,2026-03-19T18:30:00
1663,5,1,2026-03-19,1071.574172,86.5261,92719.13,USD,2026-03-19T18:30:00
1664,5,2,2026-03-19,649.703009,35.0508,22772.61,USD,2026-03-19T18:30:00
1665,5,3,2026-03-19,415.962543,108.6001,45173.57,USD,2026-03-19T18:30:00
1666,6,1,2026-03-19,1140.676149,126.6898,144512.03,USD,2026-03-19T18:30:00
1667,6,2,2026-03-19,94.135292,228.8918,21546.8,USD,2026-03-19T18:30:00
1668,6,3,2026-03-19,1009.710422,135.0388,136350.08,USD,2026-03-19T18:30:00
1669,7,1,2026-03-19,365.927041,142.7118,52222.11,USD,2026-03-19T18:30:00
1670,7,2,2026-03-19,147.29766,183.9786,27099.62,USD,2026-03-19T18:30:00
1671,7,3,2026-03-19,945.528067,18.6082,17594.58,USD,2026-03-19T18:30:00
1672,8,1,2026-03-19,282.126293,115.6666,32632.59,USD,2026-03-19T18:30:00
1673,8,2,2026-03-19,917.030377,238.7308,218923.4,USD,2026-03-19T18:30:00
1674,8,3,2026-03-19,25.54758,210.718,5383.33,USD,2026-03-19T18:30:00
1675,9,1,2026-03-19,324.358287,151.1776,49035.71,USD,2026-03-19T18:30:00
1676,9,2,2026-03-19,360.495417,241.6232,87104.06,USD,2026-03-19T18:30:00
1677,9,3,2026-03-19,71.66405,215.0978,15414.78,USD,2026-03-19T18:30:00
1678,10,1,2026-03-19,460.723512,14.5236,6691.36,USD,2026-03-19T18:30:00
1679,10,2,2026-03-19,459.105817,116.5647,53515.53,USD,2026-03-19T18:30:00
1680,10,3,2026-03-19,269.338142,101.0385,27213.52,USD,2026-03-19T18:30:00
1681,11,1,2026-03-19,791.910834,137.7981,109123.81,USD,2026-03-19T18:30:00
1682,11,2,2026-03-19,792.482948,17.5135,13879.15,USD,2026-03-19T18:30:00
1683,11,3,2026-03-19,915.595573,234.9337,215104.26,USD,2026-03-19T18:30:00
1684,12,1,2026-03-19,1092.064803,191.0747,208665.95,USD,2026-03-19T18:30:00
1685,12,2,2026-03-19,403.461956,208.7578,84225.83,USD,2026-03-19T18:30:00
1686,12,3,2026-03-19,315.039287,190.7964,60108.36,USD,2026-03-19T18:30:00
1687,13,1,2026-03-19,259.852979,16.5628,4303.89,USD,2026-03-19T18:30:00
1688,13,2,2026-03-19,870.943539,159.1673,138625.73,USD,2026-03-19T18:30:00
1689,13,3,2026-03-19,1038.89075,197.827,205520.64,USD,2026-03-19T18:30:00
1690,14,1,2026-03-19,1114.279771,190.5762,212355.2,USD,2026-03-19T18:30:00
1691,14,2,2026-03-19,968.876035,142.7906,138346.39,USD,2026-03-19T18:30:00
1692,14,3,2026-03-19,1142.968312,233.7934,267218.45,USD,2026-03-19T18:30:00
1693,15,1,2026-03-19,344.902171,247.8139,85471.55,USD,2026-03-19T18:30:00
1694,15,2,2026-03-19,641.713656,111.7204,71692.51,USD,2026-03-19T18:30:00
1695,15,3,2026-03-19,863.064235,194.563,167920.37,USD,2026-03-19T18:30:00
1696,16,1,2026-03-19,312.12085,240.4732,75056.7,USD,2026-03-19T18:30:00
1697,16,2,2026-03-19,560.798968,248.2271,139205.5,USD,2026-03-19T18:30:00
1698,16,3,2026-03-19,285.872288,227.851,65136.29,USD,2026-03-19T18:30:00
1699,17,1,2026-03-19,336.840157,173.8237,58550.8,USD,2026-03-19T18:30:00
1700,17,2,2026-03-19,329.271386,249.7135,82223.51,USD,2026-03-19T18:30:00
1701,17,3,2026-03-19,925.607045,80.998,74972.32,USD,2026-03-19T18:30:00
1702,18,1,2026-03-19,685.299159,19.2655,13202.63,USD,2026-03-19T18:30:00
1703,18,2,2026-03-19,329.123858,74.4994,24519.53,USD,2026-03-19T18:30:00
1704,18,3,2026-03-19,300.615932,166.7275,50120.94,USD,2026-03-19T18:30:00
1705,19,1,2026-03-19,925.876715,12.9614,12000.66,USD,2026-03-19T18:30:00
1706,19,2,2026-03-19,368.274187,168.5864,62086.02,USD,2026-03-19T18:30:00
1707,19,3,2026-03-19,1003.199756,213.4222,214105.1,USD,2026-03-19T18:30:00
1708,20,1,2026-03-19,532.570423,14.144,7532.68,USD,2026-03-19T18:30:00
1709,20,2,2026-03-19,10.644842,18.8809,200.98,USD,2026-03-19T18:30:00
1710,20,3,2026-03-19,430.468382,163.0583,70191.44,USD,2026-03-19T18:30:00
1711,21,1,2026-03-19,667.930092,108.0666,72180.93,USD,2026-03-19T18:30:00
1712,21,2,2026-03-19,695.484387,29.0913,20232.54,USD,2026-03-19T18:30:00
1713,21,3,2026-03-19,1076.45314,142.3475,153230.41,USD,2026-03-19T18:30:00
1714,22,1,2026-03-19,1143.951944,115.7055,132361.53,USD,2026-03-19T18:30:00
1715,22,2,2026-03-19,309.60835,198.8166,61555.28,USD,2026-03-19T18:30:00
1716,22,3,2026-03-19,311.448963,128.7829,40109.3,USD,2026-03-19T18:30:00
1717,23,1,2026-03-19,272.902703,51.8789,14157.89,USD,2026-03-19T18:30:00
1718,23,2,2026-03-19,1045.487019,167.4348,175050.91,USD,2026-03-19T18:30:00
1719,23,3,2026-03-19,279.206945,167.1042,46656.65,USD,2026-03-19T18:30:00
1720,24,1,2026-03-19,221.106592,131.6126,29100.41,USD,2026-03-19T18:30:00
1721,24,2,2026-03-19,528.370657,86.1603,45524.57,USD,2026-03-19T18:30:00
1722,24,3,2026-03-19,664.089272,64.7086,42972.29,USD,2026-03-19T18:30:00
1723,25,1,2026-03-19,1142.044551,248.0731,283310.53,USD,2026-03-19T18:30:00
1724,25,2,2026-03-19,1170.338794,13.8684,16230.73,USD,2026-03-19T18:30:00
1725,25,3,2026-03-19,1013.917081,213.8578,216834.08,USD,2026-03-19T18:30:00
1726,26,1,2026-03-19,648.529625,20.7359,13447.85,USD,2026-03-19T18:30:00
1727,26,2,2026-03-19,281.636232,36.1992,10195.01,USD,2026-03-19T18:30:00
1728,26,3,2026-03-19,608.325527,37.1638,22607.69,USD,2026-03-19T18:30:00
1729,27,1,2026-03-19,92.94027,58.9701,5480.7,USD,2026-03-19T18:30:00
1730,27,2,2026-03-19,684.439072,208.9931,143043.04,USD,2026-03-19T18:30:00
1731,27,3,2026-03-19,817.219514,27.1344,22174.76,USD,2026-03-19T18:30:00
1732,28,1,2026-03-19,511.770396,77.9403,39887.54,USD,2026-03-19T18:30:00
1733,28,2,2026-03-19,29.633522,155.672,4613.11,USD,2026-03-19T18:30:00
1734,28,3,2026-03-19,432.344335,244.0237,105502.26,USD,2026-03-19T18:30:00
1735,29,1,2026-03-19,1076.870671,99.9317,107613.52,USD,2026-03-19T18:30:00
1736,29,2,2026-03-19,1130.975461,80.5751,91128.46,USD,2026-03-19T18:30:00
1737,29,3,2026-03-19,37.388886,98.3925,3678.79,USD,2026-03-19T18:30:00
1738,30,1,2026-03-19,349.04716,46.0152,16061.47,USD,2026-03-19T18:30:00
1739,30,2,2026-03-19,709.472922,35.4957,25183.24,USD,2026-03-19T18:30:00
1740,30,3,2026-03-19,253.775577,85.1454,21607.82,USD,2026-03-19T18:30:00
1741,31,1,2026-03-19,858.921565,188.0904,161554.9,USD,2026-03-19T18:30:00
1742,31,2,2026-03-19,940.160578,181.0817,170245.88,USD,2026-03-19T18:30:00
1743,31,3,2026-03-19,1127.927803,100.9215,113832.17,USD,2026-03-19T18:30:00
1744,32,1,2026-03-19,699.223495,167.6942,117255.72,USD,2026-03-19T18:30:00
1745,32,2,2026-03-19,180.089623,193.0268,34762.12,USD,2026-03-19T18:30:00
1746,32,3,2026-03-19,779.054493,239.243,186383.33,USD,2026-03-19T18:30:00
1747,33,1,2026-03-19,1150.350201,248.1567,285467.11,USD,2026-03-19T18:30:00
1748,33,2,2026-03-19,678.482862,249.4751,169264.58,USD,2026-03-19T18:30:00
1749,33,3,2026-03-19,756.38925,186.1483,140800.57,USD,2026-03-19T18:30:00
1750,34,1,2026-03-19,646.760861,39.0982,25287.19,USD,2026-03-19T18:30:00
1751,34,2,2026-03-19,1054.175525,201.5693,212489.42,USD,2026-03-19T18:30:00
1752,34,3,2026-03-19,728.522412,168.2075,122542.93,USD,2026-03-19T18:30:00
1753,35,1,2026-03-19,624.403198,86.0654,53739.51,USD,2026-03-19T18:30:00
1754,35,2,2026-03-19,234.028314,148.0585,34649.88,USD,2026-03-19T18:30:00
1755,35,3,2026-03-19,1093.283426,88.8843,97175.73,USD,2026-03-19T18:30:00
1756,36,1,2026-03-19,958.807144,244.5939,234518.38,USD,2026-03-19T18:30:00
1757,36,2,2026-03-19,277.068843,85.5559,23704.87,USD,2026-03-19T18:30:00
1758,36,3,2026-03-19,1166.876222,176.3376,205764.15,USD,2026-03-19T18:30:00
1759,37,1,2026-03-19,534.008983,239.8261,128069.29,USD,2026-03-19T18:30:00
1760,37,2,2026-03-19,491.910976,29.1256,14327.2,USD,2026-03-19T18:30:00
1761,37,3,2026-03-19,672.548555,28.3465,19064.4,USD,2026-03-19T18:30:00
1762,38,1,2026-03-19,434.756395,126.1971,54865.0,USD,2026-03-19T18:30:00
1763,38,2,2026-03-19,276.419802,198.713,54928.21,USD,2026-03-19T18:30:00
1764,38,3,2026-03-19,275.715964,208.6771,57535.61,USD,2026-03-19T18:30:00
1765,39,1,2026-03-19,1184.093965,232.1721,274913.58,USD,2026-03-19T18:30:00
1766,39,2,2026-03-19,293.932716,228.2238,67082.44,USD,2026-03-19T18:30:00
1767,39,3,2026-03-19,808.926152,169.8166,137369.09,USD,2026-03-19T18:30:00
1768,40,1,2026-03-19,726.654797,201.0054,146061.54,USD,2026-03-19T18:30:00
1769,40,2,2026-03-19,409.886163,38.3114,15703.31,USD,2026-03-19T18:30:00
1770,40,3,2026-03-19,490.203349,131.2062,64317.72,USD,2026-03-19T18:30:00
1771,41,1,2026-03-19,178.07829,128.6081,22902.31,USD,2026-03-19T18:30:00
1772,41,2,2026-03-19,1057.72949,57.545,60867.04,USD,2026-03-19T18:30:00
1773,41,3,2026-03-19,215.898852,118.9766,25686.91,USD,2026-03-19T18:30:00
1774,42,1,2026-03-19,200.125132,110.4701,22107.84,USD,2026-03-19T18:30:00
1775,42,2,2026-03-19,918.611469,180.7316,166022.12,USD,2026-03-19T18:30:00
1776,42,3,2026-03-19,563.832322,34.2389,19305.0,USD,2026-03-19T18:30:00
1777,43,1,2026-03-19,1043.350554,210.1261,219235.18,USD,2026-03-19T18:30:00
1778,43,2,2026-03-19,28.717756,50.0646,1437.74,USD,2026-03-19T18:30:00
1779,43,3,2026-03-19,87.617649,133.5753,11703.55,USD,2026-03-19T18:30:00
1780,44,1,2026-03-19,635.171618,103.1474,65516.3,USD,2026-03-19T18:30:00
1781,44,2,2026-03-19,506.830424,40.5887,20571.59,USD,2026-03-19T18:30:00
1782,44,3,2026-03-19,836.314439,67.9444,56822.88,USD,2026-03-19T18:30:00
1783,45,1,2026-03-19,352.07027,90.834,31979.95,USD,2026-03-19T18:30:00
1784,45,2,2026-03-19,989.658701,90.7937,89854.78,USD,2026-03-19T18:30:00
1785,45,3,2026-03-19,730.508929,35.8652,26199.85,USD,2026-03-19T18:30:00
1786,46,1,2026-03-19,866.615501,27.7006,24005.77,USD,2026-03-19T18:30:00
1787,46,2,2026-03-19,1104.868451,237.9806,262937.26,USD,2026-03-19T18:30:00
1788,46,3,2026-03-19,1092.80907,161.3997,176379.06,USD,2026-03-19T18:30:00
1789,47,1,2026-03-19,888.836975,114.5656,101830.14,USD,2026-03-19T18:30:00
1790,47,2,2026-03-19,909.192078,178.0273,161861.01,USD,2026-03-19T18:30:00
1791,47,3,2026-03-19,880.131762,183.6898,161671.23,USD,2026-03-19T18:30:00
1792,48,1,2026-03-19,707.469758,206.8255,146322.79,USD,2026-03-19T18:30:00
1793,48,2,2026-03-19,611.248783,46.5415,28448.44,USD,2026-03-19T18:30:00
1794,48,3,2026-03-19,9.340494,152.3316,1422.85,USD,2026-03-19T18:30:00
1795,49,1,2026-03-19,808.688509,118.8465,96109.8,USD,2026-03-19T18:30:00
1796,49,2,2026-03-19,384.524251,52.4133,20154.18,USD,2026-03-19T18:30:00
1797,49,3,2026-03-19,867.039823,77.0319,66789.72,USD,2026-03-19T18:30:00
1798,50,1,2026-03-19,927.607585,65.7433,60983.98,USD,2026-03-19T18:30:00
1799,50,2,2026-03-19,591.95216,21.5891,12779.71,USD,2026-03-19T18:30:00
1800,50,3,2026-03-19,621.21317,136.0465,84513.88,USD,2026-03-19T18:30:00
1801,1,1,2026-03-26,609.873469,232.7305,141936.16,USD,2026-03-26T18:30:00
1802,1,2,2026-03-26,342.30864,102.1763,34975.83,USD,2026-03-26T18:30:00
1803,1,3,2026-03-26,908.760257,238.8433,217051.3,USD,2026-03-26T18:30:00
1804,2,1,2026-03-26,50.321315,236.8126,11916.72,USD,2026-03-26T18:30:00
1805,2,2,2026-03-26,1058.860999,185.4364,196351.37,USD,2026-03-26T18:30:00
1806,2,3,2026-03-26,516.645183,76.7815,39668.79,USD,2026-03-26T18:30:00
1807,3,1,2026-03-26,1055.500492,85.4482,90190.62,USD,2026-03-26T18:30:00
1808,3,2,2026-03-26,416.814738,49.7422,20733.28,USD,2026-03-26T18:30:00
1809,3,3,2026-03-26,345.411795,126.7926,43795.66,USD,2026-03-26T18:30:00
1810,4,1,2026-03-26,268.360036,50.637,13588.95,USD,2026-03-26T18:30:00
1811,4,2,2026-03-26,1127.045854,72.263,81443.71,USD,2026-03-26T18:30:00
1812,4,3,2026-03-26,727.40422,35.4687,25800.08,USD,2026-03-26T18:30:00
1813,5,1,2026-03-26,278.009504,76.8709,21370.84,USD,2026-03-26T18:30:00
1814,5,2,2026-03-26,115.171214,142.5192,16414.11,USD,2026-03-26T18:30:00
1815,5,3,2026-03-26,610.437805,50.5246,30842.13,USD,2026-03-26T18:30:00
1816,6,1,2026-03-26,718.069848,19.5388,14030.22,USD,2026-03-26T18:30:00
1817,6,2,2026-03-26,1068.773322,139.0998,148666.16,USD,2026-03-26T18:30:00
1818,6,3,2026-03-26,234.159198,127.2078,29786.88,USD,2026-03-26T18:30:00
1819,7,1,2026-03-26,986.87785,98.6897,97394.68,USD,2026-03-26T18:30:00
1820,7,2,2026-03-26,338.205027,237.4911,80320.68,USD,2026-03-26T18:30:00
1821,7,3,2026-03-26,511.803073,116.7579,59757.05,USD,2026-03-26T18:30:00
1822,8,1,2026-03-26,151.414444,118.9239,18006.8,USD,2026-03-26T18:30:00
1823,8,2,2026-03-26,1101.594232,181.9002,200380.21,USD,2026-03-26T18:30:00
1824,8,3,2026-03-26,1103.020404,38.7857,42781.42,USD,2026-03-26T18:30:00
1825,9,1,2026-03-26,1066.655708,128.3813,136938.65,USD,2026-03-26T18:30:00
1826,9,2,2026-03-26,104.236596,42.8363,4465.11,USD,2026-03-26T18:30:00
1827,9,3,2026-03-26,334.143839,170.4917,56968.75,USD,2026-03-26T18:30:00
1828,10,1,2026-03-26,1162.127489,202.8739,235765.34,USD,2026-03-26T18:30:00
1829,10,2,2026-03-26,893.133042,63.386,56612.13,USD,2026-03-26T18:30:00
1830,10,3,2026-03-26,89.220396,47.6145,4248.18,USD,2026-03-26T18:30:00
1831,11,1,2026-03-26,402.404597,118.8314,47818.3,USD,2026-03-26T18:30:00
1832,11,2,2026-03-26,882.626094,171.2996,151193.5,USD,2026-03-26T18:30:00
1833,11,3,2026-03-26,88.906205,175.105,15567.92,USD,2026-03-26T18:30:00
1834,12,1,2026-03-26,1070.727011,19.2056,20563.95,USD,2026-03-26T18:30:00
1835,12,2,2026-03-26,120.526564,179.2249,21601.36,USD,2026-03-26T18:30:00
1836,12,3,2026-03-26,625.556162,55.6957,34840.79,USD,2026-03-26T18:30:00
1837,13,1,2026-03-26,669.804344,211.0324,141350.42,USD,2026-03-26T18:30:00
1838,13,2,2026-03-26,751.296956,237.8038,178661.27,USD,2026-03-26T18:30:00
1839,13,3,2026-03-26,752.742058,69.0193,51953.73,USD,2026-03-26T18:30:00
1840,14,1,2026-03-26,703.612048,219.3076,154307.47,USD,2026-03-26T18:30:00
1841,14,2,2026-03-26,264.251462,56.9628,15052.5,USD,2026-03-26T18:30:00
1842,14,3,2026-03-26,564.138491,126.2817,71240.37,USD,2026-03-26T18:30:00
1843,15,1,2026-03-26,224.525828,129.2143,29011.95,USD,2026-03-26T18:30:00
1844,15,2,2026-03-26,158.150314,162.3455,25674.99,USD,2026-03-26T18:30:00
1845,15,3,2026-03-26,106.45405,133.9135,14255.63,USD,2026-03-26T18:30:00
1846,16,1,2026-03-26,867.940322,61.4054,53296.22,USD,2026-03-26T18:30:00
1847,16,2,2026-03-26,521.182538,127.7659,66589.36,USD,2026-03-26T18:30:00
1848,16,3,2026-03-26,733.460625,180.3977,132314.61,USD,2026-03-26T18:30:00
1849,17,1,2026-03-26,46.575276,175.1156,8156.06,USD,2026-03-26T18:30:00
1850,17,2,2026-03-26,736.053867,161.4463,118833.17,USD,2026-03-26T18:30:00
1851,17,3,2026-03-26,281.658944,93.6889,26388.32,USD,2026-03-26T18:30:00
1852,18,1,2026-03-26,636.553365,239.0405,152162.03,USD,2026-03-26T18:30:00
1853,18,2,2026-03-26,1053.46758,211.766,223088.62,USD,2026-03-26T18:30:00
1854,18,3,2026-03-26,1050.046888,170.3142,178837.9,USD,2026-03-26T18:30:00
1855,19,1,2026-03-26,588.266371,161.2066,94832.42,USD,2026-03-26T18:30:00
1856,19,2,2026-03-26,717.410529,140.4192,100738.21,USD,2026-03-26T18:30:00
1857,19,3,2026-03-26,354.500664,62.5433,22171.64,USD,2026-03-26T18:30:00
1858,20,1,2026-03-26,1155.502741,225.2364,260261.28,USD,2026-03-26T18:30:00
1859,20,2,2026-03-26,916.723942,110.7026,101483.72,USD,2026-03-26T18:30:00
1860,20,3,2026-03-26,536.607495,69.3751,37227.2,USD,2026-03-26T18:30:00
1861,21,1,2026-03-26,509.838341,52.2867,26657.76,USD,2026-03-26T18:30:00
1862,21,2,2026-03-26,1147.578633,168.5471,193421.05,USD,2026-03-26T18:30:00
1863,21,3,2026-03-26,417.094291,105.5414,44020.72,USD,2026-03-26T18:30:00
1864,22,1,2026-03-26,153.669439,221.7211,34071.76,USD,2026-03-26T18:30:00
1865,22,2,2026-03-26,1008.144994,217.3622,219132.61,USD,2026-03-26T18:30:00
1866,22,3,2026-03-26,721.27055,174.9333,126174.24,USD,2026-03-26T18:30:00
1867,23,1,2026-03-26,34.755057,74.3017,2582.36,USD,2026-03-26T18:30:00
1868,23,2,2026-03-26,258.127408,214.2372,55300.49,USD,2026-03-26T18:30:00
1869,23,3,2026-03-26,490.806985,144.9418,71138.45,USD,2026-03-26T18:30:00
1870,24,1,2026-03-26,387.830421,171.9974,66705.82,USD,2026-03-26T18:30:00
1871,24,2,2026-03-26,493.474901,204.1673,100751.44,USD,2026-03-26T18:30:00
1872,24,3,2026-03-26,510.239137,72.5679,37026.98,USD,2026-03-26T18:30:00
1873,25,1,2026-03-26,65.560039,126.5213,8294.74,USD,2026-03-26T18:30:00
1874,25,2,2026-03-26,262.737835,162.7039,42748.47,USD,2026-03-26T18:30:00
1875,25,3,2026-03-26,54.754242,117.4327,6429.94,USD,2026-03-26T18:30:00
1876,26,1,2026-03-26,265.572055,220.1493,58465.5,USD,2026-03-26T18:30:00
1877,26,2,2026-03-26,643.215718,197.0925,126772.99,USD,2026-03-26T18:30:00
1878,26,3,2026-03-26,132.378745,242.3814,32086.15,USD,2026-03-26T18:30:00
1879,27,1,2026-03-26,732.90168,41.0117,30057.54,USD,2026-03-26T18:30:00
1880,27,2,2026-03-26,647.720772,238.0669,154200.88,USD,2026-03-26T18:30:00
1881,27,3,2026-03-26,25.341232,101.0052,2559.6,USD,2026-03-26T18:30:00
1882,28,1,2026-03-26,936.520231,89.9891,84276.61,USD,2026-03-26T18:30:00
1883,28,2,2026-03-26,423.240761,193.8431,82042.3,USD,2026-03-26T18:30:00
1884,28,3,2026-03-26,76.157737,21.8117,1661.13,USD,2026-03-26T18:30:00
1885,29,1,2026-03-26,252.556071,138.5134,34982.4,USD,2026-03-26T18:30:00
1886,29,2,2026-03-26,1182.260756,211.1558,249641.22,USD,2026-03-26T18:30:00
1887,29,3,2026-03-26,474.631547,182.2769,86514.37,USD,2026-03-26T18:30:00
1888,30,1,2026-03-26,348.224981,48.737,16971.44,USD,2026-03-26T18:30:00
1889,30,2,2026-03-26,448.655939,109.2149,48999.91,USD,2026-03-26T18:30:00
1890,30,3,2026-03-26,663.541404,69.6889,46241.47,USD,2026-03-26T18:30:00
1891,31,1,2026-03-26,16.369066,212.9157,3485.23,USD,2026-03-26T18:30:00
1892,31,2,2026-03-26,906.146174,136.3733,123574.14,USD,2026-03-26T18:30:00
1893,31,3,2026-03-26,601.799185,199.9224,120313.14,USD,2026-03-26T18:30:00
1894,32,1,2026-03-26,50.742201,77.9415,3954.92,USD,2026-03-26T18:30:00
1895,32,2,2026-03-26,29.093235,161.5733,4700.69,USD,2026-03-26T18:30:00
1896,32,3,2026-03-26,825.684037,18.1067,14950.41,USD,2026-03-26T18:30:00
1897,33,1,2026-03-26,899.898471,205.119,184586.27,USD,2026-03-26T18:30:00
1898,33,2,2026-03-26,453.428084,106.1802,48145.08,USD,2026-03-26T18:30:00
1899,33,3,2026-03-26,981.955064,220.3892,216412.29,USD,2026-03-26T18:30:00
1900,34,1,2026-03-26,1034.380434,28.3665,29341.75,USD,2026-03-26T18:30:00
1901,34,2,2026-03-26,605.411596,178.8374,108270.24,USD,2026-03-26T18:30:00
1902,34,3,2026-03-26,879.166598,14.837,13044.19,USD,2026-03-26T18:30:00
1903,35,1,2026-03-26,891.182379,140.0075,124772.22,USD,2026-03-26T18:30:00
1904,35,2,2026-03-26,1102.769478,32.9336,36318.17,USD,2026-03-26T18:30:00
1905,35,3,2026-03-26,705.83495,103.8697,73314.86,USD,2026-03-26T18:30:00
1906,36,1,2026-03-26,997.766059,216.2327,215749.65,USD,2026-03-26T18:30:00
1907,36,2,2026-03-26,941.726109,112.0366,105507.79,USD,2026-03-26T18:30:00
1908,36,3,2026-03-26,892.180029,82.517,73620.02,USD,2026-03-26T18:30:00
1909,37,1,2026-03-26,550.686767,33.923,18680.95,USD,2026-03-26T18:30:00
1910,37,2,2026-03-26,1163.114867,148.2883,172476.33,USD,2026-03-26T18:30:00
1911,37,3,2026-03-26,451.89687,113.0883,51104.25,USD,2026-03-26T18:30:00
1912,38,1,2026-03-26,266.703549,107.5194,28675.81,USD,2026-03-26T18:30:00
1913,38,2,2026-03-26,334.26948,78.2615,26160.43,USD,2026-03-26T18:30:00
1914,38,3,2026-03-26,843.455355,131.5824,110983.88,USD,2026-03-26T18:30:00
1915,39,1,2026-03-26,458.890003,248.3569,113968.5,USD,2026-03-26T18:30:00
1916,39,2,2026-03-26,873.068944,238.3498,208095.81,USD,2026-03-26T18:30:00
1917,39,3,2026-03-26,915.24046,181.4989,166115.14,USD,2026-03-26T18:30:00
1918,40,1,2026-03-26,542.724424,148.6911,80698.29,USD,2026-03-26T18:30:00
1919,40,2,2026-03-26,29.870245,195.0894,5827.37,USD,2026-03-26T18:30:00
1920,40,3,2026-03-26,536.502344,124.4335,66758.86,USD,2026-03-26T18:30:00
1921,41,1,2026-03-26,130.738142,84.5464,11053.44,USD,2026-03-26T18:30:00
1922,41,2,2026-03-26,172.525511,161.1793,27807.54,USD,2026-03-26T18:30:00
1923,41,3,2026-03-26,100.361449,144.6125,14513.52,USD,2026-03-26T18:30:00
1924,42,1,2026-03-26,249.218183,236.1024,58841.01,USD,2026-03-26T18:30:00
1925,42,2,2026-03-26,712.091439,30.1333,21457.66,USD,2026-03-26T18:30:00
1926,42,3,2026-03-26,483.834087,211.1369,102155.23,USD,2026-03-26T18:30:00
1927,43,1,2026-03-26,628.086803,211.516,132850.41,USD,2026-03-26T18:30:00
1928,43,2,2026-03-26,912.697919,24.1439,22036.09,USD,2026-03-26T18:30:00
1929,43,3,2026-03-26,592.10129,108.8461,64447.92,USD,2026-03-26T18:30:00
1930,44,1,2026-03-26,888.613355,210.2376,186819.94,USD,2026-03-26T18:30:00
1931,44,2,2026-03-26,43.811652,175.3594,7682.79,USD,2026-03-26T18:30:00
1932,44,3,2026-03-26,718.476108,219.1427,157448.79,USD,2026-03-26T18:30:00
1933,45,1,2026-03-26,321.773875,60.2138,19375.23,USD,2026-03-26T18:30:00
1934,45,2,2026-03-26,674.891396,127.2945,85909.96,USD,2026-03-26T18:30:00
1935,45,3,2026-03-26,599.77856,240.2741,144111.25,USD,2026-03-26T18:30:00
1936,46,1,2026-03-26,282.887205,120.7293,34152.77,USD,2026-03-26T18:30:00
1937,46,2,2026-03-26,579.5956,143.1537,82971.25,USD,2026-03-26T18:30:00
1938,46,3,2026-03-26,887.62199,185.9366,165041.41,USD,2026-03-26T18:30:00
1939,47,1,2026-03-26,1105.47647,112.1685,123999.64,USD,2026-03-26T18:30:00
1940,47,2,2026-03-26,93.005333,40.5478,3771.16,USD,2026-03-26T18:30:00
1941,47,3,2026-03-26,16.349424,134.7854,2203.66,USD,2026-03-26T18:30:00
1942,48,1,2026-03-26,145.773225,57.3682,8362.75,USD,2026-03-26T18:30:00
1943,48,2,2026-03-26,1043.699008,37.2795,38908.58,USD,2026-03-26T18:30:00
1944,48,3,2026-03-26,1062.6034,128.8443,136910.39,USD,2026-03-26T18:30:00
1945,49,1,2026-03-26,751.397894,135.9014,102116.03,USD,2026-03-26T18:30:00
1946,49,2,2026-03-26,167.838467,219.8116,36892.84,USD,2026-03-26T18:30:00
1947,49,3,2026-03-26,501.776812,12.222,6132.72,USD,2026-03-26T18:30:00
1948,50,1,2026-03-26,141.099934,248.9786,35130.86,USD,2026-03-26T18:30:00
1949,50,2,2026-03-26,863.931593,221.2543,191148.58,USD,2026-03-26T18:30:00
1950,50,3,2026-03-26,325.329159,87.3727,28424.89,USD,2026-03-26T18:30:00
